Workbook

Sheet Estrutura Salarial
B2: Estrutura Salarial Nodetech
G5: Desempenho Inicial | K5: Ideal | L5: Alto Desempenho
B6: Cargo | C6: Área | D6: Média Nodetech | E6: Referência Pesquisa | F6: Grade | G6: 0.8 | H6: 0.85 | I6: 0.9 | J6: 0.95 | K6: 1 | L6: 1.05 | M6: 1.1 | N6: 1.15 | O6: 1.2
B7: Técnico Infraestrutura | C7: DEV | E7: 2220.51 | F7: 10 | G7: =IFERROR((K7*$G$6)," ") -> 1852.8 | H7: =IFERROR((K7*$H$6)," ") -> 1968.6 | I7: =IFERROR((K7*$I$6)," ") -> 2084.4 | J7: =IFERROR((K7*$J$6)," ") -> 2200.2 | K7: =VLOOKUP(F7,'Tabela Salarial'!$B:$G,6,0) -> 2316 | L7: =IFERROR((K7*$L$6)," ") -> 2431.8 | M7: =IFERROR((K7*$M$6)," ") -> 2547.6 | N7: =IFERROR((K7*$N$6)," ") -> 2663.4 | O7: =IFERROR((K7*$O$6)," ") -> 2779.2
B8: Analista Infraestrutura Jr | C8: DEV | E8: 2644.46 | F8: 12 | G8: =IFERROR((K8*$G$6)," ") -> 2603.648 | H8: =IFERROR((K8*$H$6)," ") -> 2766.376 | I8: =IFERROR((K8*$I$6)," ") -> 2929.104 | J8: =IFERROR((K8*$J$6)," ") -> 3091.832 | K8: =VLOOKUP(F8,'Tabela Salarial'!$B:$G,6,0) -> 3254.56 | L8: =IFERROR((K8*$L$6)," ") -> 3417.288 | M8: =IFERROR((K8*$M$6)," ") -> 3580.016 | N8: =IFERROR((K8*$N$6)," ") -> 3742.744 | O8: =IFERROR((K8*$O$6)," ") -> 3905.472
B9: Desenvolvedor Jr | C9: DEV | D9: R$ 2.489,18 | E9: 3379.04 | F9: 13 | G9: =IFERROR((K9*$G$6)," ") -> 3230.952 | H9: =IFERROR((K9*$H$6)," ") -> 3432.8865 | I9: =IFERROR((K9*$I$6)," ") -> 3634.821 | J9: =IFERROR((K9*$J$6)," ") -> 3836.7555 | K9: =VLOOKUP(F9,'Tabela Salarial'!$B:$G,6,0) -> 4038.69 | L9: =IFERROR((K9*$L$6)," ") -> 4240.6245 | M9: =IFERROR((K9*$M$6)," ") -> 4442.559 | N9: =IFERROR((K9*$N$6)," ") -> 4644.4935 | O9: =IFERROR((K9*$O$6)," ") -> 4846.428
B10: Analista Requisitos Jr | C10: DEV | D10: R$ 2.859,19 | E10: 3618.72 | F10: 13 | G10: =IFERROR((K10*$G$6)," ") -> 3230.952 | H10: =IFERROR((K10*$H$6)," ") -> 3432.8865 | I10: =IFERROR((K10*$I$6)," ") -> 3634.821 | J10: =IFERROR((K10*$J$6)," ") -> 3836.7555 | K10: =VLOOKUP(F10,'Tabela Salarial'!$B:$G,6,0) -> 4038.69 | L10: =IFERROR((K10*$L$6)," ") -> 4240.6245 | M10: =IFERROR((K10*$M$6)," ") -> 4442.559 | N10: =IFERROR((K10*$N$6)," ") -> 4644.4935 | O10: =IFERROR((K10*$O$6)," ") -> 4846.428
B11: Analista Infraestrutura Pl | C11: DEV | E11: 4178.94 | F11: 13 | G11: =IFERROR((K11*$G$6)," ") -> 3230.952 | H11: =IFERROR((K11*$H$6)," ") -> 3432.8865 | I11: =IFERROR((K11*$I$6)," ") -> 3634.821 | J11: =IFERROR((K11*$J$6)," ") -> 3836.7555 | K11: =VLOOKUP(F11,'Tabela Salarial'!$B:$G,6,0) -> 4038.69 | L11: =IFERROR((K11*$L$6)," ") -> 4240.6245 | M11: =IFERROR((K11*$M$6)," ") -> 4442.559 | N11: =IFERROR((K11*$N$6)," ") -> 4644.4935 | O11: =IFERROR((K11*$O$6)," ") -> 4846.428
B12: Desenvolvedor Pl | C12: DEV | D12: R$ 4.305,60 | E12: 5342.35 | F12: 14 | G12: =IFERROR((K12*$G$6)," ") -> 3973.504 | H12: =IFERROR((K12*$H$6)," ") -> 4221.848 | I12: =IFERROR((K12*$I$6)," ") -> 4470.192 | J12: =IFERROR((K12*$J$6)," ") -> 4718.536 | K12: =VLOOKUP(F12,'Tabela Salarial'!$B:$G,6,0) -> 4966.88 | L12: =IFERROR((K12*$L$6)," ") -> 5215.224 | M12: =IFERROR((K12*$M$6)," ") -> 5463.568 | N12: =IFERROR((K12*$N$6)," ") -> 5711.912 | O12: =IFERROR((K12*$O$6)," ") -> 5960.256
B13: Analista Requisitos Pl | C13: DEV | E13: 4465.27 | F13: 14 | G13: =IFERROR((K13*$G$6)," ") -> 3973.504 | H13: =IFERROR((K13*$H$6)," ") -> 4221.848 | I13: =IFERROR((K13*$I$6)," ") -> 4470.192 | J13: =IFERROR((K13*$J$6)," ") -> 4718.536 | K13: =VLOOKUP(F13,'Tabela Salarial'!$B:$G,6,0) -> 4966.88 | L13: =IFERROR((K13*$L$6)," ") -> 5215.224 | M13: =IFERROR((K13*$M$6)," ") -> 5463.568 | N13: =IFERROR((K13*$N$6)," ") -> 5711.912 | O13: =IFERROR((K13*$O$6)," ") -> 5960.256
B14: Analista Infraestrutura Sr | C14: DEV | E14: 5574.65 | F14: 14 | G14: =IFERROR((K14*$G$6)," ") -> 3973.504 | H14: =IFERROR((K14*$H$6)," ") -> 4221.848 | I14: =IFERROR((K14*$I$6)," ") -> 4470.192 | J14: =IFERROR((K14*$J$6)," ") -> 4718.536 | K14: =VLOOKUP(F14,'Tabela Salarial'!$B:$G,6,0) -> 4966.88 | L14: =IFERROR((K14*$L$6)," ") -> 5215.224 | M14: =IFERROR((K14*$M$6)," ") -> 5463.568 | N14: =IFERROR((K14*$N$6)," ") -> 5711.912 | O14: =IFERROR((K14*$O$6)," ") -> 5960.256
B15: Desenvolvedor Sr | C15: DEV | D15: R$ 6.458,40 | E15: 7999.87 | F15: 15 | G15: =IFERROR((K15*$G$6)," ") -> 4791.8 | H15: =IFERROR((K15*$H$6)," ") -> 5091.2875 | I15: =IFERROR((K15*$I$6)," ") -> 5390.775 | J15: =IFERROR((K15*$J$6)," ") -> 5690.2625 | K15: =VLOOKUP(F15,'Tabela Salarial'!$B:$G,6,0) -> 5989.75 | L15: =IFERROR((K15*$L$6)," ") -> 6289.2375 | M15: =IFERROR((K15*$M$6)," ") -> 6588.725 | N15: =IFERROR((K15*$N$6)," ") -> 6888.2125 | O15: =IFERROR((K15*$O$6)," ") -> 7187.7
B16: Analista Requisitos Sr | C16: DEV | E16: 7264.21 | F16: 15 | G16: =IFERROR((K16*$G$6)," ") -> 4791.8 | H16: =IFERROR((K16*$H$6)," ") -> 5091.2875 | I16: =IFERROR((K16*$I$6)," ") -> 5390.775 | J16: =IFERROR((K16*$J$6)," ") -> 5690.2625 | K16: =VLOOKUP(F16,'Tabela Salarial'!$B:$G,6,0) -> 5989.75 | L16: =IFERROR((K16*$L$6)," ") -> 6289.2375 | M16: =IFERROR((K16*$M$6)," ") -> 6588.725 | N16: =IFERROR((K16*$N$6)," ") -> 6888.2125 | O16: =IFERROR((K16*$O$6)," ") -> 7187.7
B17: Líder Técnico | C17: DEV | D17: R$ 8.611,20 | E17: 8929.22 | F17: 18 | G17: =IFERROR((K17*$G$6)," ") -> 7306.112 | H17: =IFERROR((K17*$H$6)," ") -> 7762.744 | I17: =IFERROR((K17*$I$6)," ") -> 8219.376 | J17: =IFERROR((K17*$J$6)," ") -> 8676.008 | K17: =VLOOKUP(F17,'Tabela Salarial'!$B:$G,6,0) -> 9132.64 | L17: =IFERROR((K17*$L$6)," ") -> 9589.272 | M17: =IFERROR((K17*$M$6)," ") -> 10045.904 | N17: =IFERROR((K17*$N$6)," ") -> 10502.536 | O17: =IFERROR((K17*$O$6)," ") -> 10959.168

Sheet Tabela Salarial
B2: Tabela Salarial Amplitude Horizontal (no mesmo Nível): 50%
B4: Grades
C5: 0.8 | D5: 0.85 | E5: 0.9 | F5: 0.95 | G5: 1 | H5: 1.05 | I5: 1.1 | J5: 1.15 | K5: 1.2
B6: 10 | C6: =ROUND(G6*$C$5,2) -> 1852.8 | D6: =G6*$D$5 -> 1968.6 | E6: =G6*$E$5 -> 2084.4 | F6: =G6*$F$5 -> 2200.2 | G6: 2316 | H6: =G6*$H$5 -> 2431.8 | I6: =G6*$I$5 -> 2547.6 | J6: =G6*$J$5 -> 2663.4 | K6: =G6*$K$5 -> 2779.2
B7: 11 | C7: =ROUND(G7*$C$5,2) -> 2131.1 | D7: =G7*$D$5 -> 2264.2895 | E7: =G7*$E$5 -> 2397.483 | F7: =G7*$F$5 -> 2530.6765 | G7: 2663.87 | H7: =G7*$H$5 -> 2797.0635 | I7: =G7*$I$5 -> 2930.257 | J7: =G7*$J$5 -> 3063.4505 | K7: =G7*$K$5 -> 3196.644
B8: 12 | C8: =ROUND(G8*$C$5,2) -> 2603.65 | D8: =G8*$D$5 -> 2766.376 | E8: =G8*$E$5 -> 2929.104 | F8: =G8*$F$5 -> 3091.832 | G8: 3254.56 | H8: =G8*$H$5 -> 3417.288 | I8: =G8*$I$5 -> 3580.016 | J8: =G8*$J$5 -> 3742.744 | K8: =G8*$K$5 -> 3905.472
B9: 13 | C9: =ROUND(G9*$C$5,2) -> 3230.95 | D9: =G9*$D$5 -> 3432.8865 | E9: =G9*$E$5 -> 3634.821 | F9: =G9*$F$5 -> 3836.7555 | G9: 4038.69 | H9: =G9*$H$5 -> 4240.6245 | I9: =G9*$I$5 -> 4442.559 | J9: =G9*$J$5 -> 4644.4935 | K9: =G9*$K$5 -> 4846.428
B10: 14 | C10: =ROUND(G10*$C$5,2) -> 3973.5 | D10: =G10*$D$5 -> 4221.848 | E10: =G10*$E$5 -> 4470.192 | F10: =G10*$F$5 -> 4718.536 | G10: 4966.88 | H10: =G10*$H$5 -> 5215.224 | I10: =G10*$I$5 -> 5463.568 | J10: =G10*$J$5 -> 5711.912 | K10: =G10*$K$5 -> 5960.256
B11: 15 | C11: =ROUND(G11*$C$5,2) -> 4791.8 | D11: =G11*$D$5 -> 5091.2875 | E11: =G11*$E$5 -> 5390.775 | F11: =G11*$F$5 -> 5690.2625 | G11: 5989.75 | H11: =G11*$H$5 -> 6289.2375 | I11: =G11*$I$5 -> 6588.725 | J11: =G11*$J$5 -> 6888.2125 | K11: =G11*$K$5 -> 7187.7
B12: 16 | C12: =ROUND(G12*$C$5,2) -> 5646.34 | D12: =G12*$D$5 -> 5999.232 | E12: =G12*$E$5 -> 6352.128 | F12: =G12*$F$5 -> 6705.024 | G12: 7057.92 | H12: =G12*$H$5 -> 7410.816 | I12: =G12*$I$5 -> 7763.712 | J12: =G12*$J$5 -> 8116.608 | K12: =G12*$K$5 -> 8469.504
B13: 17 | C13: =ROUND(G13*$C$5,2) -> 6497.61 | D13: =G13*$D$5 -> 6903.7085 | E13: =G13*$E$5 -> 7309.809 | F13: =G13*$F$5 -> 7715.9095 | G13: 8122.01 | H13: =G13*$H$5 -> 8528.1105 | I13: =G13*$I$5 -> 8934.211 | J13: =G13*$J$5 -> 9340.3115 | K13: =G13*$K$5 -> 9746.412
B14: 18 | C14: =ROUND(G14*$C$5,2) -> 7306.11 | D14: =G14*$D$5 -> 7762.744 | E14: =G14*$E$5 -> 8219.376 | F14: =G14*$F$5 -> 8676.008 | G14: 9132.64 | H14: =G14*$H$5 -> 9589.272 | I14: =G14*$I$5 -> 10045.904 | J14: =G14*$J$5 -> 10502.536 | K14: =G14*$K$5 -> 10959.168

Sheet Estudo Comparativo
K2: Impacto Financeiro Unidade: | M2: Todas
L4: Necessário para Mín.
L5: =IF(M2="Todas",SUM('Previsão Custo Enquadramento'!L:L),SUMIFS('Previsão Custo Enquadramento'!L:L,'Previsão Custo Enquadramento'!D:D,$M$2)) -> 17804.23 | M5: =IF(M2="Todas",SUM('Previsão Custo Enquadramento'!L:L)/SUM('Previsão Custo Enquadramento'!H:H),SUMIFS('Previsão Custo Enquadramento'!L:L,'Previsão Custo Enquadramento'!D:D,$M$2)/SUM('Previsão Custo Enquadramento'!H:H)) -> 0.16792401
B6: ='Cargos da Estrutura_Cálculo'!H5/'Cargos da Estrutura_Cálculo'!H3 -> 0.45454545
L7: Movimento Todos para 100% da Tabela
I8: Estratégico: Líderes; Tático: Desenvolvedores Sr; Operacional: Demais Cargos; | L8: =IF(M2="Todas",SUM('Previsão Custo Enquadramento'!P:P),SUMIFS('Previsão Custo Enquadramento'!P:P,'Previsão Custo Enquadramento'!D:D,$M$2)) -> 41825.57 | M8: =IF(M2="Todas",SUM('Previsão Custo Enquadramento'!P:P)/SUM('Previsão Custo Enquadramento'!H:H),SUMIFS('Previsão Custo Enquadramento'!P:P,'Previsão Custo Enquadramento'!D:D,$M$2)/SUM('Previsão Custo Enquadramento'!H:H)) -> 0.39448587
C10: ="Total:"&" "&'Cargos da Estrutura_Cálculo'!H3 -> Total: 11 | L10: Excedente acima Max.
L11: =IF(M2="Todas",-SUMIF('Previsão Custo Enquadramento'!M:M,">120%",'Previsão Custo Enquadramento'!Q:Q),-SUMIFS('Previsão Custo Enquadramento'!Q:Q,'Previsão Custo Enquadramento'!M:M,">120%",'Previsão Custo Enquadramento'!D:D,$M$2)) -> 0 | M11: =L11/SUM('Previsão Custo Enquadramento'!H:H) -> 0
E12: Ranking
E14: Áreas com maior impacto:
E15: • DEV
B16: ='Cargos da Estrutura_Cálculo'!G31/('Cargos da Estrutura_Cálculo'!G31+'Cargos da Estrutura_Cálculo'!G32) -> 0.75757576 | H16: ='Cargos da Estrutura_Cálculo'!G24/('Cargos da Estrutura_Cálculo'!G24+'Cargos da Estrutura_Cálculo'!G25) -> 0.75757576
B18: ="de "&('Cargos da Estrutura_Cálculo'!G31+'Cargos da Estrutura_Cálculo'!G32)&" funcionários" -> de 33 funcionários | C18: ='Cargos da Estrutura_Cálculo'!G29 -> DEV | E18: Áreas com menor impacto: | H18: ="de "&('Cargos da Estrutura_Cálculo'!G24+'Cargos da Estrutura_Cálculo'!G25)&" funcionários" -> de 33 funcionários
E19: •
C21: ="Total para Enquadramento:"&" "&FIXED('Cargos da Estrutura_Cálculo'!G34,2) -> Total para Enquadramento: 17,804.23

Sheet Previsão Custo Enquadramento
A1: Cod do funcionário | B1: Cargo Atual | C1: Cargo Estrutura Salarial | D1: Área | E1: Nível Organizacional | F1: Tipo de Contratação | G1: Carga Horária | H1: Salário | I1: Grade Tabela | J1: Tabela - Inicial Faixa | K1: Dif Tabela | L1: Dif Enquadramento Tabela | M1: Posicionamento na Tabela | N1: Tabela - 100% | O1: Dif 100% | P1: Todos 100% | Q1: Atual - Máximo
A2: 15 | B2: Engenheiro de Software Full Stack | C2: Desenvolvedor Sr | D2: DEV | E2: Tático | F2: CLT | G2: 160 | H2: 6458.4 | I2: =VLOOKUP(C2,'Estrutura Salarial'!B:F,5,0) -> 15 | J2: =IFERROR(VLOOKUP(I2,'Tabela Salarial'!B:C,2,0),"") -> 4791.8 | K2: =J2-H2 -> -1666.6 | L2: =IF(K2<0,0,if(K2>0,K2,if(K2=0,0,""))) -> 0 | M2: =H2/(VLOOKUP(I2,'Tabela Salarial'!B:G,6,0)) -> 1.078242 | N2: =IFERROR(VLOOKUP(I2,'Tabela Salarial'!B:G,6,0),"") -> 5989.75 | O2: =N2-H2 -> -468.65 | P2: =IF(O2<0,0,if(O2>0,O2,if(O2=0,0,""))) -> 0 | Q2: =(VLOOKUP(I2,'Tabela Salarial'!B:K,10,0))-H2 -> 729.3
A3: 50 | B3: Engenheiro de Software Full Stack | C3: Desenvolvedor Sr | D3: DEV | E3: Tático | F3: CLT | G3: 160 | H3: 6458.4 | I3: =VLOOKUP(C3,'Estrutura Salarial'!B:F,5,0) -> 15 | J3: =IFERROR(VLOOKUP(I3,'Tabela Salarial'!B:C,2,0),"") -> 4791.8 | K3: =J3-H3 -> -1666.6 | L3: =IF(K3<0,0,if(K3>0,K3,if(K3=0,0,""))) -> 0 | M3: =H3/(VLOOKUP(I3,'Tabela Salarial'!B:G,6,0)) -> 1.078242 | N3: =IFERROR(VLOOKUP(I3,'Tabela Salarial'!B:G,6,0),"") -> 5989.75 | O3: =N3-H3 -> -468.65 | P3: =IF(O3<0,0,if(O3>0,O3,if(O3=0,0,""))) -> 0 | Q3: =(VLOOKUP(I3,'Tabela Salarial'!B:K,10,0))-H3 -> 729.3
A4: 14 | B4: Engenheiro de Software Full Stack | C4: Desenvolvedor Pl | D4: DEV | E4: Operacional | F4: CLT | G4: 160 | H4: 4305.6 | I4: =VLOOKUP(C4,'Estrutura Salarial'!B:F,5,0) -> 14 | J4: =IFERROR(VLOOKUP(I4,'Tabela Salarial'!B:C,2,0),"") -> 3973.5 | K4: =J4-H4 -> -332.1 | L4: =IF(K4<0,0,if(K4>0,K4,if(K4=0,0,""))) -> 0 | M4: =H4/(VLOOKUP(I4,'Tabela Salarial'!B:G,6,0)) -> 0.86686209 | N4: =IFERROR(VLOOKUP(I4,'Tabela Salarial'!B:G,6,0),"") -> 4966.88 | O4: =N4-H4 -> 661.28 | P4: =IF(O4<0,0,if(O4>0,O4,if(O4=0,0,""))) -> 661.28 | Q4: =(VLOOKUP(I4,'Tabela Salarial'!B:K,10,0))-H4 -> 1654.656
A5: 42 | B5: Engenheiro de Software Full Stack | C5: Desenvolvedor Pl | D5: DEV | E5: Operacional | F5: CLT | G5: 160 | H5: 4305.6 | I5: =VLOOKUP(C5,'Estrutura Salarial'!B:F,5,0) -> 14 | J5: =IFERROR(VLOOKUP(I5,'Tabela Salarial'!B:C,2,0),"") -> 3973.5 | K5: =J5-H5 -> -332.1 | L5: =IF(K5<0,0,if(K5>0,K5,if(K5=0,0,""))) -> 0 | M5: =H5/(VLOOKUP(I5,'Tabela Salarial'!B:G,6,0)) -> 0.86686209 | N5: =IFERROR(VLOOKUP(I5,'Tabela Salarial'!B:G,6,0),"") -> 4966.88 | O5: =N5-H5 -> 661.28 | P5: =IF(O5<0,0,if(O5>0,O5,if(O5=0,0,""))) -> 661.28 | Q5: =(VLOOKUP(I5,'Tabela Salarial'!B:K,10,0))-H5 -> 1654.656
A6: 36 | B6: Engenheiro de Software Full Stack | C6: Desenvolvedor Pl | D6: DEV | E6: Operacional | F6: CLT | G6: 160 | H6: 4305.6 | I6: =VLOOKUP(C6,'Estrutura Salarial'!B:F,5,0) -> 14 | J6: =IFERROR(VLOOKUP(I6,'Tabela Salarial'!B:C,2,0),"") -> 3973.5 | K6: =J6-H6 -> -332.1 | L6: =IF(K6<0,0,if(K6>0,K6,if(K6=0,0,""))) -> 0 | M6: =H6/(VLOOKUP(I6,'Tabela Salarial'!B:G,6,0)) -> 0.86686209 | N6: =IFERROR(VLOOKUP(I6,'Tabela Salarial'!B:G,6,0),"") -> 4966.88 | O6: =N6-H6 -> 661.28 | P6: =IF(O6<0,0,if(O6>0,O6,if(O6=0,0,""))) -> 661.28 | Q6: =(VLOOKUP(I6,'Tabela Salarial'!B:K,10,0))-H6 -> 1654.656
A7: 37 | B7: Engenheiro de Software Full Stack | C7: Desenvolvedor Pl | D7: DEV | E7: Operacional | F7: CLT | G7: 160 | H7: 4305.6 | I7: =VLOOKUP(C7,'Estrutura Salarial'!B:F,5,0) -> 14 | J7: =IFERROR(VLOOKUP(I7,'Tabela Salarial'!B:C,2,0),"") -> 3973.5 | K7: =J7-H7 -> -332.1 | L7: =IF(K7<0,0,if(K7>0,K7,if(K7=0,0,""))) -> 0 | M7: =H7/(VLOOKUP(I7,'Tabela Salarial'!B:G,6,0)) -> 0.86686209 | N7: =IFERROR(VLOOKUP(I7,'Tabela Salarial'!B:G,6,0),"") -> 4966.88 | O7: =N7-H7 -> 661.28 | P7: =IF(O7<0,0,if(O7>0,O7,if(O7=0,0,""))) -> 661.28 | Q7: =(VLOOKUP(I7,'Tabela Salarial'!B:K,10,0))-H7 -> 1654.656
A8: 38 | B8: Engenheiro de Software Full Stack | C8: Desenvolvedor Pl | D8: DEV | E8: Operacional | F8: CLT | G8: 160 | H8: 4305.6 | I8: =VLOOKUP(C8,'Estrutura Salarial'!B:F,5,0) -> 14 | J8: =IFERROR(VLOOKUP(I8,'Tabela Salarial'!B:C,2,0),"") -> 3973.5 | K8: =J8-H8 -> -332.1 | L8: =IF(K8<0,0,if(K8>0,K8,if(K8=0,0,""))) -> 0 | M8: =H8/(VLOOKUP(I8,'Tabela Salarial'!B:G,6,0)) -> 0.86686209 | N8: =IFERROR(VLOOKUP(I8,'Tabela Salarial'!B:G,6,0),"") -> 4966.88 | O8: =N8-H8 -> 661.28 | P8: =IF(O8<0,0,if(O8>0,O8,if(O8=0,0,""))) -> 661.28 | Q8: =(VLOOKUP(I8,'Tabela Salarial'!B:K,10,0))-H8 -> 1654.656
A9: 20 | B9: Engenheiro de Software Full Stack | C9: Desenvolvedor Jr | D9: DEV | E9: Operacional | F9: CLT | G9: 160 | H9: 2489.18 | I9: =VLOOKUP(C9,'Estrutura Salarial'!B:F,5,0) -> 13 | J9: =IFERROR(VLOOKUP(I9,'Tabela Salarial'!B:C,2,0),"") -> 3230.95 | K9: =J9-H9 -> 741.77 | L9: =IF(K9<0,0,if(K9>0,K9,if(K9=0,0,""))) -> 741.77 | M9: =H9/(VLOOKUP(I9,'Tabela Salarial'!B:G,6,0)) -> 0.61633351 | N9: =IFERROR(VLOOKUP(I9,'Tabela Salarial'!B:G,6,0),"") -> 4038.69 | O9: =N9-H9 -> 1549.51 | P9: =IF(O9<0,0,if(O9>0,O9,if(O9=0,0,""))) -> 1549.51 | Q9: =(VLOOKUP(I9,'Tabela Salarial'!B:K,10,0))-H9 -> 2357.248
A10: 54 | B10: Engenheiro de Software Full Stack | C10: Desenvolvedor Jr | D10: DEV | E10: Operacional | F10: CLT | G10: 160 | H10: 2489.18 | I10: =VLOOKUP(C10,'Estrutura Salarial'!B:F,5,0) -> 13 | J10: =IFERROR(VLOOKUP(I10,'Tabela Salarial'!B:C,2,0),"") -> 3230.95 | K10: =J10-H10 -> 741.77 | L10: =IF(K10<0,0,if(K10>0,K10,if(K10=0,0,""))) -> 741.77 | M10: =H10/(VLOOKUP(I10,'Tabela Salarial'!B:G,6,0)) -> 0.61633351 | N10: =IFERROR(VLOOKUP(I10,'Tabela Salarial'!B:G,6,0),"") -> 4038.69 | O10: =N10-H10 -> 1549.51 | P10: =IF(O10<0,0,if(O10>0,O10,if(O10=0,0,""))) -> 1549.51 | Q10: =(VLOOKUP(I10,'Tabela Salarial'!B:K,10,0))-H10 -> 2357.248
A11: 8 | B11: Engenheiro de Software Full Stack | C11: Desenvolvedor Jr | D11: DEV | E11: Operacional | F11: CLT | G11: 160 | H11: 2489.18 | I11: =VLOOKUP(C11,'Estrutura Salarial'!B:F,5,0) -> 13 | J11: =IFERROR(VLOOKUP(I11,'Tabela Salarial'!B:C,2,0),"") -> 3230.95 | K11: =J11-H11 -> 741.77 | L11: =IF(K11<0,0,if(K11>0,K11,if(K11=0,0,""))) -> 741.77 | M11: =H11/(VLOOKUP(I11,'Tabela Salarial'!B:G,6,0)) -> 0.61633351 | N11: =IFERROR(VLOOKUP(I11,'Tabela Salarial'!B:G,6,0),"") -> 4038.69 | O11: =N11-H11 -> 1549.51 | P11: =IF(O11<0,0,if(O11>0,O11,if(O11=0,0,""))) -> 1549.51 | Q11: =(VLOOKUP(I11,'Tabela Salarial'!B:K,10,0))-H11 -> 2357.248
A12: 41 | B12: Engenheiro de Software Full Stack | C12: Desenvolvedor Jr | D12: DEV | E12: Operacional | F12: CLT | G12: 160 | H12: 2489.18 | I12: =VLOOKUP(C12,'Estrutura Salarial'!B:F,5,0) -> 13 | J12: =IFERROR(VLOOKUP(I12,'Tabela Salarial'!B:C,2,0),"") -> 3230.95 | K12: =J12-H12 -> 741.77 | L12: =IF(K12<0,0,if(K12>0,K12,if(K12=0,0,""))) -> 741.77 | M12: =H12/(VLOOKUP(I12,'Tabela Salarial'!B:G,6,0)) -> 0.61633351 | N12: =IFERROR(VLOOKUP(I12,'Tabela Salarial'!B:G,6,0),"") -> 4038.69 | O12: =N12-H12 -> 1549.51 | P12: =IF(O12<0,0,if(O12>0,O12,if(O12=0,0,""))) -> 1549.51 | Q12: =(VLOOKUP(I12,'Tabela Salarial'!B:K,10,0))-H12 -> 2357.248
A13: 46 | B13: Engenheiro de Software Full Stack | C13: Desenvolvedor Jr | D13: DEV | E13: Operacional | F13: CLT | G13: 160 | H13: 2489.18 | I13: =VLOOKUP(C13,'Estrutura Salarial'!B:F,5,0) -> 13 | J13: =IFERROR(VLOOKUP(I13,'Tabela Salarial'!B:C,2,0),"") -> 3230.95 | K13: =J13-H13 -> 741.77 | L13: =IF(K13<0,0,if(K13>0,K13,if(K13=0,0,""))) -> 741.77 | M13: =H13/(VLOOKUP(I13,'Tabela Salarial'!B:G,6,0)) -> 0.61633351 | N13: =IFERROR(VLOOKUP(I13,'Tabela Salarial'!B:G,6,0),"") -> 4038.69 | O13: =N13-H13 -> 1549.51 | P13: =IF(O13<0,0,if(O13>0,O13,if(O13=0,0,""))) -> 1549.51 | Q13: =(VLOOKUP(I13,'Tabela Salarial'!B:K,10,0))-H13 -> 2357.248
... A34: 3 | B34: Lider | C34: Líder Técnico | D34: DEV | E34: Estratégico | F34: CLT | G34: 160 | H34: 8611.2 | I34: =VLOOKUP(C34,'Estrutura Salarial'!B:F,5,0) -> 18 | J34: =IFERROR(VLOOKUP(I34,'Tabela Salarial'!B:C,2,0),"") -> 7306.11 | K34: =J34-H34 -> -1305.09 | L34: =IF(K34<0,0,if(K34>0,K34,if(K34=0,0,""))) -> 0 | M34: =H34/(VLOOKUP(I34,'Tabela Salarial'!B:G,6,0)) -> 0.94290369 | N34: =IFERROR(VLOOKUP(I34,'Tabela Salarial'!B:G,6,0),"") -> 9132.64 | O34: =N34-H34 -> 521.44 | P34: =IF(O34<0,0,if(O34>0,O34,if(O34=0,0,""))) -> 521.44 | Q34: =(VLOOKUP(I34,'Tabela Salarial'!B:K,10,0))-H34 -> 2347.968

Sheet Cargos da Estrutura_Cálculo
B2: Lista de cargos da estrutura
B3: Cargo | C3: Área | D3: Nº de Colaboradores | F3: Dados de Ocupação de Cargos | G3: Nº Total de Cargos | H3: =IF('Estudo Comparativo'!M2="Todas",COUNTA(B4:B88),COUNTIF(C4:C88,'Estudo Comparativo'!M2)) -> 11
B4: Desenvolvedor Jr | C4: DEV | D4: =COUNTIF('Previsão Custo Enquadramento'!C:C,B4) -> 23
B5: Desenvolvedor Pl | C5: DEV | D5: =COUNTIF('Previsão Custo Enquadramento'!C:C,B5) -> 5 | G5: Cargos com ocupantes | H5: =IF('Estudo Comparativo'!M2="Todas",COUNTIF(D4:D88,">0"),COUNTIFS(C4:C88,'Estudo Comparativo'!M2,D4:D88,">0")) -> 5
B6: Desenvolvedor Sr | C6: DEV | D6: =COUNTIF('Previsão Custo Enquadramento'!C:C,B6) -> 2
B7: Analista Requisitos Jr | C7: DEV | D7: =COUNTIF('Previsão Custo Enquadramento'!C:C,B7) -> 2 | G7: Cargos sem ocupantes | H7: =IF('Estudo Comparativo'!M2="Todas",COUNTIF(D4:D88,"=0"),COUNTIFS(C4:C88,'Estudo Comparativo'!M2,D4:D88,"=0")) -> 6
B8: Analista Requisitos Pl | C8: DEV | D8: =COUNTIF('Previsão Custo Enquadramento'!C:C,B8) -> 0
B9: Analista Requisitos Sr | C9: DEV | D9: =COUNTIF('Previsão Custo Enquadramento'!C:C,B9) -> 0
B10: Líder Técnico | C10: DEV | D10: =COUNTIF('Previsão Custo Enquadramento'!C:C,B10) -> 1 | G10: Abaixo do Mínimo | H10: Entre Mínimo e 100% | I10: Entre 100% e Máximo | J10: Acima do Máximo
B11: Técnico Infraestrutura | C11: DEV | D11: =COUNTIF('Previsão Custo Enquadramento'!C:C,B11) -> 0 | F11: Operacional | G11: =IF('Estudo Comparativo'!M2="Todas",COUNTIFS('Previsão Custo Enquadramento'!E:E,"Operacional",'Previsão Custo Enquadramento'!M:M,"<80%")/COUNTIF('Previsão Custo Enquadramento'!E:E,"Operacional"),COUNTIFS('Previsão Custo Enquadramento'!E:E,"Operacional",'Previsão Custo Enquadramento'!M:M,"<80%",'Previsão Custo Enquadramento'!D:D,'Estudo Comparativo'!M2)/COUNTIFS('Previsão Custo Enquadramento'!E:E,"Operacional",'Previsão Custo Enquadramento'!D:D,'Estudo Comparativo'!M2)) -> 0.83333333 | H11: =IF('Estudo Comparativo'!M2="Todas",COUNTIFS('Previsão Custo Enquadramento'!E:E,"Operacional",'Previsão Custo Enquadramento'!M:M,">=80%",'Previsão Custo Enquadramento'!M:M,"<100%")/COUNTIF('Previsão Custo Enquadramento'!E:E,"Operacional"),COUNTIFS('Previsão Custo Enquadramento'!E:E,"Operacional",'Previsão Custo Enquadramento'!M:M,">=80%",'Previsão Custo Enquadramento'!M:M,"<100%",'Previsão Custo Enquadramento'!D:D,'Estudo Comparativo'!M2)/COUNTIFS('Previsão Custo Enquadramento'!E:E,"Operacional",'Previsão Custo Enquadramento'!D:D,'Estudo Comparativo'!M2)) -> 0.16666667 | I11: =IF('Estudo Comparativo'!M2="Todas",COUNTIFS('Previsão Custo Enquadramento'!E:E,"Operacional",'Previsão Custo Enquadramento'!M:M,">=100%",'Previsão Custo Enquadramento'!M:M,"<=120%")/COUNTIF('Previsão Custo Enquadramento'!E:E,"Operacional"),COUNTIFS('Previsão Custo Enquadramento'!E:E,"Operacional",'Previsão Custo Enquadramento'!M:M,">=100%",'Previsão Custo Enquadramento'!M:M,"<=120%",'Previsão Custo Enquadramento'!D:D,'Estudo Comparativo'!M2)/COUNTIFS('Previsão Custo Enquadramento'!E:E,"Operacional",'Previsão Custo Enquadramento'!D:D,'Estudo Comparativo'!M2)) -> 0 | J11: =IF('Estudo Comparativo'!M2="Todas",COUNTIFS('Previsão Custo Enquadramento'!E:E,"Operacional",'Previsão Custo Enquadramento'!M:M,">120%")/COUNTIF('Previsão Custo Enquadramento'!E:E,"Operacional"),COUNTIFS('Previsão Custo Enquadramento'!E:E,"Operacional",'Previsão Custo Enquadramento'!M:M,">120%",'Previsão Custo Enquadramento'!D:D,'Estudo Comparativo'!M2)/COUNTIFS('Previsão Custo Enquadramento'!E:E,"Operacional",'Previsão Custo Enquadramento'!D:D,'Estudo Comparativo'!M2)) -> 0
B12: Analista Infraestrutura Jr | C12: DEV | D12: =COUNTIF('Previsão Custo Enquadramento'!C:C,B12) -> 0 | F12: Tático | G12: =IF('Estudo Comparativo'!M2="Todas",COUNTIFS('Previsão Custo Enquadramento'!E:E,"Tático",'Previsão Custo Enquadramento'!M:M,"<80%")/COUNTIF('Previsão Custo Enquadramento'!E:E,"Tático"),COUNTIFS('Previsão Custo Enquadramento'!E:E,"Tático",'Previsão Custo Enquadramento'!M:M,"<80%",'Previsão Custo Enquadramento'!D:D,'Estudo Comparativo'!M2)/COUNTIFS('Previsão Custo Enquadramento'!E:E,"Tático",'Previsão Custo Enquadramento'!D:D,'Estudo Comparativo'!M2)) -> 0 | H12: =IF('Estudo Comparativo'!M2="Todas",COUNTIFS('Previsão Custo Enquadramento'!E:E,"Tático",'Previsão Custo Enquadramento'!M:M,">=80%",'Previsão Custo Enquadramento'!M:M,"<100%")/COUNTIF('Previsão Custo Enquadramento'!E:E,"Tático"),COUNTIFS('Previsão Custo Enquadramento'!E:E,"Tático",'Previsão Custo Enquadramento'!M:M,">=80%",'Previsão Custo Enquadramento'!M:M,"<100%",'Previsão Custo Enquadramento'!D:D,'Estudo Comparativo'!M2)/COUNTIFS('Previsão Custo Enquadramento'!E:E,"Tático",'Previsão Custo Enquadramento'!D:D,'Estudo Comparativo'!M2)) -> 0 | I12: =IF('Estudo Comparativo'!M2="Todas",COUNTIFS('Previsão Custo Enquadramento'!E:E,"Tático",'Previsão Custo Enquadramento'!M:M,">=100%",'Previsão Custo Enquadramento'!M:M,"<=120%")/COUNTIF('Previsão Custo Enquadramento'!E:E,"Tático"),COUNTIFS('Previsão Custo Enquadramento'!E:E,"Tático",'Previsão Custo Enquadramento'!M:M,">=100%",'Previsão Custo Enquadramento'!M:M,"<=120%",'Previsão Custo Enquadramento'!D:D,'Estudo Comparativo'!M2)/COUNTIFS('Previsão Custo Enquadramento'!E:E,"Tático",'Previsão Custo Enquadramento'!D:D,'Estudo Comparativo'!M2)) -> 1 | J12: =IF('Estudo Comparativo'!M2="Todas",COUNTIFS('Previsão Custo Enquadramento'!E:E,"Tático",'Previsão Custo Enquadramento'!M:M,">120%")/COUNTIF('Previsão Custo Enquadramento'!E:E,"Tático"),COUNTIFS('Previsão Custo Enquadramento'!E:E,"Tático",'Previsão Custo Enquadramento'!M:M,">120%",'Previsão Custo Enquadramento'!D:D,'Estudo Comparativo'!M2)/COUNTIFS('Previsão Custo Enquadramento'!E:E,"Tático",'Previsão Custo Enquadramento'!D:D,'Estudo Comparativo'!M2)) -> 0
B13: Analista Infraestrutura Pl | C13: DEV | D13: =COUNTIF('Previsão Custo Enquadramento'!C:C,B13) -> 0 | F13: Estratégico | G13: =IF('Estudo Comparativo'!M2="Todas",COUNTIFS('Previsão Custo Enquadramento'!E:E,"Estratégico",'Previsão Custo Enquadramento'!M:M,"<80%")/COUNTIF('Previsão Custo Enquadramento'!E:E,"Estratégico"),COUNTIFS('Previsão Custo Enquadramento'!E:E,"Estratégico",'Previsão Custo Enquadramento'!M:M,"<80%",'Previsão Custo Enquadramento'!D:D,'Estudo Comparativo'!M2)/COUNTIFS('Previsão Custo Enquadramento'!E:E,"Estratégico",'Previsão Custo Enquadramento'!D:D,'Estudo Comparativo'!M2)) -> 0 | H13: =IF('Estudo Comparativo'!M2="Todas",COUNTIFS('Previsão Custo Enquadramento'!E:E,"Estratégico",'Previsão Custo Enquadramento'!M:M,">=80%",'Previsão Custo Enquadramento'!M:M,"<100%")/COUNTIF('Previsão Custo Enquadramento'!E:E,"Estratégico"),COUNTIFS('Previsão Custo Enquadramento'!E:E,"Estratégico",'Previsão Custo Enquadramento'!M:M,">=80%",'Previsão Custo Enquadramento'!M:M,"<100%",'Previsão Custo Enquadramento'!D:D,'Estudo Comparativo'!M2)/COUNTIFS('Previsão Custo Enquadramento'!E:E,"Estratégico",'Previsão Custo Enquadramento'!D:D,'Estudo Comparativo'!M2)) -> 1 | I13: =IF('Estudo Comparativo'!M2="Todas",COUNTIFS('Previsão Custo Enquadramento'!E:E,"Estratégico",'Previsão Custo Enquadramento'!M:M,">=100%",'Previsão Custo Enquadramento'!M:M,"<=120%")/COUNTIF('Previsão Custo Enquadramento'!E:E,"Estratégico"),COUNTIFS('Previsão Custo Enquadramento'!E:E,"Estratégico",'Previsão Custo Enquadramento'!M:M,">=100%",'Previsão Custo Enquadramento'!M:M,"<=120%",'Previsão Custo Enquadramento'!D:D,'Estudo Comparativo'!M2)/COUNTIFS('Previsão Custo Enquadramento'!E:E,"Estratégico",'Previsão Custo Enquadramento'!D:D,'Estudo Comparativo'!M2)) -> 0 | J13: =IF('Estudo Comparativo'!M2="Todas",COUNTIFS('Previsão Custo Enquadramento'!E:E,"Estratégico",'Previsão Custo Enquadramento'!M:M,">120%")/COUNTIF('Previsão Custo Enquadramento'!E:E,"Estratégico"),COUNTIFS('Previsão Custo Enquadramento'!E:E,"Estratégico",'Previsão Custo Enquadramento'!M:M,">120%",'Previsão Custo Enquadramento'!D:D,'Estudo Comparativo'!M2)/COUNTIFS('Previsão Custo Enquadramento'!E:E,"Estratégico",'Previsão Custo Enquadramento'!D:D,'Estudo Comparativo'!M2)) -> 0
B14: Analista Infraestrutura Sr | C14: DEV | D14: =COUNTIF('Previsão Custo Enquadramento'!C:C,B14) -> 0 | F14: Todos | G14: =IF('Estudo Comparativo'!M2="Todas",COUNTIF('Previsão Custo Enquadramento'!M:M,"<80%")/count('Previsão Custo Enquadramento'!M2:M336),COUNTIFS('Previsão Custo Enquadramento'!M:M,"<80%",'Previsão Custo Enquadramento'!D:D,'Estudo Comparativo'!M2)/COUNTIF('Previsão Custo Enquadramento'!D:D,'Estudo Comparativo'!M2)) -> 0.75757576 | H14: =IF('Estudo Comparativo'!M2="Todas",COUNTIFS('Previsão Custo Enquadramento'!M:M,">=80%",'Previsão Custo Enquadramento'!M:M,"<100%")/count('Previsão Custo Enquadramento'!M2:M336),COUNTIFS('Previsão Custo Enquadramento'!M:M,">=80%",'Previsão Custo Enquadramento'!M:M,"<100%",'Previsão Custo Enquadramento'!D:D,'Estudo Comparativo'!M2)/COUNTIF('Previsão Custo Enquadramento'!D:D,'Estudo Comparativo'!M2)) -> 0.18181818 | I14: =IF('Estudo Comparativo'!M2="Todas",COUNTIFS('Previsão Custo Enquadramento'!M:M,">=100%",'Previsão Custo Enquadramento'!M:M,"<=120%")/count('Previsão Custo Enquadramento'!M2:M336),COUNTIFS('Previsão Custo Enquadramento'!M:M,">=100%",'Previsão Custo Enquadramento'!M:M,"<=120%",'Previsão Custo Enquadramento'!D:D,'Estudo Comparativo'!M2)/countif('Previsão Custo Enquadramento'!D:D,'Estudo Comparativo'!M2)) -> 0.060606061 | J14: =IF('Estudo Comparativo'!M2="Todas",COUNTIFS('Previsão Custo Enquadramento'!M:M,">120%")/count('Previsão Custo Enquadramento'!M2:M336),COUNTIFS('Previsão Custo Enquadramento'!M:M,">120%",'Previsão Custo Enquadramento'!D:D,'Estudo Comparativo'!M2)/countiF('Previsão Custo Enquadramento'!D:D,'Estudo Comparativo'!M2)) -> 0
G16: Abaixo da Estrutura Salarial | H16: Dentro da Estrutura Salarial | I16: Acima da Estrutura Salarial
F17: Operacional | G17: =IF('Estudo Comparativo'!M2="Todas",COUNTIFS('Previsão Custo Enquadramento'!E:E,"Operacional",'Previsão Custo Enquadramento'!M:M,"<80%")/COUNTIF('Previsão Custo Enquadramento'!E:E,"Operacional"),COUNTIFS('Previsão Custo Enquadramento'!E:E,"Operacional",'Previsão Custo Enquadramento'!M:M,"<80%",'Previsão Custo Enquadramento'!D:D,'Estudo Comparativo'!M2)/COUNTIFS('Previsão Custo Enquadramento'!E:E,"Operacional",'Previsão Custo Enquadramento'!D:D,'Estudo Comparativo'!M2)) -> 0.83333333 | H17: =IF('Estudo Comparativo'!M2="Todas",COUNTIFS('Previsão Custo Enquadramento'!E:E,"Operacional",'Previsão Custo Enquadramento'!M:M,">=80%",'Previsão Custo Enquadramento'!M:M,"<=120%")/COUNTIF('Previsão Custo Enquadramento'!E:E,"Operacional"),COUNTIFS('Previsão Custo Enquadramento'!E:E,"Operacional",'Previsão Custo Enquadramento'!M:M,">=80%",'Previsão Custo Enquadramento'!M:M,"<=120%",'Previsão Custo Enquadramento'!D:D,'Estudo Comparativo'!M2)/COUNTIFS('Previsão Custo Enquadramento'!E:E,"Operacional",'Previsão Custo Enquadramento'!D:D,'Estudo Comparativo'!M2)) -> 0.16666667 | I17: =IF('Estudo Comparativo'!M2="Todas",COUNTIFS('Previsão Custo Enquadramento'!E:E,"Operacional",'Previsão Custo Enquadramento'!M:M,">120%")/COUNTIF('Previsão Custo Enquadramento'!E:E,"Operacional"),COUNTIFS('Previsão Custo Enquadramento'!E:E,"Operacional",'Previsão Custo Enquadramento'!M:M,">120%",'Previsão Custo Enquadramento'!D:D,'Estudo Comparativo'!M2)/COUNTIFS('Previsão Custo Enquadramento'!E:E,"Operacional",'Previsão Custo Enquadramento'!D:D,'Estudo Comparativo'!M2)) -> 0
F18: Tático | G18: =IF('Estudo Comparativo'!M2="Todas",COUNTIFS('Previsão Custo Enquadramento'!E:E,"Tático",'Previsão Custo Enquadramento'!M:M,"<80%")/COUNTIF('Previsão Custo Enquadramento'!E:E,"Tático"),COUNTIFS('Previsão Custo Enquadramento'!E:E,"Tático",'Previsão Custo Enquadramento'!M:M,"<80%",'Previsão Custo Enquadramento'!D:D,'Estudo Comparativo'!M2)/COUNTIFS('Previsão Custo Enquadramento'!E:E,"Tático",'Previsão Custo Enquadramento'!D:D,'Estudo Comparativo'!M2)) -> 0 | H18: =IF('Estudo Comparativo'!M2="Todas",COUNTIFS('Previsão Custo Enquadramento'!E:E,"Tático",'Previsão Custo Enquadramento'!M:M,">=80%",'Previsão Custo Enquadramento'!M:M,"<=120%")/COUNTIF('Previsão Custo Enquadramento'!E:E,"Tático"),COUNTIFS('Previsão Custo Enquadramento'!E:E,"Tático",'Previsão Custo Enquadramento'!M:M,">=80%",'Previsão Custo Enquadramento'!M:M,"<=120%",'Previsão Custo Enquadramento'!D:D,'Estudo Comparativo'!M2)/COUNTIFS('Previsão Custo Enquadramento'!E:E,"Tático",'Previsão Custo Enquadramento'!D:D,'Estudo Comparativo'!M2)) -> 1 | I18: =IF('Estudo Comparativo'!M2="Todas",COUNTIFS('Previsão Custo Enquadramento'!E:E,"Tático",'Previsão Custo Enquadramento'!M:M,">120%")/COUNTIF('Previsão Custo Enquadramento'!E:E,"Tático"),COUNTIFS('Previsão Custo Enquadramento'!E:E,"Tático",'Previsão Custo Enquadramento'!M:M,">120%",'Previsão Custo Enquadramento'!D:D,'Estudo Comparativo'!M2)/COUNTIFS('Previsão Custo Enquadramento'!E:E,"Tático",'Previsão Custo Enquadramento'!D:D,'Estudo Comparativo'!M2)) -> 0
F19: Estratégico | G19: =IF('Estudo Comparativo'!M2="Todas",COUNTIFS('Previsão Custo Enquadramento'!E:E,"Estratégico",'Previsão Custo Enquadramento'!M:M,"<80%")/COUNTIF('Previsão Custo Enquadramento'!E:E,"Estratégico"),COUNTIFS('Previsão Custo Enquadramento'!E:E,"Estratégico",'Previsão Custo Enquadramento'!M:M,"<80%",'Previsão Custo Enquadramento'!D:D,'Estudo Comparativo'!M2)/COUNTIFS('Previsão Custo Enquadramento'!E:E,"Estratégico",'Previsão Custo Enquadramento'!D:D,'Estudo Comparativo'!M2)) -> 0 | H19: =IF('Estudo Comparativo'!M2="Todas",COUNTIFS('Previsão Custo Enquadramento'!E:E,"Estratégico",'Previsão Custo Enquadramento'!M:M,">=80%",'Previsão Custo Enquadramento'!M:M,"<=120%")/COUNTIF('Previsão Custo Enquadramento'!E:E,"Estratégico"),COUNTIFS('Previsão Custo Enquadramento'!E:E,"Estratégico",'Previsão Custo Enquadramento'!M:M,">=80%",'Previsão Custo Enquadramento'!M:M,"<=120%",'Previsão Custo Enquadramento'!D:D,'Estudo Comparativo'!M2)/COUNTIFS('Previsão Custo Enquadramento'!E:E,"Estratégico",'Previsão Custo Enquadramento'!D:D,'Estudo Comparativo'!M2)) -> 1 | I19: =IF('Estudo Comparativo'!M2="Todas",COUNTIFS('Previsão Custo Enquadramento'!E:E,"Estratégico",'Previsão Custo Enquadramento'!M:M,">120%")/COUNTIF('Previsão Custo Enquadramento'!E:E,"Estratégico"),COUNTIFS('Previsão Custo Enquadramento'!E:E,"Estratégico",'Previsão Custo Enquadramento'!M:M,">120%",'Previsão Custo Enquadramento'!D:D,'Estudo Comparativo'!M2)/COUNTIFS('Previsão Custo Enquadramento'!E:E,"Estratégico",'Previsão Custo Enquadramento'!D:D,'Estudo Comparativo'!M2)) -> 0
F20: Total | G20: =IF('Estudo Comparativo'!M2="Todas",COUNTIF('Previsão Custo Enquadramento'!M:M,"<80%")/count('Previsão Custo Enquadramento'!M2:M336),COUNTIFS('Previsão Custo Enquadramento'!M:M,"<80%",'Previsão Custo Enquadramento'!D:D,'Estudo Comparativo'!M2)/countIF('Previsão Custo Enquadramento'!D:D,'Estudo Comparativo'!M2)) -> 0.75757576 | H20: =IF('Estudo Comparativo'!M2="Todas",COUNTIFS('Previsão Custo Enquadramento'!M:M,">80%",'Previsão Custo Enquadramento'!M:M,"<=120%")/COUNT('Previsão Custo Enquadramento'!M2:M336),COUNTIFS('Previsão Custo Enquadramento'!M:M,">80%",'Previsão Custo Enquadramento'!M:M,"<=120%",'Previsão Custo Enquadramento'!D:D,'Estudo Comparativo'!M2)/COUNTIF('Previsão Custo Enquadramento'!D:D,'Estudo Comparativo'!M2)) -> 0.24242424 | I20: =IF('Estudo Comparativo'!M2="Todas",COUNTIF('Previsão Custo Enquadramento'!M:M,">120%")/COUNT('Previsão Custo Enquadramento'!M2:M336),COUNTIFS('Previsão Custo Enquadramento'!M:M,">120%",'Previsão Custo Enquadramento'!D:D,'Estudo Comparativo'!M2)/COUNTIF('Previsão Custo Enquadramento'!D:D,'Estudo Comparativo'!M2)) -> 0
G23: Número de Profissionais
F24: Enquadrar | G24: =IF('Estudo Comparativo'!M2="Todas",COUNTIF('Previsão Custo Enquadramento'!K:K,">0"),COUNTIFS('Previsão Custo Enquadramento'!K:K,">0",'Previsão Custo Enquadramento'!D:D,'Estudo Comparativo'!M2)) -> 25
F25: Dentro da Estrutura | G25: =IF('Estudo Comparativo'!M2="Todas",COUNTIF('Previsão Custo Enquadramento'!K:K,"<=0"),COUNTIFS('Previsão Custo Enquadramento'!K:K,"<=0",'Previsão Custo Enquadramento'!D:D,'Estudo Comparativo'!M2)) -> 8
G28: Red Flag | I28: Área | J28: Valor de Enquadramento
F29: Área de atenção | G29: DEV | I29: DEV | J29: =SUMIFS('Previsão Custo Enquadramento'!L:L,'Previsão Custo Enquadramento'!D:D,I29) -> 17804.23
I30: Todas
F31: Enquadrar | G31: =COUNTIFS('Previsão Custo Enquadramento'!K:K,">0",'Previsão Custo Enquadramento'!D:D,G29) -> 25
F32: Dentro da Estrutura | G32: =COUNTIFS('Previsão Custo Enquadramento'!K:K,"<=0",'Previsão Custo Enquadramento'!D:D,G29) -> 8
F34: Valor para 80% | G34: =SUMIFS('Previsão Custo Enquadramento'!L:L,'Previsão Custo Enquadramento'!D:D,G29) -> 17804.23
