Workbook

Sheet Estrutura Salarial
C2: Estrutura Salarial Lumis
G5: Desempenho Inicial | K5: Ideal | L5: Alto Desempenho
B6: Cargo | C6: Área | D6: Média Lumis CLT | E6: Referência Pesquisa CLT | F6: Grade | G6: 0.8 | H6: 0.85 | I6: 0.9 | J6: 0.95 | K6: 1 | L6: 1.05 | M6: 1.1 | N6: 1.15 | O6: 1.2
B7: Auxiliar Administrativo | C7: Administrativo | D7: 2254 | E7: 2309.71 | F7: 10 | G7: =IFERROR((K7*$G$6)," ") -> 1867.2 | H7: =IFERROR((K7*$H$6)," ") -> 1983.9 | I7: =IFERROR((K7*$I$6)," ") -> 2100.6 | J7: =IFERROR((K7*$J$6)," ") -> 2217.3 | K7: =VLOOKUP(F7,'Tabela Salarial_CLT'!$B:$G,6,0) -> 2334 | L7: =IFERROR((K7*$L$6)," ") -> 2450.7 | M7: =IFERROR((K7*$M$6)," ") -> 2567.4 | N7: =IFERROR((K7*$N$6)," ") -> 2684.1 | O7: =IFERROR((K7*$O$6)," ") -> 2800.8
B8: Auxiliar Atendimento | C8: Recepção | D8: 2560 | E8: 2052.94 | F8: 10 | G8: =IFERROR((K8*$G$6)," ") -> 1867.2 | H8: =IFERROR((K8*$H$6)," ") -> 1983.9 | I8: =IFERROR((K8*$I$6)," ") -> 2100.6 | J8: =IFERROR((K8*$J$6)," ") -> 2217.3 | K8: =VLOOKUP(F8,'Tabela Salarial_CLT'!$B:$G,6,0) -> 2334 | L8: =IFERROR((K8*$L$6)," ") -> 2450.7 | M8: =IFERROR((K8*$M$6)," ") -> 2567.4 | N8: =IFERROR((K8*$N$6)," ") -> 2684.1 | O8: =IFERROR((K8*$O$6)," ") -> 2800.8
B9: Assistente Administrativo | C9: Administrativo | D9: 3439.7 | E9: 2640.74 | F9: 11 | G9: =IFERROR((K9*$G$6)," ") -> 2191.112 | H9: =IFERROR((K9*$H$6)," ") -> 2328.0565 | I9: =IFERROR((K9*$I$6)," ") -> 2465.001 | J9: =IFERROR((K9*$J$6)," ") -> 2601.9455 | K9: =VLOOKUP(F9,'Tabela Salarial_CLT'!$B:$G,6,0) -> 2738.89 | L9: =IFERROR((K9*$L$6)," ") -> 2875.8345 | M9: =IFERROR((K9*$M$6)," ") -> 3012.779 | N9: =IFERROR((K9*$N$6)," ") -> 3149.7235 | O9: =IFERROR((K9*$O$6)," ") -> 3286.668
B10: Assistente Atendimento | C10: Recepção | E10: R$ 2.517,88 | F10: 11 | G10: =IFERROR((K10*$G$6)," ") -> 2191.112 | H10: =IFERROR((K10*$H$6)," ") -> 2328.0565 | I10: =IFERROR((K10*$I$6)," ") -> 2465.001 | J10: =IFERROR((K10*$J$6)," ") -> 2601.9455 | K10: =VLOOKUP(F10,'Tabela Salarial_CLT'!$B:$G,6,0) -> 2738.89 | L10: =IFERROR((K10*$L$6)," ") -> 2875.8345 | M10: =IFERROR((K10*$M$6)," ") -> 3012.779 | N10: =IFERROR((K10*$N$6)," ") -> 3149.7235 | O10: =IFERROR((K10*$O$6)," ") -> 3286.668
B11: Assistente Compras | C11: Suprimentos | E11: R$ 2.667,83 | F11: 11 | G11: =IFERROR((K11*$G$6)," ") -> 2191.112 | H11: =IFERROR((K11*$H$6)," ") -> 2328.0565 | I11: =IFERROR((K11*$I$6)," ") -> 2465.001 | J11: =IFERROR((K11*$J$6)," ") -> 2601.9455 | K11: =VLOOKUP(F11,'Tabela Salarial_CLT'!$B:$G,6,0) -> 2738.89 | L11: =IFERROR((K11*$L$6)," ") -> 2875.8345 | M11: =IFERROR((K11*$M$6)," ") -> 3012.779 | N11: =IFERROR((K11*$N$6)," ") -> 3149.7235 | O11: =IFERROR((K11*$O$6)," ") -> 3286.668
B12: Assistente Financeiro | C12: Financeiro | E12: R$ 2.665,28 | F12: 11 | G12: =IFERROR((K12*$G$6)," ") -> 2191.112 | H12: =IFERROR((K12*$H$6)," ") -> 2328.0565 | I12: =IFERROR((K12*$I$6)," ") -> 2465.001 | J12: =IFERROR((K12*$J$6)," ") -> 2601.9455 | K12: =VLOOKUP(F12,'Tabela Salarial_CLT'!$B:$G,6,0) -> 2738.89 | L12: =IFERROR((K12*$L$6)," ") -> 2875.8345 | M12: =IFERROR((K12*$M$6)," ") -> 3012.779 | N12: =IFERROR((K12*$N$6)," ") -> 3149.7235 | O12: =IFERROR((K12*$O$6)," ") -> 3286.668
B13: Assistente Financeiro Contas a Pagar | C13: Financeiro | D13: 3163.3333 | E13: 2665.28 | F13: 11 | G13: =IFERROR((K13*$G$6)," ") -> 2191.112 | H13: =IFERROR((K13*$H$6)," ") -> 2328.0565 | I13: =IFERROR((K13*$I$6)," ") -> 2465.001 | J13: =IFERROR((K13*$J$6)," ") -> 2601.9455 | K13: =VLOOKUP(F13,'Tabela Salarial_CLT'!$B:$G,6,0) -> 2738.89 | L13: =IFERROR((K13*$L$6)," ") -> 2875.8345 | M13: =IFERROR((K13*$M$6)," ") -> 3012.779 | N13: =IFERROR((K13*$N$6)," ") -> 3149.7235 | O13: =IFERROR((K13*$O$6)," ") -> 3286.668
B14: Assistente Marketing | C14: Marketing | D14: 2919 | E14: 2889.19 | F14: 11 | G14: =IFERROR((K14*$G$6)," ") -> 2191.112 | H14: =IFERROR((K14*$H$6)," ") -> 2328.0565 | I14: =IFERROR((K14*$I$6)," ") -> 2465.001 | J14: =IFERROR((K14*$J$6)," ") -> 2601.9455 | K14: =VLOOKUP(F14,'Tabela Salarial_CLT'!$B:$G,6,0) -> 2738.89 | L14: =IFERROR((K14*$L$6)," ") -> 2875.8345 | M14: =IFERROR((K14*$M$6)," ") -> 3012.779 | N14: =IFERROR((K14*$N$6)," ") -> 3149.7235 | O14: =IFERROR((K14*$O$6)," ") -> 3286.668
B15: Assistente TI | C15: Tecnologia da Informação | D15: 2919 | E15: 2413.7 | F15: 11 | G15: =IFERROR((K15*$G$6)," ") -> 2191.112 | H15: =IFERROR((K15*$H$6)," ") -> 2328.0565 | I15: =IFERROR((K15*$I$6)," ") -> 2465.001 | J15: =IFERROR((K15*$J$6)," ") -> 2601.9455 | K15: =VLOOKUP(F15,'Tabela Salarial_CLT'!$B:$G,6,0) -> 2738.89 | L15: =IFERROR((K15*$L$6)," ") -> 2875.8345 | M15: =IFERROR((K15*$M$6)," ") -> 3012.779 | N15: =IFERROR((K15*$N$6)," ") -> 3149.7235 | O15: =IFERROR((K15*$O$6)," ") -> 3286.668
B16: Auxiliar Engenharia | C16: Urbanismo | D16: 2560 | E16: 2721.37 | F16: 11 | G16: =IFERROR((K16*$G$6)," ") -> 2191.112 | H16: =IFERROR((K16*$H$6)," ") -> 2328.0565 | I16: =IFERROR((K16*$I$6)," ") -> 2465.001 | J16: =IFERROR((K16*$J$6)," ") -> 2601.9455 | K16: =VLOOKUP(F16,'Tabela Salarial_CLT'!$B:$G,6,0) -> 2738.89 | L16: =IFERROR((K16*$L$6)," ") -> 2875.8345 | M16: =IFERROR((K16*$M$6)," ") -> 3012.779 | N16: =IFERROR((K16*$N$6)," ") -> 3149.7235 | O16: =IFERROR((K16*$O$6)," ") -> 3286.668
B17: Almoxarife | C17: Edificação | D17: 3683 | E17: 3096.32 | F17: 12 | G17: =IFERROR((K17*$G$6)," ") -> 2593.856 | H17: =IFERROR((K17*$H$6)," ") -> 2755.972 | I17: =IFERROR((K17*$I$6)," ") -> 2918.088 | J17: =IFERROR((K17*$J$6)," ") -> 3080.204 | K17: =VLOOKUP(F17,'Tabela Salarial_CLT'!$B:$G,6,0) -> 3242.32 | L17: =IFERROR((K17*$L$6)," ") -> 3404.436 | M17: =IFERROR((K17*$M$6)," ") -> 3566.552 | N17: =IFERROR((K17*$N$6)," ") -> 3728.668 | O17: =IFERROR((K17*$O$6)," ") -> 3890.784
B18: Assistente Adm Legalização | C18: Legalização | D18: 3652 | E18: 3092.92 | F18: 12 | G18: =IFERROR((K18*$G$6)," ") -> 2593.856 | H18: =IFERROR((K18*$H$6)," ") -> 2755.972 | I18: =IFERROR((K18*$I$6)," ") -> 2918.088 | J18: =IFERROR((K18*$J$6)," ") -> 3080.204 | K18: =VLOOKUP(F18,'Tabela Salarial_CLT'!$B:$G,6,0) -> 3242.32 | L18: =IFERROR((K18*$L$6)," ") -> 3404.436 | M18: =IFERROR((K18*$M$6)," ") -> 3566.552 | N18: =IFERROR((K18*$N$6)," ") -> 3728.668 | O18: =IFERROR((K18*$O$6)," ") -> 3890.784
B19: Assistente Controladoria | C19: Controladoria | D19: 3652 | E19: 2766.4 | F19: 12 | G19: =IFERROR((K19*$G$6)," ") -> 2593.856 | H19: =IFERROR((K19*$H$6)," ") -> 2755.972 | I19: =IFERROR((K19*$I$6)," ") -> 2918.088 | J19: =IFERROR((K19*$J$6)," ") -> 3080.204 | K19: =VLOOKUP(F19,'Tabela Salarial_CLT'!$B:$G,6,0) -> 3242.32 | L19: =IFERROR((K19*$L$6)," ") -> 3404.436 | M19: =IFERROR((K19*$M$6)," ") -> 3566.552 | N19: =IFERROR((K19*$N$6)," ") -> 3728.668 | O19: =IFERROR((K19*$O$6)," ") -> 3890.784
B20: Assistente Recursos Humanos | C20: DHO | D20: 2919 | E20: 3087.62 | F20: 12 | G20: =IFERROR((K20*$G$6)," ") -> 2593.856 | H20: =IFERROR((K20*$H$6)," ") -> 2755.972 | I20: =IFERROR((K20*$I$6)," ") -> 2918.088 | J20: =IFERROR((K20*$J$6)," ") -> 3080.204 | K20: =VLOOKUP(F20,'Tabela Salarial_CLT'!$B:$G,6,0) -> 3242.32 | L20: =IFERROR((K20*$L$6)," ") -> 3404.436 | M20: =IFERROR((K20*$M$6)," ") -> 3566.552 | N20: =IFERROR((K20*$N$6)," ") -> 3728.668 | O20: =IFERROR((K20*$O$6)," ") -> 3890.784
B21: Analista Financeiro Captação Recursos Jr | C21: Financeiro | E21: 3493.97 | F21: 13 | G21: =IFERROR((K21*$G$6)," ") -> 3105.144 | H21: =IFERROR((K21*$H$6)," ") -> 3299.2155 | I21: =IFERROR((K21*$I$6)," ") -> 3493.287 | J21: =IFERROR((K21*$J$6)," ") -> 3687.3585 | K21: =VLOOKUP(F21,'Tabela Salarial_CLT'!$B:$G,6,0) -> 3881.43 | L21: =IFERROR((K21*$L$6)," ") -> 4075.5015 | M21: =IFERROR((K21*$M$6)," ") -> 4269.573 | N21: =IFERROR((K21*$N$6)," ") -> 4463.6445 | O21: =IFERROR((K21*$O$6)," ") -> 4657.716
B22: Analista Financeiro Comercial Jr | C22: Financeiro | E22: 3493.97 | F22: 13 | G22: =IFERROR((K22*$G$6)," ") -> 3105.144 | H22: =IFERROR((K22*$H$6)," ") -> 3299.2155 | I22: =IFERROR((K22*$I$6)," ") -> 3493.287 | J22: =IFERROR((K22*$J$6)," ") -> 3687.3585 | K22: =VLOOKUP(F22,'Tabela Salarial_CLT'!$B:$G,6,0) -> 3881.43 | L22: =IFERROR((K22*$L$6)," ") -> 4075.5015 | M22: =IFERROR((K22*$M$6)," ") -> 4269.573 | N22: =IFERROR((K22*$N$6)," ") -> 4463.6445 | O22: =IFERROR((K22*$O$6)," ") -> 4657.716
B23: Analista Financeiro Jr | C23: Financeiro | D23: 3993 | E23: 3493.97 | F23: 13 | G23: =IFERROR((K23*$G$6)," ") -> 3105.144 | H23: =IFERROR((K23*$H$6)," ") -> 3299.2155 | I23: =IFERROR((K23*$I$6)," ") -> 3493.287 | J23: =IFERROR((K23*$J$6)," ") -> 3687.3585 | K23: =VLOOKUP(F23,'Tabela Salarial_CLT'!$B:$G,6,0) -> 3881.43 | L23: =IFERROR((K23*$L$6)," ") -> 4075.5015 | M23: =IFERROR((K23*$M$6)," ") -> 4269.573 | N23: =IFERROR((K23*$N$6)," ") -> 4463.6445 | O23: =IFERROR((K23*$O$6)," ") -> 4657.716
B24: Analista Manutenção Jr | C24: Edificação | F24: 13 | G24: =IFERROR((K24*$G$6)," ") -> 3105.144 | H24: =IFERROR((K24*$H$6)," ") -> 3299.2155 | I24: =IFERROR((K24*$I$6)," ") -> 3493.287 | J24: =IFERROR((K24*$J$6)," ") -> 3687.3585 | K24: =VLOOKUP(F24,'Tabela Salarial_CLT'!$B:$G,6,0) -> 3881.43 | L24: =IFERROR((K24*$L$6)," ") -> 4075.5015 | M24: =IFERROR((K24*$M$6)," ") -> 4269.573 | N24: =IFERROR((K24*$N$6)," ") -> 4463.6445 | O24: =IFERROR((K24*$O$6)," ") -> 4657.716
B25: Analista Marketing Jr | C25: Marketing | D25: 4025.88 | E25: 3297.81 | F25: 13 | G25: =IFERROR((K25*$G$6)," ") -> 3105.144 | H25: =IFERROR((K25*$H$6)," ") -> 3299.2155 | I25: =IFERROR((K25*$I$6)," ") -> 3493.287 | J25: =IFERROR((K25*$J$6)," ") -> 3687.3585 | K25: =VLOOKUP(F25,'Tabela Salarial_CLT'!$B:$G,6,0) -> 3881.43 | L25: =IFERROR((K25*$L$6)," ") -> 4075.5015 | M25: =IFERROR((K25*$M$6)," ") -> 4269.573 | N25: =IFERROR((K25*$N$6)," ") -> 4463.6445 | O25: =IFERROR((K25*$O$6)," ") -> 4657.716
B26: Analista Pós-Vendas Jr | C26: Pós Vendas | F26: 13 | G26: =IFERROR((K26*$G$6)," ") -> 3105.144 | H26: =IFERROR((K26*$H$6)," ") -> 3299.2155 | I26: =IFERROR((K26*$I$6)," ") -> 3493.287 | J26: =IFERROR((K26*$J$6)," ") -> 3687.3585 | K26: =VLOOKUP(F26,'Tabela Salarial_CLT'!$B:$G,6,0) -> 3881.43 | L26: =IFERROR((K26*$L$6)," ") -> 4075.5015 | M26: =IFERROR((K26*$M$6)," ") -> 4269.573 | N26: =IFERROR((K26*$N$6)," ") -> 4463.6445 | O26: =IFERROR((K26*$O$6)," ") -> 4657.716
B27: Assistente Engenharia | C27: Edificação | D27: 3652 | E27: 3954.91 | F27: 13 | G27: =IFERROR((K27*$G$6)," ") -> 3105.144 | H27: =IFERROR((K27*$H$6)," ") -> 3299.2155 | I27: =IFERROR((K27*$I$6)," ") -> 3493.287 | J27: =IFERROR((K27*$J$6)," ") -> 3687.3585 | K27: =VLOOKUP(F27,'Tabela Salarial_CLT'!$B:$G,6,0) -> 3881.43 | L27: =IFERROR((K27*$L$6)," ") -> 4075.5015 | M27: =IFERROR((K27*$M$6)," ") -> 4269.573 | N27: =IFERROR((K27*$N$6)," ") -> 4463.6445 | O27: =IFERROR((K27*$O$6)," ") -> 4657.716
B28: Analista Compras Jr | C28: Suprimentos | E28: 3492.43 | F28: 14 | G28: =IFERROR((K28*$G$6)," ") -> 3754.688 | H28: =IFERROR((K28*$H$6)," ") -> 3989.356 | I28: =IFERROR((K28*$I$6)," ") -> 4224.024 | J28: =IFERROR((K28*$J$6)," ") -> 4458.692 | K28: =VLOOKUP(F28,'Tabela Salarial_CLT'!$B:$G,6,0) -> 4693.36 | L28: =IFERROR((K28*$L$6)," ") -> 4928.028 | M28: =IFERROR((K28*$M$6)," ") -> 5162.696 | N28: =IFERROR((K28*$N$6)," ") -> 5397.364 | O28: =IFERROR((K28*$O$6)," ") -> 5632.032
B29: Analista Criação | C29: Marketing | D29: 5429 | E29: 4325.72 | F29: 14 | G29: =IFERROR((K29*$G$6)," ") -> 3754.688 | H29: =IFERROR((K29*$H$6)," ") -> 3989.356 | I29: =IFERROR((K29*$I$6)," ") -> 4224.024 | J29: =IFERROR((K29*$J$6)," ") -> 4458.692 | K29: =VLOOKUP(F29,'Tabela Salarial_CLT'!$B:$G,6,0) -> 4693.36 | L29: =IFERROR((K29*$L$6)," ") -> 4928.028 | M29: =IFERROR((K29*$M$6)," ") -> 5162.696 | N29: =IFERROR((K29*$N$6)," ") -> 5397.364 | O29: =IFERROR((K29*$O$6)," ") -> 5632.032
B30: Analista Financeiro Captação Recursos Pl | C30: Financeiro | E30: 4714.28 | F30: 14 | G30: =IFERROR((K30*$G$6)," ") -> 3754.688 | H30: =IFERROR((K30*$H$6)," ") -> 3989.356 | I30: =IFERROR((K30*$I$6)," ") -> 4224.024 | J30: =IFERROR((K30*$J$6)," ") -> 4458.692 | K30: =VLOOKUP(F30,'Tabela Salarial_CLT'!$B:$G,6,0) -> 4693.36 | L30: =IFERROR((K30*$L$6)," ") -> 4928.028 | M30: =IFERROR((K30*$M$6)," ") -> 5162.696 | N30: =IFERROR((K30*$N$6)," ") -> 5397.364 | O30: =IFERROR((K30*$O$6)," ") -> 5632.032
B31: Analista Financeiro Comercial Pl | C31: Financeiro | E31: 4714.28 | F31: 14 | G31: =IFERROR((K31*$G$6)," ") -> 3754.688 | H31: =IFERROR((K31*$H$6)," ") -> 3989.356 | I31: =IFERROR((K31*$I$6)," ") -> 4224.024 | J31: =IFERROR((K31*$J$6)," ") -> 4458.692 | K31: =VLOOKUP(F31,'Tabela Salarial_CLT'!$B:$G,6,0) -> 4693.36 | L31: =IFERROR((K31*$L$6)," ") -> 4928.028 | M31: =IFERROR((K31*$M$6)," ") -> 5162.696 | N31: =IFERROR((K31*$N$6)," ") -> 5397.364 | O31: =IFERROR((K31*$O$6)," ") -> 5632.032
B32: Analista Financeiro Pl | C32: Financeiro | E32: 4714.28 | F32: 14 | G32: =IFERROR((K32*$G$6)," ") -> 3754.688 | H32: =IFERROR((K32*$H$6)," ") -> 3989.356 | I32: =IFERROR((K32*$I$6)," ") -> 4224.024 | J32: =IFERROR((K32*$J$6)," ") -> 4458.692 | K32: =VLOOKUP(F32,'Tabela Salarial_CLT'!$B:$G,6,0) -> 4693.36 | L32: =IFERROR((K32*$L$6)," ") -> 4928.028 | M32: =IFERROR((K32*$M$6)," ") -> 5162.696 | N32: =IFERROR((K32*$N$6)," ") -> 5397.364 | O32: =IFERROR((K32*$O$6)," ") -> 5632.032
B33: Analista Manutenção Pl | C33: Edificação | D33: 4550 | E33: 6232.3 | F33: 14 | G33: =IFERROR((K33*$G$6)," ") -> 3754.688 | H33: =IFERROR((K33*$H$6)," ") -> 3989.356 | I33: =IFERROR((K33*$I$6)," ") -> 4224.024 | J33: =IFERROR((K33*$J$6)," ") -> 4458.692 | K33: =VLOOKUP(F33,'Tabela Salarial_CLT'!$B:$G,6,0) -> 4693.36 | L33: =IFERROR((K33*$L$6)," ") -> 4928.028 | M33: =IFERROR((K33*$M$6)," ") -> 5162.696 | N33: =IFERROR((K33*$N$6)," ") -> 5397.364 | O33: =IFERROR((K33*$O$6)," ") -> 5632.032
B34: Analista Marketing Pl | C34: Marketing | E34: 4910.03 | F34: 14 | G34: =IFERROR((K34*$G$6)," ") -> 3754.688 | H34: =IFERROR((K34*$H$6)," ") -> 3989.356 | I34: =IFERROR((K34*$I$6)," ") -> 4224.024 | J34: =IFERROR((K34*$J$6)," ") -> 4458.692 | K34: =VLOOKUP(F34,'Tabela Salarial_CLT'!$B:$G,6,0) -> 4693.36 | L34: =IFERROR((K34*$L$6)," ") -> 4928.028 | M34: =IFERROR((K34*$M$6)," ") -> 5162.696 | N34: =IFERROR((K34*$N$6)," ") -> 5397.364 | O34: =IFERROR((K34*$O$6)," ") -> 5632.032
B35: Analista Pós-Vendas Pl | C35: Pós Vendas | D35: 4550 | E35: 3830.08 | F35: 14 | G35: =IFERROR((K35*$G$6)," ") -> 3754.688 | H35: =IFERROR((K35*$H$6)," ") -> 3989.356 | I35: =IFERROR((K35*$I$6)," ") -> 4224.024 | J35: =IFERROR((K35*$J$6)," ") -> 4458.692 | K35: =VLOOKUP(F35,'Tabela Salarial_CLT'!$B:$G,6,0) -> 4693.36 | L35: =IFERROR((K35*$L$6)," ") -> 4928.028 | M35: =IFERROR((K35*$M$6)," ") -> 5162.696 | N35: =IFERROR((K35*$N$6)," ") -> 5397.364 | O35: =IFERROR((K35*$O$6)," ") -> 5632.032
B36: Analista Compras Pl | C36: Suprimentos | D36: 3780 | E36: 5288.53 | F36: 15 | G36: =IFERROR((K36*$G$6)," ") -> 4572.2 | H36: =IFERROR((K36*$H$6)," ") -> 4857.9625 | I36: =IFERROR((K36*$I$6)," ") -> 5143.725 | J36: =IFERROR((K36*$J$6)," ") -> 5429.4875 | K36: =VLOOKUP(F36,'Tabela Salarial_CLT'!$B:$G,6,0) -> 5715.25 | L36: =IFERROR((K36*$L$6)," ") -> 6001.0125 | M36: =IFERROR((K36*$M$6)," ") -> 6286.775 | N36: =IFERROR((K36*$N$6)," ") -> 6572.5375 | O36: =IFERROR((K36*$O$6)," ") -> 6858.3
B37: Analista Engenharia | C37: Edificação | E37: R$ 5.281,61 | F37: 15 | G37: =IFERROR((K37*$G$6)," ") -> 4572.2 | H37: =IFERROR((K37*$H$6)," ") -> 4857.9625 | I37: =IFERROR((K37*$I$6)," ") -> 5143.725 | J37: =IFERROR((K37*$J$6)," ") -> 5429.4875 | K37: =VLOOKUP(F37,'Tabela Salarial_CLT'!$B:$G,6,0) -> 5715.25 | L37: =IFERROR((K37*$L$6)," ") -> 6001.0125 | M37: =IFERROR((K37*$M$6)," ") -> 6286.775 | N37: =IFERROR((K37*$N$6)," ") -> 6572.5375 | O37: =IFERROR((K37*$O$6)," ") -> 6858.3
B38: Analista Financeiro Captação Recursos Sr | C38: Financeiro | D38: 5213 | E38: 5910.71 | F38: 15 | G38: =IFERROR((K38*$G$6)," ") -> 4572.2 | H38: =IFERROR((K38*$H$6)," ") -> 4857.9625 | I38: =IFERROR((K38*$I$6)," ") -> 5143.725 | J38: =IFERROR((K38*$J$6)," ") -> 5429.4875 | K38: =VLOOKUP(F38,'Tabela Salarial_CLT'!$B:$G,6,0) -> 5715.25 | L38: =IFERROR((K38*$L$6)," ") -> 6001.0125 | M38: =IFERROR((K38*$M$6)," ") -> 6286.775 | N38: =IFERROR((K38*$N$6)," ") -> 6572.5375 | O38: =IFERROR((K38*$O$6)," ") -> 6858.3
B39: Analista Financeiro Comercial Sr | C39: Financeiro | D39: 5213 | E39: 5910.71 | F39: 15 | G39: =IFERROR((K39*$G$6)," ") -> 4572.2 | H39: =IFERROR((K39*$H$6)," ") -> 4857.9625 | I39: =IFERROR((K39*$I$6)," ") -> 5143.725 | J39: =IFERROR((K39*$J$6)," ") -> 5429.4875 | K39: =VLOOKUP(F39,'Tabela Salarial_CLT'!$B:$G,6,0) -> 5715.25 | L39: =IFERROR((K39*$L$6)," ") -> 6001.0125 | M39: =IFERROR((K39*$M$6)," ") -> 6286.775 | N39: =IFERROR((K39*$N$6)," ") -> 6572.5375 | O39: =IFERROR((K39*$O$6)," ") -> 6858.3
B40: Analista Financeiro Sr | C40: Financeiro | E40: 5910.71 | F40: 15 | G40: =IFERROR((K40*$G$6)," ") -> 4572.2 | H40: =IFERROR((K40*$H$6)," ") -> 4857.9625 | I40: =IFERROR((K40*$I$6)," ") -> 5143.725 | J40: =IFERROR((K40*$J$6)," ") -> 5429.4875 | K40: =VLOOKUP(F40,'Tabela Salarial_CLT'!$B:$G,6,0) -> 5715.25 | L40: =IFERROR((K40*$L$6)," ") -> 6001.0125 | M40: =IFERROR((K40*$M$6)," ") -> 6286.775 | N40: =IFERROR((K40*$N$6)," ") -> 6572.5375 | O40: =IFERROR((K40*$O$6)," ") -> 6858.3
B41: Analista Inovação | C41: Inovação | D41: 7299.2701 | E41: 6872.05 | F41: 15 | G41: =IFERROR((K41*$G$6)," ") -> 4572.2 | H41: =IFERROR((K41*$H$6)," ") -> 4857.9625 | I41: =IFERROR((K41*$I$6)," ") -> 5143.725 | J41: =IFERROR((K41*$J$6)," ") -> 5429.4875 | K41: =VLOOKUP(F41,'Tabela Salarial_CLT'!$B:$G,6,0) -> 5715.25 | L41: =IFERROR((K41*$L$6)," ") -> 6001.0125 | M41: =IFERROR((K41*$M$6)," ") -> 6286.775 | N41: =IFERROR((K41*$N$6)," ") -> 6572.5375 | O41: =IFERROR((K41*$O$6)," ") -> 6858.3
B42: Analista Manutenção Sr | C42: Edificação | F42: 15 | G42: =IFERROR((K42*$G$6)," ") -> 4572.2 | H42: =IFERROR((K42*$H$6)," ") -> 4857.9625 | I42: =IFERROR((K42*$I$6)," ") -> 5143.725 | J42: =IFERROR((K42*$J$6)," ") -> 5429.4875 | K42: =VLOOKUP(F42,'Tabela Salarial_CLT'!$B:$G,6,0) -> 5715.25 | L42: =IFERROR((K42*$L$6)," ") -> 6001.0125 | M42: =IFERROR((K42*$M$6)," ") -> 6286.775 | N42: =IFERROR((K42*$N$6)," ") -> 6572.5375 | O42: =IFERROR((K42*$O$6)," ") -> 6858.3
B43: Analista Marketing Sr | C43: Marketing | F43: 15 | G43: =IFERROR((K43*$G$6)," ") -> 4572.2 | H43: =IFERROR((K43*$H$6)," ") -> 4857.9625 | I43: =IFERROR((K43*$I$6)," ") -> 5143.725 | J43: =IFERROR((K43*$J$6)," ") -> 5429.4875 | K43: =VLOOKUP(F43,'Tabela Salarial_CLT'!$B:$G,6,0) -> 5715.25 | L43: =IFERROR((K43*$L$6)," ") -> 6001.0125 | M43: =IFERROR((K43*$M$6)," ") -> 6286.775 | N43: =IFERROR((K43*$N$6)," ") -> 6572.5375 | O43: =IFERROR((K43*$O$6)," ") -> 6858.3
B44: Analista Pós-Vendas Sr | C44: Pós Vendas | F44: 15 | G44: =IFERROR((K44*$G$6)," ") -> 4572.2 | H44: =IFERROR((K44*$H$6)," ") -> 4857.9625 | I44: =IFERROR((K44*$I$6)," ") -> 5143.725 | J44: =IFERROR((K44*$J$6)," ") -> 5429.4875 | K44: =VLOOKUP(F44,'Tabela Salarial_CLT'!$B:$G,6,0) -> 5715.25 | L44: =IFERROR((K44*$L$6)," ") -> 6001.0125 | M44: =IFERROR((K44*$M$6)," ") -> 6286.775 | N44: =IFERROR((K44*$N$6)," ") -> 6572.5375 | O44: =IFERROR((K44*$O$6)," ") -> 6858.3
B45: Analista Recursos Humanos | C45: DHO | E45: R$ 5.346,46 | F45: 15 | G45: =IFERROR((K45*$G$6)," ") -> 4572.2 | H45: =IFERROR((K45*$H$6)," ") -> 4857.9625 | I45: =IFERROR((K45*$I$6)," ") -> 5143.725 | J45: =IFERROR((K45*$J$6)," ") -> 5429.4875 | K45: =VLOOKUP(F45,'Tabela Salarial_CLT'!$B:$G,6,0) -> 5715.25 | L45: =IFERROR((K45*$L$6)," ") -> 6001.0125 | M45: =IFERROR((K45*$M$6)," ") -> 6286.775 | N45: =IFERROR((K45*$N$6)," ") -> 6572.5375 | O45: =IFERROR((K45*$O$6)," ") -> 6858.3
B46: Analista Urbanismo Jr | C46: Urbanismo | F46: 15 | G46: =IFERROR((K46*$G$6)," ") -> 4572.2 | H46: =IFERROR((K46*$H$6)," ") -> 4857.9625 | I46: =IFERROR((K46*$I$6)," ") -> 5143.725 | J46: =IFERROR((K46*$J$6)," ") -> 5429.4875 | K46: =VLOOKUP(F46,'Tabela Salarial_CLT'!$B:$G,6,0) -> 5715.25 | L46: =IFERROR((K46*$L$6)," ") -> 6001.0125 | M46: =IFERROR((K46*$M$6)," ") -> 6286.775 | N46: =IFERROR((K46*$N$6)," ") -> 6572.5375 | O46: =IFERROR((K46*$O$6)," ") -> 6858.3
B47: Tecnólogo Construção Edifícios | C47: Edificação | D47: 8585 | E47: 4031.66 | F47: 15 | G47: =IFERROR((K47*$G$6)," ") -> 4572.2 | H47: =IFERROR((K47*$H$6)," ") -> 4857.9625 | I47: =IFERROR((K47*$I$6)," ") -> 5143.725 | J47: =IFERROR((K47*$J$6)," ") -> 5429.4875 | K47: =VLOOKUP(F47,'Tabela Salarial_CLT'!$B:$G,6,0) -> 5715.25 | L47: =IFERROR((K47*$L$6)," ") -> 6001.0125 | M47: =IFERROR((K47*$M$6)," ") -> 6286.775 | N47: =IFERROR((K47*$N$6)," ") -> 6572.5375 | O47: =IFERROR((K47*$O$6)," ") -> 6858.3
B48: Analista Compras Sr | C48: Suprimentos | F48: 16 | G48: =IFERROR((K48*$G$6)," ") -> 5587.392 | H48: =IFERROR((K48*$H$6)," ") -> 5936.604 | I48: =IFERROR((K48*$I$6)," ") -> 6285.816 | J48: =IFERROR((K48*$J$6)," ") -> 6635.028 | K48: =VLOOKUP(F48,'Tabela Salarial_CLT'!$B:$G,6,0) -> 6984.24 | L48: =IFERROR((K48*$L$6)," ") -> 7333.452 | M48: =IFERROR((K48*$M$6)," ") -> 7682.664 | N48: =IFERROR((K48*$N$6)," ") -> 8031.876 | O48: =IFERROR((K48*$O$6)," ") -> 8381.088
B49: Analista Urbanismo Pl | C49: Urbanismo | D49: 5830 | E49: 7867.3 | F49: 16 | G49: =IFERROR((K49*$G$6)," ") -> 5587.392 | H49: =IFERROR((K49*$H$6)," ") -> 5936.604 | I49: =IFERROR((K49*$I$6)," ") -> 6285.816 | J49: =IFERROR((K49*$J$6)," ") -> 6635.028 | K49: =VLOOKUP(F49,'Tabela Salarial_CLT'!$B:$G,6,0) -> 6984.24 | L49: =IFERROR((K49*$L$6)," ") -> 7333.452 | M49: =IFERROR((K49*$M$6)," ") -> 7682.664 | N49: =IFERROR((K49*$N$6)," ") -> 8031.876 | O49: =IFERROR((K49*$O$6)," ") -> 8381.088
B50: Supervisor Financeiro | C50: Financeiro | D50: 5955.08 | E50: 6196.82 | F50: 16 | G50: =IFERROR((K50*$G$6)," ") -> 5587.392 | H50: =IFERROR((K50*$H$6)," ") -> 5936.604 | I50: =IFERROR((K50*$I$6)," ") -> 6285.816 | J50: =IFERROR((K50*$J$6)," ") -> 6635.028 | K50: =VLOOKUP(F50,'Tabela Salarial_CLT'!$B:$G,6,0) -> 6984.24 | L50: =IFERROR((K50*$L$6)," ") -> 7333.452 | M50: =IFERROR((K50*$M$6)," ") -> 7682.664 | N50: =IFERROR((K50*$N$6)," ") -> 8031.876 | O50: =IFERROR((K50*$O$6)," ") -> 8381.088
B51: Supervisor Pós-Vendas | C51: Pós Vendas | E51: R$ 7.324,49 | F51: 16 | G51: =IFERROR((K51*$G$6)," ") -> 5587.392 | H51: =IFERROR((K51*$H$6)," ") -> 5936.604 | I51: =IFERROR((K51*$I$6)," ") -> 6285.816 | J51: =IFERROR((K51*$J$6)," ") -> 6635.028 | K51: =VLOOKUP(F51,'Tabela Salarial_CLT'!$B:$G,6,0) -> 6984.24 | L51: =IFERROR((K51*$L$6)," ") -> 7333.452 | M51: =IFERROR((K51*$M$6)," ") -> 7682.664 | N51: =IFERROR((K51*$N$6)," ") -> 8031.876 | O51: =IFERROR((K51*$O$6)," ") -> 8381.088
B52: Técnico Analista Custos | C52: Edificação | D52: 7000 | E52: 7338.33 | F52: 16 | G52: =IFERROR((K52*$G$6)," ") -> 5587.392 | H52: =IFERROR((K52*$H$6)," ") -> 5936.604 | I52: =IFERROR((K52*$I$6)," ") -> 6285.816 | J52: =IFERROR((K52*$J$6)," ") -> 6635.028 | K52: =VLOOKUP(F52,'Tabela Salarial_CLT'!$B:$G,6,0) -> 6984.24 | L52: =IFERROR((K52*$L$6)," ") -> 7333.452 | M52: =IFERROR((K52*$M$6)," ") -> 7682.664 | N52: =IFERROR((K52*$N$6)," ") -> 8031.876 | O52: =IFERROR((K52*$O$6)," ") -> 8381.088
B53: Analista Urbanismo Sr | C53: Urbanismo | F53: 17 | G53: =IFERROR((K53*$G$6)," ") -> 6829.976 | H53: =IFERROR((K53*$H$6)," ") -> 7256.8495 | I53: =IFERROR((K53*$I$6)," ") -> 7683.723 | J53: =IFERROR((K53*$J$6)," ") -> 8110.5965 | K53: =VLOOKUP(F53,'Tabela Salarial_CLT'!$B:$G,6,0) -> 8537.47 | L53: =IFERROR((K53*$L$6)," ") -> 8964.3435 | M53: =IFERROR((K53*$M$6)," ") -> 9391.217 | N53: =IFERROR((K53*$N$6)," ") -> 9818.0905 | O53: =IFERROR((K53*$O$6)," ") -> 10244.964
B54: Controller Jurídico | C54: Administrativo | D54: 8276.6423 | E54: 10957.61 | F54: 17 | G54: =IFERROR((K54*$G$6)," ") -> 6829.976 | H54: =IFERROR((K54*$H$6)," ") -> 7256.8495 | I54: =IFERROR((K54*$I$6)," ") -> 7683.723 | J54: =IFERROR((K54*$J$6)," ") -> 8110.5965 | K54: =VLOOKUP(F54,'Tabela Salarial_CLT'!$B:$G,6,0) -> 8537.47 | L54: =IFERROR((K54*$L$6)," ") -> 8964.3435 | M54: =IFERROR((K54*$M$6)," ") -> 9391.217 | N54: =IFERROR((K54*$N$6)," ") -> 9818.0905 | O54: =IFERROR((K54*$O$6)," ") -> 10244.964
B55: Coordenador Legalização | C55: Legalização | D55: 8647 | E55: 8872.04 | F55: 17 | G55: =IFERROR((K55*$G$6)," ") -> 6829.976 | H55: =IFERROR((K55*$H$6)," ") -> 7256.8495 | I55: =IFERROR((K55*$I$6)," ") -> 7683.723 | J55: =IFERROR((K55*$J$6)," ") -> 8110.5965 | K55: =VLOOKUP(F55,'Tabela Salarial_CLT'!$B:$G,6,0) -> 8537.47 | L55: =IFERROR((K55*$L$6)," ") -> 8964.3435 | M55: =IFERROR((K55*$M$6)," ") -> 9391.217 | N55: =IFERROR((K55*$N$6)," ") -> 9818.0905 | O55: =IFERROR((K55*$O$6)," ") -> 10244.964
B56: Coordenador Marketing | C56: Marketing | D56: 8647 | E56: 7958.59 | F56: 17 | G56: =IFERROR((K56*$G$6)," ") -> 6829.976 | H56: =IFERROR((K56*$H$6)," ") -> 7256.8495 | I56: =IFERROR((K56*$I$6)," ") -> 7683.723 | J56: =IFERROR((K56*$J$6)," ") -> 8110.5965 | K56: =VLOOKUP(F56,'Tabela Salarial_CLT'!$B:$G,6,0) -> 8537.47 | L56: =IFERROR((K56*$L$6)," ") -> 8964.3435 | M56: =IFERROR((K56*$M$6)," ") -> 9391.217 | N56: =IFERROR((K56*$N$6)," ") -> 9818.0905 | O56: =IFERROR((K56*$O$6)," ") -> 10244.964
B57: Encarregado Obras / Manutenção | C57: Edificação | D57: 8714 | E57: 7478.73 | F57: 17 | G57: =IFERROR((K57*$G$6)," ") -> 6829.976 | H57: =IFERROR((K57*$H$6)," ") -> 7256.8495 | I57: =IFERROR((K57*$I$6)," ") -> 7683.723 | J57: =IFERROR((K57*$J$6)," ") -> 8110.5965 | K57: =VLOOKUP(F57,'Tabela Salarial_CLT'!$B:$G,6,0) -> 8537.47 | L57: =IFERROR((K57*$L$6)," ") -> 8964.3435 | M57: =IFERROR((K57*$M$6)," ") -> 9391.217 | N57: =IFERROR((K57*$N$6)," ") -> 9818.0905 | O57: =IFERROR((K57*$O$6)," ") -> 10244.964
B58: Engenheiro Jr | C58: Edificação | F58: 17 | G58: =IFERROR((K58*$G$6)," ") -> 6829.976 | H58: =IFERROR((K58*$H$6)," ") -> 7256.8495 | I58: =IFERROR((K58*$I$6)," ") -> 7683.723 | J58: =IFERROR((K58*$J$6)," ") -> 8110.5965 | K58: =VLOOKUP(F58,'Tabela Salarial_CLT'!$B:$G,6,0) -> 8537.47 | L58: =IFERROR((K58*$L$6)," ") -> 8964.3435 | M58: =IFERROR((K58*$M$6)," ") -> 9391.217 | N58: =IFERROR((K58*$N$6)," ") -> 9818.0905 | O58: =IFERROR((K58*$O$6)," ") -> 10244.964
B59: Engenheiro Urbanismo Jr | C59: Urbanismo | D59: 5630.8725 | F59: 17 | G59: =IFERROR((K59*$G$6)," ") -> 6829.976 | H59: =IFERROR((K59*$H$6)," ") -> 7256.8495 | I59: =IFERROR((K59*$I$6)," ") -> 7683.723 | J59: =IFERROR((K59*$J$6)," ") -> 8110.5965 | K59: =VLOOKUP(F59,'Tabela Salarial_CLT'!$B:$G,6,0) -> 8537.47 | L59: =IFERROR((K59*$L$6)," ") -> 8964.3435 | M59: =IFERROR((K59*$M$6)," ") -> 9391.217 | N59: =IFERROR((K59*$N$6)," ") -> 9818.0905 | O59: =IFERROR((K59*$O$6)," ") -> 10244.964
B60: Supervisor Novos Negócios | C60: Novos Negócios | D60: 8759.1241 | E60: - | F60: 17 | G60: =IFERROR((K60*$G$6)," ") -> 6829.976 | H60: =IFERROR((K60*$H$6)," ") -> 7256.8495 | I60: =IFERROR((K60*$I$6)," ") -> 7683.723 | J60: =IFERROR((K60*$J$6)," ") -> 8110.5965 | K60: =VLOOKUP(F60,'Tabela Salarial_CLT'!$B:$G,6,0) -> 8537.47 | L60: =IFERROR((K60*$L$6)," ") -> 8964.3435 | M60: =IFERROR((K60*$M$6)," ") -> 9391.217 | N60: =IFERROR((K60*$N$6)," ") -> 9818.0905 | O60: =IFERROR((K60*$O$6)," ") -> 10244.964
B61: Controller Técnico | C61: Controladoria | D61: 9243.5036 | E61: 13758.75 | F61: 18 | G61: =IFERROR((K61*$G$6)," ") -> 8329.664 | H61: =IFERROR((K61*$H$6)," ") -> 8850.268 | I61: =IFERROR((K61*$I$6)," ") -> 9370.872 | J61: =IFERROR((K61*$J$6)," ") -> 9891.476 | K61: =VLOOKUP(F61,'Tabela Salarial_CLT'!$B:$G,6,0) -> 10412.08 | L61: =IFERROR((K61*$L$6)," ") -> 10932.684 | M61: =IFERROR((K61*$M$6)," ") -> 11453.288 | N61: =IFERROR((K61*$N$6)," ") -> 11973.892 | O61: =IFERROR((K61*$O$6)," ") -> 12494.496
B62: Encarregado Loteamento | C62: Urbanismo | D62: 10000.5 | E62: 7478.73 | F62: 18 | G62: =IFERROR((K62*$G$6)," ") -> 8329.664 | H62: =IFERROR((K62*$H$6)," ") -> 8850.268 | I62: =IFERROR((K62*$I$6)," ") -> 9370.872 | J62: =IFERROR((K62*$J$6)," ") -> 9891.476 | K62: =VLOOKUP(F62,'Tabela Salarial_CLT'!$B:$G,6,0) -> 10412.08 | L62: =IFERROR((K62*$L$6)," ") -> 10932.684 | M62: =IFERROR((K62*$M$6)," ") -> 11453.288 | N62: =IFERROR((K62*$N$6)," ") -> 11973.892 | O62: =IFERROR((K62*$O$6)," ") -> 12494.496
B63: Engenheiro Pl | C63: Edificação | E63: 15118.5 | F63: 18 | G63: =IFERROR((K63*$G$6)," ") -> 8329.664 | H63: =IFERROR((K63*$H$6)," ") -> 8850.268 | I63: =IFERROR((K63*$I$6)," ") -> 9370.872 | J63: =IFERROR((K63*$J$6)," ") -> 9891.476 | K63: =VLOOKUP(F63,'Tabela Salarial_CLT'!$B:$G,6,0) -> 10412.08 | L63: =IFERROR((K63*$L$6)," ") -> 10932.684 | M63: =IFERROR((K63*$M$6)," ") -> 11453.288 | N63: =IFERROR((K63*$N$6)," ") -> 11973.892 | O63: =IFERROR((K63*$O$6)," ") -> 12494.496
B64: Engenheiro Urbanismo Pl | C64: Urbanismo | E64: 15118.5 | F64: 18 | G64: =IFERROR((K64*$G$6)," ") -> 8329.664 | H64: =IFERROR((K64*$H$6)," ") -> 8850.268 | I64: =IFERROR((K64*$I$6)," ") -> 9370.872 | J64: =IFERROR((K64*$J$6)," ") -> 9891.476 | K64: =VLOOKUP(F64,'Tabela Salarial_CLT'!$B:$G,6,0) -> 10412.08 | L64: =IFERROR((K64*$L$6)," ") -> 10932.684 | M64: =IFERROR((K64*$M$6)," ") -> 11453.288 | N64: =IFERROR((K64*$N$6)," ") -> 11973.892 | O64: =IFERROR((K64*$O$6)," ") -> 12494.496
B65: Gerente House | C65: Comercial | D65: 3882.5758 | E65: 12107.57 | F65: 18 | G65: =IFERROR((K65*$G$6)," ") -> 8329.664 | H65: =IFERROR((K65*$H$6)," ") -> 8850.268 | I65: =IFERROR((K65*$I$6)," ") -> 9370.872 | J65: =IFERROR((K65*$J$6)," ") -> 9891.476 | K65: =VLOOKUP(F65,'Tabela Salarial_CLT'!$B:$G,6,0) -> 10412.08 | L65: =IFERROR((K65*$L$6)," ") -> 10932.684 | M65: =IFERROR((K65*$M$6)," ") -> 11453.288 | N65: =IFERROR((K65*$N$6)," ") -> 11973.892 | O65: =IFERROR((K65*$O$6)," ") -> 12494.496
B66: Gerente Imobiliárias Externas | C66: Comercial | D66: 4189.7727 | F66: 18 | G66: =IFERROR((K66*$G$6)," ") -> 8329.664 | H66: =IFERROR((K66*$H$6)," ") -> 8850.268 | I66: =IFERROR((K66*$I$6)," ") -> 9370.872 | J66: =IFERROR((K66*$J$6)," ") -> 9891.476 | K66: =VLOOKUP(F66,'Tabela Salarial_CLT'!$B:$G,6,0) -> 10412.08 | L66: =IFERROR((K66*$L$6)," ") -> 10932.684 | M66: =IFERROR((K66*$M$6)," ") -> 11453.288 | N66: =IFERROR((K66*$N$6)," ") -> 11973.892 | O66: =IFERROR((K66*$O$6)," ") -> 12494.496
B67: Gerente Parcerias | C67: Comercial | D67: 4049.2424 | E67: 10996.97 | F67: 18 | G67: =IFERROR((K67*$G$6)," ") -> 8329.664 | H67: =IFERROR((K67*$H$6)," ") -> 8850.268 | I67: =IFERROR((K67*$I$6)," ") -> 9370.872 | J67: =IFERROR((K67*$J$6)," ") -> 9891.476 | K67: =VLOOKUP(F67,'Tabela Salarial_CLT'!$B:$G,6,0) -> 10412.08 | L67: =IFERROR((K67*$L$6)," ") -> 10932.684 | M67: =IFERROR((K67*$M$6)," ") -> 11453.288 | N67: =IFERROR((K67*$N$6)," ") -> 11973.892 | O67: =IFERROR((K67*$O$6)," ") -> 12494.496
B68: Gerente Parcerias Externas | C68: Comercial | D68: 3787.8788 | E68: 10996.97 | F68: 18 | G68: =IFERROR((K68*$G$6)," ") -> 8329.664 | H68: =IFERROR((K68*$H$6)," ") -> 8850.268 | I68: =IFERROR((K68*$I$6)," ") -> 9370.872 | J68: =IFERROR((K68*$J$6)," ") -> 9891.476 | K68: =VLOOKUP(F68,'Tabela Salarial_CLT'!$B:$G,6,0) -> 10412.08 | L68: =IFERROR((K68*$L$6)," ") -> 10932.684 | M68: =IFERROR((K68*$M$6)," ") -> 11453.288 | N68: =IFERROR((K68*$N$6)," ") -> 11973.892 | O68: =IFERROR((K68*$O$6)," ") -> 12494.496
B69: Coordenador DHO | C69: DHO | D69: 7420 | E69: 7778.54 | F69: 19 | G69: =IFERROR((K69*$G$6)," ") -> 10116.168 | H69: =IFERROR((K69*$H$6)," ") -> 10748.428 | I69: =IFERROR((K69*$I$6)," ") -> 11380.689 | J69: =IFERROR((K69*$J$6)," ") -> 12012.95 | K69: =VLOOKUP(F69,'Tabela Salarial_CLT'!$B:$G,6,0) -> 12645.21 | L69: =IFERROR((K69*$L$6)," ") -> 13277.47 | M69: =IFERROR((K69*$M$6)," ") -> 13909.731 | N69: =IFERROR((K69*$N$6)," ") -> 14541.992 | O69: =IFERROR((K69*$O$6)," ") -> 15174.252
B70: Coordenador Financeiro | C70: Financeiro | D70: 7947.0199 | E70: 8009.8 | F70: 19 | G70: =IFERROR((K70*$G$6)," ") -> 10116.168 | H70: =IFERROR((K70*$H$6)," ") -> 10748.428 | I70: =IFERROR((K70*$I$6)," ") -> 11380.689 | J70: =IFERROR((K70*$J$6)," ") -> 12012.95 | K70: =VLOOKUP(F70,'Tabela Salarial_CLT'!$B:$G,6,0) -> 12645.21 | L70: =IFERROR((K70*$L$6)," ") -> 13277.47 | M70: =IFERROR((K70*$M$6)," ") -> 13909.731 | N70: =IFERROR((K70*$N$6)," ") -> 14541.992 | O70: =IFERROR((K70*$O$6)," ") -> 15174.252
B71: Coordenador Suprimentos | C71: Suprimentos | D71: 10596.026 | E71: 11847.83 | F71: 19 | G71: =IFERROR((K71*$G$6)," ") -> 10116.168 | H71: =IFERROR((K71*$H$6)," ") -> 10748.428 | I71: =IFERROR((K71*$I$6)," ") -> 11380.689 | J71: =IFERROR((K71*$J$6)," ") -> 12012.95 | K71: =VLOOKUP(F71,'Tabela Salarial_CLT'!$B:$G,6,0) -> 12645.21 | L71: =IFERROR((K71*$L$6)," ") -> 13277.47 | M71: =IFERROR((K71*$M$6)," ") -> 13909.731 | N71: =IFERROR((K71*$N$6)," ") -> 14541.992 | O71: =IFERROR((K71*$O$6)," ") -> 15174.252
B72: Engenheiro Sr | C72: Edificação | D72: 14393.939 | F72: 19 | G72: =IFERROR((K72*$G$6)," ") -> 10116.168 | H72: =IFERROR((K72*$H$6)," ") -> 10748.428 | I72: =IFERROR((K72*$I$6)," ") -> 11380.689 | J72: =IFERROR((K72*$J$6)," ") -> 12012.95 | K72: =VLOOKUP(F72,'Tabela Salarial_CLT'!$B:$G,6,0) -> 12645.21 | L72: =IFERROR((K72*$L$6)," ") -> 13277.47 | M72: =IFERROR((K72*$M$6)," ") -> 13909.731 | N72: =IFERROR((K72*$N$6)," ") -> 14541.992 | O72: =IFERROR((K72*$O$6)," ") -> 15174.252
B73: Engenheiro Urbanismo Sr | C73: Urbanismo | F73: 19 | G73: =IFERROR((K73*$G$6)," ") -> 10116.168 | H73: =IFERROR((K73*$H$6)," ") -> 10748.428 | I73: =IFERROR((K73*$I$6)," ") -> 11380.689 | J73: =IFERROR((K73*$J$6)," ") -> 12012.95 | K73: =VLOOKUP(F73,'Tabela Salarial_CLT'!$B:$G,6,0) -> 12645.21 | L73: =IFERROR((K73*$L$6)," ") -> 13277.47 | M73: =IFERROR((K73*$M$6)," ") -> 13909.731 | N73: =IFERROR((K73*$N$6)," ") -> 14541.992 | O73: =IFERROR((K73*$O$6)," ") -> 15174.252
B74: Gerente Comercial | C74: Comercial | D74: 12090.909 | E74: 12107.57 | F74: 19 | G74: =IFERROR((K74*$G$6)," ") -> 10116.168 | H74: =IFERROR((K74*$H$6)," ") -> 10748.428 | I74: =IFERROR((K74*$I$6)," ") -> 11380.689 | J74: =IFERROR((K74*$J$6)," ") -> 12012.95 | K74: =VLOOKUP(F74,'Tabela Salarial_CLT'!$B:$G,6,0) -> 12645.21 | L74: =IFERROR((K74*$L$6)," ") -> 13277.47 | M74: =IFERROR((K74*$M$6)," ") -> 13909.731 | N74: =IFERROR((K74*$N$6)," ") -> 14541.992 | O74: =IFERROR((K74*$O$6)," ") -> 15174.252
B75: Mestre de Obras | C75: Edificação | D75: 8714 | E75: 11847.83 | F75: 19 | G75: =IFERROR((K75*$G$6)," ") -> 10116.168 | H75: =IFERROR((K75*$H$6)," ") -> 10748.428 | I75: =IFERROR((K75*$I$6)," ") -> 11380.689 | J75: =IFERROR((K75*$J$6)," ") -> 12012.95 | K75: =VLOOKUP(F75,'Tabela Salarial_CLT'!$B:$G,6,0) -> 12645.21 | L75: =IFERROR((K75*$L$6)," ") -> 13277.47 | M75: =IFERROR((K75*$M$6)," ") -> 13909.731 | N75: =IFERROR((K75*$N$6)," ") -> 14541.992 | O75: =IFERROR((K75*$O$6)," ") -> 15174.252
B76: Controller Geral | C76: Controladoria | D76: 11678.832 | E76: 16581.68 | F76: 20 | G76: =IFERROR((K76*$G$6)," ") -> 12219.2 | H76: =IFERROR((K76*$H$6)," ") -> 12982.9 | I76: =IFERROR((K76*$I$6)," ") -> 13746.6 | J76: =IFERROR((K76*$J$6)," ") -> 14510.3 | K76: =VLOOKUP(F76,'Tabela Salarial_CLT'!$B:$G,6,0) -> 15274 | L76: =IFERROR((K76*$L$6)," ") -> 16037.7 | M76: =IFERROR((K76*$M$6)," ") -> 16801.4 | N76: =IFERROR((K76*$N$6)," ") -> 17565.1 | O76: =IFERROR((K76*$O$6)," ") -> 18328.8
B77: Gerente Administrativo | C77: Administrativo | D77: 12242.424 | E77: 13996.93 | F77: 21 | G77: =IFERROR((K77*$G$6)," ") -> 14668.472 | H77: =IFERROR((K77*$H$6)," ") -> 15585.252 | I77: =IFERROR((K77*$I$6)," ") -> 16502.031 | J77: =IFERROR((K77*$J$6)," ") -> 17418.81 | K77: =VLOOKUP(F77,'Tabela Salarial_CLT'!$B:$G,6,0) -> 18335.59 | L77: =IFERROR((K77*$L$6)," ") -> 19252.37 | M77: =IFERROR((K77*$M$6)," ") -> 20169.149 | N77: =IFERROR((K77*$N$6)," ") -> 21085.929 | O77: =IFERROR((K77*$O$6)," ") -> 22002.708
B78: Gerente Edificações | C78: Edificação | D78: 30106.061 | E78: 19054.35 | F78: 23 | G78: =IFERROR((K78*$G$6)," ") -> 20724.584 | H78: =IFERROR((K78*$H$6)," ") -> 22019.871 | I78: =IFERROR((K78*$I$6)," ") -> 23315.157 | J78: =IFERROR((K78*$J$6)," ") -> 24610.444 | K78: =VLOOKUP(F78,'Tabela Salarial_CLT'!$B:$G,6,0) -> 25905.73 | L78: =IFERROR((K78*$L$6)," ") -> 27201.017 | M78: =IFERROR((K78*$M$6)," ") -> 28496.303 | N78: =IFERROR((K78*$N$6)," ") -> 29791.589 | O78: =IFERROR((K78*$O$6)," ") -> 31086.876
B79: Diretor | C79: Comercial | D79: 55769.231 | E79: 29147.75 | F79: 28 | G79: =IFERROR((K79*$G$6)," ") -> 44003.904 | H79: =IFERROR((K79*$H$6)," ") -> 46754.148 | I79: =IFERROR((K79*$I$6)," ") -> 49504.392 | J79: =IFERROR((K79*$J$6)," ") -> 52254.636 | K79: =VLOOKUP(F79,'Tabela Salarial_CLT'!$B:$G,6,0) -> 55004.88 | L79: =IFERROR((K79*$L$6)," ") -> 57755.124 | M79: =IFERROR((K79*$M$6)," ") -> 60505.368 | N79: =IFERROR((K79*$N$6)," ") -> 63255.612 | O79: =IFERROR((K79*$O$6)," ") -> 66005.856
B80: Gerente Urbanismo | C80: Urbanismo | D80: 28030.303 | E80: 20040.08 | F80: 23 | G80: =IFERROR((K80*$G$6)," ") -> 20724.584 | H80: =IFERROR((K80*$H$6)," ") -> 22019.871 | I80: =IFERROR((K80*$I$6)," ") -> 23315.157 | J80: =IFERROR((K80*$J$6)," ") -> 24610.444 | K80: =VLOOKUP(F80,'Tabela Salarial_CLT'!$B:$G,6,0) -> 25905.73 | L80: =IFERROR((K80*$L$6)," ") -> 27201.017 | M80: =IFERROR((K80*$M$6)," ") -> 28496.303 | N80: =IFERROR((K80*$N$6)," ") -> 29791.589 | O80: =IFERROR((K80*$O$6)," ") -> 31086.876
B81: Analista Arquitetura | C81: Incorporação | D81: =6000/1.49 -> 4026.8456 | F81: 14 | G81: =IFERROR((K81*$G$6)," ") -> 3754.688 | H81: =IFERROR((K81*$H$6)," ") -> 3989.356 | I81: =IFERROR((K81*$I$6)," ") -> 4224.024 | J81: =IFERROR((K81*$J$6)," ") -> 4458.692 | K81: =VLOOKUP(F81,'Tabela Salarial_CLT'!$B:$G,6,0) -> 4693.36 | L81: =IFERROR((K81*$L$6)," ") -> 4928.028 | M81: =IFERROR((K81*$M$6)," ") -> 5162.696 | N81: =IFERROR((K81*$N$6)," ") -> 5397.364 | O81: =IFERROR((K81*$O$6)," ") -> 5632.032
B82: Gerente Incorporação | C82: Incorporação | D82: 14045.455 | E82: 18908.46 | F82: 20 | G82: =IFERROR((K82*$G$6)," ") -> 12219.2 | H82: =IFERROR((K82*$H$6)," ") -> 12982.9 | I82: =IFERROR((K82*$I$6)," ") -> 13746.6 | J82: =IFERROR((K82*$J$6)," ") -> 14510.3 | K82: =VLOOKUP(F82,'Tabela Salarial_CLT'!$B:$G,6,0) -> 15274 | L82: =IFERROR((K82*$L$6)," ") -> 16037.7 | M82: =IFERROR((K82*$M$6)," ") -> 16801.4 | N82: =IFERROR((K82*$N$6)," ") -> 17565.1 | O82: =IFERROR((K82*$O$6)," ") -> 18328.8

Sheet Tabela Salarial_CLT
B2: Tabela Salarial - CLT Amplitude Horizontal (no mesmo Nível): 50%
B4: Grades
C5: 0.8 | D5: 0.85 | E5: 0.9 | F5: 0.95 | G5: 1 | H5: 1.05 | I5: 1.1 | J5: 1.15 | K5: 1.2
B6: 10 | C6: =ROUND(G6*$C$5,2) -> 1867.2 | D6: =G6*$D$5 -> 1983.9 | E6: =G6*$E$5 -> 2100.6 | F6: =G6*$F$5 -> 2217.3 | G6: 2334 | H6: =G6*$H$5 -> 2450.7 | I6: =G6*$I$5 -> 2567.4 | J6: =G6*$J$5 -> 2684.1 | K6: =G6*$K$5 -> 2800.8
B7: 11 | C7: =ROUND(G7*$C$5,2) -> 2191.11 | D7: =G7*$D$5 -> 2328.0565 | E7: =G7*$E$5 -> 2465.001 | F7: =G7*$F$5 -> 2601.9455 | G7: 2738.89 | H7: =G7*$H$5 -> 2875.8345 | I7: =G7*$I$5 -> 3012.779 | J7: =G7*$J$5 -> 3149.7235 | K7: =G7*$K$5 -> 3286.668
B8: 12 | C8: =ROUND(G8*$C$5,2) -> 2593.86 | D8: =G8*$D$5 -> 2755.972 | E8: =G8*$E$5 -> 2918.088 | F8: =G8*$F$5 -> 3080.204 | G8: 3242.32 | H8: =G8*$H$5 -> 3404.436 | I8: =G8*$I$5 -> 3566.552 | J8: =G8*$J$5 -> 3728.668 | K8: =G8*$K$5 -> 3890.784
B9: 13 | C9: =ROUND(G9*$C$5,2) -> 3105.14 | D9: =G9*$D$5 -> 3299.2155 | E9: =G9*$E$5 -> 3493.287 | F9: =G9*$F$5 -> 3687.3585 | G9: 3881.43 | H9: =G9*$H$5 -> 4075.5015 | I9: =G9*$I$5 -> 4269.573 | J9: =G9*$J$5 -> 4463.6445 | K9: =G9*$K$5 -> 4657.716
B10: 14 | C10: =ROUND(G10*$C$5,2) -> 3754.69 | D10: =G10*$D$5 -> 3989.356 | E10: =G10*$E$5 -> 4224.024 | F10: =G10*$F$5 -> 4458.692 | G10: 4693.36 | H10: =G10*$H$5 -> 4928.028 | I10: =G10*$I$5 -> 5162.696 | J10: =G10*$J$5 -> 5397.364 | K10: =G10*$K$5 -> 5632.032
B11: 15 | C11: =ROUND(G11*$C$5,2) -> 4572.2 | D11: =G11*$D$5 -> 4857.9625 | E11: =G11*$E$5 -> 5143.725 | F11: =G11*$F$5 -> 5429.4875 | G11: 5715.25 | H11: =G11*$H$5 -> 6001.0125 | I11: =G11*$I$5 -> 6286.775 | J11: =G11*$J$5 -> 6572.5375 | K11: =G11*$K$5 -> 6858.3
B12: 16 | C12: =ROUND(G12*$C$5,2) -> 5587.39 | D12: =G12*$D$5 -> 5936.604 | E12: =G12*$E$5 -> 6285.816 | F12: =G12*$F$5 -> 6635.028 | G12: 6984.24 | H12: =G12*$H$5 -> 7333.452 | I12: =G12*$I$5 -> 7682.664 | J12: =G12*$J$5 -> 8031.876 | K12: =G12*$K$5 -> 8381.088
B13: 17 | C13: =ROUND(G13*$C$5,2) -> 6829.98 | D13: =G13*$D$5 -> 7256.8495 | E13: =G13*$E$5 -> 7683.723 | F13: =G13*$F$5 -> 8110.5965 | G13: 8537.47 | H13: =G13*$H$5 -> 8964.3435 | I13: =G13*$I$5 -> 9391.217 | J13: =G13*$J$5 -> 9818.0905 | K13: =G13*$K$5 -> 10244.964 | N13: S
B14: 18 | C14: =ROUND(G14*$C$5,2) -> 8329.66 | D14: =G14*$D$5 -> 8850.268 | E14: =G14*$E$5 -> 9370.872 | F14: =G14*$F$5 -> 9891.476 | G14: 10412.08 | H14: =G14*$H$5 -> 10932.684 | I14: =G14*$I$5 -> 11453.288 | J14: =G14*$J$5 -> 11973.892 | K14: =G14*$K$5 -> 12494.496
B15: 19 | C15: =ROUND(G15*$C$5,2) -> 10116.17 | D15: =G15*$D$5 -> 10748.428 | E15: =G15*$E$5 -> 11380.689 | F15: =G15*$F$5 -> 12012.95 | G15: 12645.21 | H15: =G15*$H$5 -> 13277.47 | I15: =G15*$I$5 -> 13909.731 | J15: =G15*$J$5 -> 14541.992 | K15: =G15*$K$5 -> 15174.252
B16: 20 | C16: =ROUND(G16*$C$5,2) -> 12219.2 | D16: =G16*$D$5 -> 12982.9 | E16: =G16*$E$5 -> 13746.6 | F16: =G16*$F$5 -> 14510.3 | G16: 15274 | H16: =G16*$H$5 -> 16037.7 | I16: =G16*$I$5 -> 16801.4 | J16: =G16*$J$5 -> 17565.1 | K16: =G16*$K$5 -> 18328.8
B17: 21 | C17: =ROUND(G17*$C$5,2) -> 14668.47 | D17: =G17*$D$5 -> 15585.252 | E17: =G17*$E$5 -> 16502.031 | F17: =G17*$F$5 -> 17418.81 | G17: 18335.59 | H17: =G17*$H$5 -> 19252.37 | I17: =G17*$I$5 -> 20169.149 | J17: =G17*$J$5 -> 21085.929 | K17: =G17*$K$5 -> 22002.708
B18: 22 | C18: =ROUND(G18*$C$5,2) -> 17493.7 | D18: =G18*$D$5 -> 18587.052 | E18: =G18*$E$5 -> 19680.408 | F18: =G18*$F$5 -> 20773.764 | G18: 21867.12 | H18: =G18*$H$5 -> 22960.476 | I18: =G18*$I$5 -> 24053.832 | J18: =G18*$J$5 -> 25147.188 | K18: =G18*$K$5 -> 26240.544
B19: 23 | C19: =ROUND(G19*$C$5,2) -> 20724.58 | D19: =G19*$D$5 -> 22019.871 | E19: =G19*$E$5 -> 23315.157 | F19: =G19*$F$5 -> 24610.444 | G19: 25905.73 | H19: =G19*$H$5 -> 27201.017 | I19: =G19*$I$5 -> 28496.303 | J19: =G19*$J$5 -> 29791.589 | K19: =G19*$K$5 -> 31086.876
B20: 24 | C20: =ROUND(G20*$C$5,2) -> 24390.85 | D20: =G20*$D$5 -> 25915.276 | E20: =G20*$E$5 -> 27439.704 | F20: =G20*$F$5 -> 28964.132 | G20: 30488.56 | H20: =G20*$H$5 -> 32012.988 | I20: =G20*$I$5 -> 33537.416 | J20: =G20*$J$5 -> 35061.844 | K20: =G20*$K$5 -> 36586.272
B21: 25 | C21: =ROUND(G21*$C$5,2) -> 28522.2 | D21: =G21*$D$5 -> 30304.838 | E21: =G21*$E$5 -> 32087.475 | F21: =G21*$F$5 -> 33870.113 | G21: 35652.75 | H21: =G21*$H$5 -> 37435.387 | I21: =G21*$I$5 -> 39218.025 | J21: =G21*$J$5 -> 41000.662 | K21: =G21*$K$5 -> 42783.3
B22: 26 | C22: =ROUND(G22*$C$5,2) -> 33148.35 | D22: =G22*$D$5 -> 35220.124 | E22: =G22*$E$5 -> 37291.896 | F22: =G22*$F$5 -> 39363.668 | G22: 41435.44 | H22: =G22*$H$5 -> 43507.212 | I22: =G22*$I$5 -> 45578.984 | J22: =G22*$J$5 -> 47650.756 | K22: =G22*$K$5 -> 49722.528
B23: 27 | C23: =ROUND(G23*$C$5,2) -> 38299.02 | D23: =G23*$D$5 -> 40692.704 | E23: =G23*$E$5 -> 43086.393 | F23: =G23*$F$5 -> 45480.082 | G23: 47873.77 | H23: =G23*$H$5 -> 50267.459 | I23: =G23*$I$5 -> 52661.147 | J23: =G23*$J$5 -> 55054.836 | K23: =G23*$K$5 -> 57448.524
B24: 28 | C24: =ROUND(G24*$C$5,2) -> 44003.9 | D24: =G24*$D$5 -> 46754.148 | E24: =G24*$E$5 -> 49504.392 | F24: =G24*$F$5 -> 52254.636 | G24: 55004.88 | H24: =G24*$H$5 -> 57755.124 | I24: =G24*$I$5 -> 60505.368 | J24: =G24*$J$5 -> 63255.612 | K24: =G24*$K$5 -> 66005.856

Sheet Tabela Salarial_PJ
B2: Tabela Salarial PJ Amplitude Horizontal (no mesmo Nível): 50%
B4: Grades | M4: Nível Operacional / Nível de Liderança | N4: Mult | O4: Grades
C5: 0.8 | D5: 0.85 | E5: 0.9 | F5: 0.95 | G5: 1 | H5: 1.05 | I5: 1.1 | J5: 1.15 | K5: 1.2
B6: 10 | C6: =ROUND(G6*$C$5,2) -> 2782.13 | D6: =G6*$D$5 -> 2956.011 | E6: =G6*$E$5 -> 3129.894 | F6: =G6*$F$5 -> 3303.777 | G6: ='Tabela Salarial_CLT'!G6*N6 -> 3477.66 | H6: =G6*$H$5 -> 3651.543 | I6: =G6*$I$5 -> 3825.426 | J6: =G6*$J$5 -> 3999.309 | K6: =G6*$K$5 -> 4173.192 | M6: Operacional | N6: 1.49 | O6: 10 | P6: =N6 -> 1.49
B7: 11 | C7: =ROUND(G7*$C$5,2) -> 3264.76 | D7: =G7*$D$5 -> 3468.8042 | E7: =G7*$E$5 -> 3672.8515 | F7: =G7*$F$5 -> 3876.8988 | G7: ='Tabela Salarial_CLT'!G7*N7 -> 4080.9461 | H7: =G7*$H$5 -> 4284.9934 | I7: =G7*$I$5 -> 4489.0407 | J7: =G7*$J$5 -> 4693.088 | K7: =G7*$K$5 -> 4897.1353 | M7: Operacional | N7: 1.49 | O7: 11 | P7: =N7 -> 1.49
B8: 12 | C8: =ROUND(G8*$C$5,2) -> 3864.85 | D8: =G8*$D$5 -> 4106.3983 | E8: =G8*$E$5 -> 4347.9511 | F8: =G8*$F$5 -> 4589.504 | G8: ='Tabela Salarial_CLT'!G8*N8 -> 4831.0568 | H8: =G8*$H$5 -> 5072.6096 | I8: =G8*$I$5 -> 5314.1625 | J8: =G8*$J$5 -> 5555.7153 | K8: =G8*$K$5 -> 5797.2682 | M8: Operacional | N8: 1.49 | O8: 12 | P8: =N8 -> 1.49
B9: 13 | C9: =ROUND(G9*$C$5,2) -> 4626.66 | D9: =G9*$D$5 -> 4915.8311 | E9: =G9*$E$5 -> 5204.9976 | F9: =G9*$F$5 -> 5494.1642 | G9: ='Tabela Salarial_CLT'!G9*N9 -> 5783.3307 | H9: =G9*$H$5 -> 6072.4972 | I9: =G9*$I$5 -> 6361.6638 | J9: =G9*$J$5 -> 6650.8303 | K9: =G9*$K$5 -> 6939.9968 | M9: Operacional | N9: 1.49 | O9: 13 | P9: =N9 -> 1.49
B10: 14 | C10: =ROUND(G10*$C$5,2) -> 5594.49 | D10: =G10*$D$5 -> 5944.1404 | E10: =G10*$E$5 -> 6293.7958 | F10: =G10*$F$5 -> 6643.4511 | G10: ='Tabela Salarial_CLT'!G10*N10 -> 6993.1064 | H10: =G10*$H$5 -> 7342.7617 | I10: =G10*$I$5 -> 7692.417 | J10: =G10*$J$5 -> 8042.0724 | K10: =G10*$K$5 -> 8391.7277 | M10: Operacional | N10: 1.49 | O10: 14 | P10: =N10 -> 1.49
B11: 15 | C11: =ROUND(G11*$C$5,2) -> 6812.58 | D11: =G11*$D$5 -> 7238.3641 | E11: =G11*$E$5 -> 7664.1502 | F11: =G11*$F$5 -> 8089.9364 | G11: ='Tabela Salarial_CLT'!G11*N11 -> 8515.7225 | H11: =G11*$H$5 -> 8941.5086 | I11: =G11*$I$5 -> 9367.2947 | J11: =G11*$J$5 -> 9793.0809 | K11: =G11*$K$5 -> 10218.867 | M11: Operacional | N11: 1.49 | O11: 15 | P11: =N11 -> 1.49
B12: 16 | C12: =ROUND(G12*$C$5,2) -> 8325.21 | D12: =G12*$D$5 -> 8845.54 | E12: =G12*$E$5 -> 9365.8658 | F12: =G12*$F$5 -> 9886.1917 | G12: ='Tabela Salarial_CLT'!G12*N12 -> 10406.518 | H12: =G12*$H$5 -> 10926.843 | I12: =G12*$I$5 -> 11447.169 | J12: =G12*$J$5 -> 11967.495 | K12: =G12*$K$5 -> 12487.821 | M12: Operacional | N12: 1.49 | O12: 16 | P12: =N12 -> 1.49
B13: 17 | C13: =ROUND(G13*$C$5,2) -> 10244.96 | D13: =G13*$D$5 -> 10885.274 | E13: =G13*$E$5 -> 11525.585 | F13: =G13*$F$5 -> 12165.895 | G13: ='Tabela Salarial_CLT'!G13*N13 -> 12806.205 | H13: =G13*$H$5 -> 13446.515 | I13: =G13*$I$5 -> 14086.826 | J13: =G13*$J$5 -> 14727.136 | K13: =G13*$K$5 -> 15367.446 | M13: Operacional/Coordenador | N13: 1.5 | O13: 17 | P13: =N13 -> 1.5
B14: 18 | C14: =ROUND(G14*$C$5,2) -> 12105.78 | D14: =G14*$D$5 -> 12862.389 | E14: =G14*$E$5 -> 13619.001 | F14: =G14*$F$5 -> 14375.612 | G14: ='Tabela Salarial_CLT'!G14*N14 -> 15132.223 | H14: =G14*$H$5 -> 15888.834 | I14: =G14*$I$5 -> 16645.445 | J14: =G14*$J$5 -> 17402.056 | K14: =G14*$K$5 -> 18158.668 | M14: Operacional/Gerente/Coordenador | N14: 1.4533333 | O14: 18 | P14: =N14 -> 1.4533333
B15: 19 | C15: =ROUND(G15*$C$5,2) -> 14314.38 | D15: =G15*$D$5 -> 15209.026 | E15: =G15*$E$5 -> 16103.675 | F15: =G15*$F$5 -> 16998.324 | G15: ='Tabela Salarial_CLT'!G15*N15 -> 17892.972 | H15: =G15*$H$5 -> 18787.621 | I15: =G15*$I$5 -> 19682.269 | J15: =G15*$J$5 -> 20576.918 | K15: =G15*$K$5 -> 21471.567 | M15: Coordenador/Gerente | N15: 1.415 | O15: 19 | P15: =N15 -> 1.415
B16: 20 | C16: =ROUND(G16*$C$5,2) -> 17290.17 | D16: =G16*$D$5 -> 18370.804 | E16: =G16*$E$5 -> 19451.439 | F16: =G16*$F$5 -> 20532.074 | G16: ='Tabela Salarial_CLT'!G16*N16 -> 21612.71 | H16: =G16*$H$5 -> 22693.345 | I16: =G16*$I$5 -> 23773.981 | J16: =G16*$J$5 -> 24854.617 | K16: =G16*$K$5 -> 25935.252 | M16: Coordenador/Gerente | N16: 1.415 | O16: 20 | P16: =N16 -> 1.415
B17: 21 | C17: =ROUND(G17*$C$5,2) -> 20755.89 | D17: =G17*$D$5 -> 22053.131 | E17: =G17*$E$5 -> 23350.374 | F17: =G17*$F$5 -> 24647.617 | G17: ='Tabela Salarial_CLT'!G17*N17 -> 25944.86 | H17: =G17*$H$5 -> 27242.103 | I17: =G17*$I$5 -> 28539.346 | J17: =G17*$J$5 -> 29836.589 | K17: =G17*$K$5 -> 31133.832 | M17: Coordenador/Gerente | N17: 1.415 | O17: 21 | P17: =N17 -> 1.415
... B24: 28 | C24: =ROUND(G24*$C$5,2) -> 45764.06 | D24: =G24*$D$5 -> 48624.314 | E24: =G24*$E$5 -> 51484.568 | F24: =G24*$F$5 -> 54344.821 | G24: ='Tabela Salarial_CLT'!G24*N24 -> 57205.075 | H24: =G24*$H$5 -> 60065.329 | I24: =G24*$I$5 -> 62925.583 | J24: =G24*$J$5 -> 65785.836 | K24: =G24*$K$5 -> 68646.09 | M24: Diretor | N24: 1.04 | O24: 28 | P24: =N24 -> 1.04

Sheet Previsão Custo Enquadramento
A1: Cod do funcionário | B1: Cargo Atual | C1: Cargo Estrutura Salarial | D1: Área | E1: Nível Organizacional | F1: Tipo de Contratação | G1: Carga Horária | H1: Salário | I1: Grade Tabela | J1: Tabela - Inicial Faixa | K1: Dif Tabela | L1: Dif Enquadramento Tabela | M1: Posicionamento na Tabela | N1: Tabela - 100% | O1: Dif 100% | P1: Todos 100% | Q1: Atual - Máximo
A2: 1362 | B2: ALMOXARIFE | C2: Almoxarife | D2: Edificação | E2: Operacional | F2: CLT | G2: 220 | H2: 3683 | I2: =VLOOKUP(C2,'Estrutura Salarial'!B:F,5,0) -> 12 | J2: =IF(F2="CLT",IFERROR(VLOOKUP(I2,'Tabela Salarial_CLT'!B:C,2,0),""),IFERROR(VLOOKUP(I2,'Tabela Salarial_PJ'!B:C,2,0),"")) -> 2593.86 | K2: =J2-H2 -> -1089.14 | L2: =IF(K2<0,0,IF(K2>0,K2,IF(K2=0,0,""))) -> 0 | M2: =IF(F2="CLT",H2/(VLOOKUP(I2,'Tabela Salarial_CLT'!B:G,6,0)),H2/(VLOOKUP(I2,'Tabela Salarial_PJ'!B:G,6,0))) -> 1.135915 | N2: =IF(F2="CLT",IFERROR(VLOOKUP(I2,'Tabela Salarial_CLT'!B:G,6,0),""),IFERROR(VLOOKUP(I2,'Tabela Salarial_PJ'!B:G,6,0),"")) -> 3242.32 | O2: =IF(F2="CLT",N2-H2,-(H2)+N2) -> -440.68 | P2: =IF(O2<0,0,if(O2>0,O2,if(O2=0,0,""))) -> 0 | Q2: =IF(F2="CLT",(VLOOKUP(I2,'Tabela Salarial_CLT'!B:K,10,0))-H2,(VLOOKUP(I2,'Tabela Salarial_PJ'!B:K,10,0))-H2) -> 207.784
A3: 1957 | B3: ALMOXARIFE | C3: Almoxarife | D3: Edificação | E3: Operacional | F3: CLT | G3: 220 | H3: 3683 | I3: =VLOOKUP(C3,'Estrutura Salarial'!B:F,5,0) -> 12 | J3: =IF(F3="CLT",IFERROR(VLOOKUP(I3,'Tabela Salarial_CLT'!B:C,2,0),""),IFERROR(VLOOKUP(I3,'Tabela Salarial_PJ'!B:C,2,0),"")) -> 2593.86 | K3: =J3-H3 -> -1089.14 | L3: =IF(K3<0,0,IF(K3>0,K3,IF(K3=0,0,""))) -> 0 | M3: =IF(F3="CLT",H3/(VLOOKUP(I3,'Tabela Salarial_CLT'!B:G,6,0)),H3/(VLOOKUP(I3,'Tabela Salarial_PJ'!B:G,6,0))) -> 1.135915 | N3: =IF(F3="CLT",IFERROR(VLOOKUP(I3,'Tabela Salarial_CLT'!B:G,6,0),""),IFERROR(VLOOKUP(I3,'Tabela Salarial_PJ'!B:G,6,0),"")) -> 3242.32 | O3: =IF(F3="CLT",N3-H3,-(H3)+N3) -> -440.68 | P3: =IF(O3<0,0,if(O3>0,O3,if(O3=0,0,""))) -> 0 | Q3: =IF(F3="CLT",(VLOOKUP(I3,'Tabela Salarial_CLT'!B:K,10,0))-H3,(VLOOKUP(I3,'Tabela Salarial_PJ'!B:K,10,0))-H3) -> 207.784
A4: 1964 | B4: ANALISTA DE COMPRAS | C4: Analista Compras Jr | D4: Suprimentos | E4: Operacional | F4: CLT | G4: 220 | H4: 3780 | I4: =VLOOKUP(C4,'Estrutura Salarial'!B:F,5,0) -> 14 | J4: =IF(F4="CLT",IFERROR(VLOOKUP(I4,'Tabela Salarial_CLT'!B:C,2,0),""),IFERROR(VLOOKUP(I4,'Tabela Salarial_PJ'!B:C,2,0),"")) -> 3754.69 | K4: =J4-H4 -> -25.31 | L4: =IF(K4<0,0,IF(K4>0,K4,IF(K4=0,0,""))) -> 0 | M4: =IF(F4="CLT",H4/(VLOOKUP(I4,'Tabela Salarial_CLT'!B:G,6,0)),H4/(VLOOKUP(I4,'Tabela Salarial_PJ'!B:G,6,0))) -> 0.80539315 | N4: =IF(F4="CLT",IFERROR(VLOOKUP(I4,'Tabela Salarial_CLT'!B:G,6,0),""),IFERROR(VLOOKUP(I4,'Tabela Salarial_PJ'!B:G,6,0),"")) -> 4693.36 | O4: =IF(F4="CLT",N4-H4,-(H4)+N4) -> 913.36 | P4: =IF(O4<0,0,if(O4>0,O4,if(O4=0,0,""))) -> 913.36 | Q4: =IF(F4="CLT",(VLOOKUP(I4,'Tabela Salarial_CLT'!B:K,10,0))-H4,(VLOOKUP(I4,'Tabela Salarial_PJ'!B:K,10,0))-H4) -> 1852.032
A5: 1910 | B5: ANALISTA DE CRIAÇAO | C5: Analista Criação | D5: Marketing | E5: Operacional | F5: CLT | G5: 220 | H5: 5429 | I5: =VLOOKUP(C5,'Estrutura Salarial'!B:F,5,0) -> 14 | J5: =IF(F5="CLT",IFERROR(VLOOKUP(I5,'Tabela Salarial_CLT'!B:C,2,0),""),IFERROR(VLOOKUP(I5,'Tabela Salarial_PJ'!B:C,2,0),"")) -> 3754.69 | K5: =J5-H5 -> -1674.31 | L5: =IF(K5<0,0,IF(K5>0,K5,IF(K5=0,0,""))) -> 0 | M5: =IF(F5="CLT",H5/(VLOOKUP(I5,'Tabela Salarial_CLT'!B:G,6,0)),H5/(VLOOKUP(I5,'Tabela Salarial_PJ'!B:G,6,0))) -> 1.1567406 | N5: =IF(F5="CLT",IFERROR(VLOOKUP(I5,'Tabela Salarial_CLT'!B:G,6,0),""),IFERROR(VLOOKUP(I5,'Tabela Salarial_PJ'!B:G,6,0),"")) -> 4693.36 | O5: =IF(F5="CLT",N5-H5,-(H5)+N5) -> -735.64 | P5: =IF(O5<0,0,if(O5>0,O5,if(O5=0,0,""))) -> 0 | Q5: =IF(F5="CLT",(VLOOKUP(I5,'Tabela Salarial_CLT'!B:K,10,0))-H5,(VLOOKUP(I5,'Tabela Salarial_PJ'!B:K,10,0))-H5) -> 203.032
A6: PJ1 | B6: ANALISTA DE INOVAÇÃO | C6: Analista Inovação | D6: Inovação | E6: Tático | F6: PJ | G6: 220 | H6: 10000 | I6: =VLOOKUP(C6,'Estrutura Salarial'!B:F,5,0) -> 15 | J6: =IF(F6="CLT",IFERROR(VLOOKUP(I6,'Tabela Salarial_CLT'!B:C,2,0),""),IFERROR(VLOOKUP(I6,'Tabela Salarial_PJ'!B:C,2,0),"")) -> 6812.58 | K6: =J6-H6 -> -3187.42 | L6: =IF(K6<0,0,IF(K6>0,K6,IF(K6=0,0,""))) -> 0 | M6: =IF(F6="CLT",H6/(VLOOKUP(I6,'Tabela Salarial_CLT'!B:G,6,0)),H6/(VLOOKUP(I6,'Tabela Salarial_PJ'!B:G,6,0))) -> 1.1742985 | N6: =IF(F6="CLT",IFERROR(VLOOKUP(I6,'Tabela Salarial_CLT'!B:G,6,0),""),IFERROR(VLOOKUP(I6,'Tabela Salarial_PJ'!B:G,6,0),"")) -> 8515.7225 | O6: =IF(F6="CLT",N6-H6,-(H6)+N6) -> -1484.2775 | P6: =IF(O6<0,0,if(O6>0,O6,if(O6=0,0,""))) -> 0 | Q6: =IF(F6="CLT",(VLOOKUP(I6,'Tabela Salarial_CLT'!B:K,10,0))-H6,(VLOOKUP(I6,'Tabela Salarial_PJ'!B:K,10,0))-H6) -> 218.867
A7: 1373 | B7: ANALISTA DE MANUTENÇÃO II | C7: Analista Manutenção Pl | D7: Edificação | E7: Operacional | F7: CLT | G7: 220 | H7: 4550 | I7: =VLOOKUP(C7,'Estrutura Salarial'!B:F,5,0) -> 14 | J7: =IF(F7="CLT",IFERROR(VLOOKUP(I7,'Tabela Salarial_CLT'!B:C,2,0),""),IFERROR(VLOOKUP(I7,'Tabela Salarial_PJ'!B:C,2,0),"")) -> 3754.69 | K7: =J7-H7 -> -795.31 | L7: =IF(K7<0,0,IF(K7>0,K7,IF(K7=0,0,""))) -> 0 | M7: =IF(F7="CLT",H7/(VLOOKUP(I7,'Tabela Salarial_CLT'!B:G,6,0)),H7/(VLOOKUP(I7,'Tabela Salarial_PJ'!B:G,6,0))) -> 0.96945472 | N7: =IF(F7="CLT",IFERROR(VLOOKUP(I7,'Tabela Salarial_CLT'!B:G,6,0),""),IFERROR(VLOOKUP(I7,'Tabela Salarial_PJ'!B:G,6,0),"")) -> 4693.36 | O7: =IF(F7="CLT",N7-H7,-(H7)+N7) -> 143.36 | P7: =IF(O7<0,0,if(O7>0,O7,if(O7=0,0,""))) -> 143.36 | Q7: =IF(F7="CLT",(VLOOKUP(I7,'Tabela Salarial_CLT'!B:K,10,0))-H7,(VLOOKUP(I7,'Tabela Salarial_PJ'!B:K,10,0))-H7) -> 1082.032
A8: 139 | B8: ANALISTA DE MARKETING l | C8: Analista Marketing Jr | D8: Marketing | E8: Operacional | F8: CLT | G8: 220 | H8: 4025.88 | I8: =VLOOKUP(C8,'Estrutura Salarial'!B:F,5,0) -> 13 | J8: =IF(F8="CLT",IFERROR(VLOOKUP(I8,'Tabela Salarial_CLT'!B:C,2,0),""),IFERROR(VLOOKUP(I8,'Tabela Salarial_PJ'!B:C,2,0),"")) -> 3105.14 | K8: =J8-H8 -> -920.74 | L8: =IF(K8<0,0,IF(K8>0,K8,IF(K8=0,0,""))) -> 0 | M8: =IF(F8="CLT",H8/(VLOOKUP(I8,'Tabela Salarial_CLT'!B:G,6,0)),H8/(VLOOKUP(I8,'Tabela Salarial_PJ'!B:G,6,0))) -> 1.0372157 | N8: =IF(F8="CLT",IFERROR(VLOOKUP(I8,'Tabela Salarial_CLT'!B:G,6,0),""),IFERROR(VLOOKUP(I8,'Tabela Salarial_PJ'!B:G,6,0),"")) -> 3881.43 | O8: =IF(F8="CLT",N8-H8,-(H8)+N8) -> -144.45 | P8: =IF(O8<0,0,if(O8>0,O8,if(O8=0,0,""))) -> 0 | Q8: =IF(F8="CLT",(VLOOKUP(I8,'Tabela Salarial_CLT'!B:K,10,0))-H8,(VLOOKUP(I8,'Tabela Salarial_PJ'!B:K,10,0))-H8) -> 631.836
A9: 1962 | B9: ANALISTA DE PÓS VENDAS II | C9: Analista Pós-Vendas Pl | D9: Pós Vendas | E9: Operacional | F9: CLT | G9: 220 | H9: 4550 | I9: =VLOOKUP(C9,'Estrutura Salarial'!B:F,5,0) -> 14 | J9: =IF(F9="CLT",IFERROR(VLOOKUP(I9,'Tabela Salarial_CLT'!B:C,2,0),""),IFERROR(VLOOKUP(I9,'Tabela Salarial_PJ'!B:C,2,0),"")) -> 3754.69 | K9: =J9-H9 -> -795.31 | L9: =IF(K9<0,0,IF(K9>0,K9,IF(K9=0,0,""))) -> 0 | M9: =IF(F9="CLT",H9/(VLOOKUP(I9,'Tabela Salarial_CLT'!B:G,6,0)),H9/(VLOOKUP(I9,'Tabela Salarial_PJ'!B:G,6,0))) -> 0.96945472 | N9: =IF(F9="CLT",IFERROR(VLOOKUP(I9,'Tabela Salarial_CLT'!B:G,6,0),""),IFERROR(VLOOKUP(I9,'Tabela Salarial_PJ'!B:G,6,0),"")) -> 4693.36 | O9: =IF(F9="CLT",N9-H9,-(H9)+N9) -> 143.36 | P9: =IF(O9<0,0,if(O9>0,O9,if(O9=0,0,""))) -> 143.36 | Q9: =IF(F9="CLT",(VLOOKUP(I9,'Tabela Salarial_CLT'!B:K,10,0))-H9,(VLOOKUP(I9,'Tabela Salarial_PJ'!B:K,10,0))-H9) -> 1082.032
A10: 187 | B10: ANALISTA DE URBANISMO | C10: Analista Urbanismo Pl | D10: Urbanismo | E10: Operacional | F10: CLT | G10: 220 | H10: 5830 | I10: =VLOOKUP(C10,'Estrutura Salarial'!B:F,5,0) -> 16 | J10: =IF(F10="CLT",IFERROR(VLOOKUP(I10,'Tabela Salarial_CLT'!B:C,2,0),""),IFERROR(VLOOKUP(I10,'Tabela Salarial_PJ'!B:C,2,0),"")) -> 5587.39 | K10: =J10-H10 -> -242.61 | L10: =IF(K10<0,0,IF(K10>0,K10,IF(K10=0,0,""))) -> 0 | M10: =IF(F10="CLT",H10/(VLOOKUP(I10,'Tabela Salarial_CLT'!B:G,6,0)),H10/(VLOOKUP(I10,'Tabela Salarial_PJ'!B:G,6,0))) -> 0.83473649 | N10: =IF(F10="CLT",IFERROR(VLOOKUP(I10,'Tabela Salarial_CLT'!B:G,6,0),""),IFERROR(VLOOKUP(I10,'Tabela Salarial_PJ'!B:G,6,0),"")) -> 6984.24 | O10: =IF(F10="CLT",N10-H10,-(H10)+N10) -> 1154.24 | P10: =IF(O10<0,0,if(O10>0,O10,if(O10=0,0,""))) -> 1154.24 | Q10: =IF(F10="CLT",(VLOOKUP(I10,'Tabela Salarial_CLT'!B:K,10,0))-H10,(VLOOKUP(I10,'Tabela Salarial_PJ'!B:K,10,0))-H10) -> 2551.088
A11: 1868 | B11: ANALISTA FINANCEIRO COMERCIAL III | C11: Analista Financeiro Comercial Sr | D11: Financeiro | E11: Operacional | F11: CLT | G11: 220 | H11: 5213 | I11: =VLOOKUP(C11,'Estrutura Salarial'!B:F,5,0) -> 15 | J11: =IF(F11="CLT",IFERROR(VLOOKUP(I11,'Tabela Salarial_CLT'!B:C,2,0),""),IFERROR(VLOOKUP(I11,'Tabela Salarial_PJ'!B:C,2,0),"")) -> 4572.2 | K11: =J11-H11 -> -640.8 | L11: =IF(K11<0,0,IF(K11>0,K11,IF(K11=0,0,""))) -> 0 | M11: =IF(F11="CLT",H11/(VLOOKUP(I11,'Tabela Salarial_CLT'!B:G,6,0)),H11/(VLOOKUP(I11,'Tabela Salarial_PJ'!B:G,6,0))) -> 0.91212108 | N11: =IF(F11="CLT",IFERROR(VLOOKUP(I11,'Tabela Salarial_CLT'!B:G,6,0),""),IFERROR(VLOOKUP(I11,'Tabela Salarial_PJ'!B:G,6,0),"")) -> 5715.25 | O11: =IF(F11="CLT",N11-H11,-(H11)+N11) -> 502.25 | P11: =IF(O11<0,0,if(O11>0,O11,if(O11=0,0,""))) -> 502.25 | Q11: =IF(F11="CLT",(VLOOKUP(I11,'Tabela Salarial_CLT'!B:K,10,0))-H11,(VLOOKUP(I11,'Tabela Salarial_PJ'!B:K,10,0))-H11) -> 1645.3
A12: 176 | B12: ANALISTA FINANCEIRO DE CAPTAÇÃO DE RECURSOS III | C12: Analista Financeiro Captação Recursos Sr | D12: Financeiro | E12: Operacional | F12: CLT | G12: 220 | H12: 5213 | I12: =VLOOKUP(C12,'Estrutura Salarial'!B:F,5,0) -> 15 | J12: =IF(F12="CLT",IFERROR(VLOOKUP(I12,'Tabela Salarial_CLT'!B:C,2,0),""),IFERROR(VLOOKUP(I12,'Tabela Salarial_PJ'!B:C,2,0),"")) -> 4572.2 | K12: =J12-H12 -> -640.8 | L12: =IF(K12<0,0,IF(K12>0,K12,IF(K12=0,0,""))) -> 0 | M12: =IF(F12="CLT",H12/(VLOOKUP(I12,'Tabela Salarial_CLT'!B:G,6,0)),H12/(VLOOKUP(I12,'Tabela Salarial_PJ'!B:G,6,0))) -> 0.91212108 | N12: =IF(F12="CLT",IFERROR(VLOOKUP(I12,'Tabela Salarial_CLT'!B:G,6,0),""),IFERROR(VLOOKUP(I12,'Tabela Salarial_PJ'!B:G,6,0),"")) -> 5715.25 | O12: =IF(F12="CLT",N12-H12,-(H12)+N12) -> 502.25 | P12: =IF(O12<0,0,if(O12>0,O12,if(O12=0,0,""))) -> 502.25 | Q12: =IF(F12="CLT",(VLOOKUP(I12,'Tabela Salarial_CLT'!B:K,10,0))-H12,(VLOOKUP(I12,'Tabela Salarial_PJ'!B:K,10,0))-H12) -> 1645.3
A13: 1927 | B13: ANALISTA FINANCEIRO I | C13: Analista Financeiro Jr | D13: Financeiro | E13: Operacional | F13: CLT | G13: 220 | H13: 3993 | I13: =VLOOKUP(C13,'Estrutura Salarial'!B:F,5,0) -> 13 | J13: =IF(F13="CLT",IFERROR(VLOOKUP(I13,'Tabela Salarial_CLT'!B:C,2,0),""),IFERROR(VLOOKUP(I13,'Tabela Salarial_PJ'!B:C,2,0),"")) -> 3105.14 | K13: =J13-H13 -> -887.86 | L13: =IF(K13<0,0,IF(K13>0,K13,IF(K13=0,0,""))) -> 0 | M13: =IF(F13="CLT",H13/(VLOOKUP(I13,'Tabela Salarial_CLT'!B:G,6,0)),H13/(VLOOKUP(I13,'Tabela Salarial_PJ'!B:G,6,0))) -> 1.0287446 | N13: =IF(F13="CLT",IFERROR(VLOOKUP(I13,'Tabela Salarial_CLT'!B:G,6,0),""),IFERROR(VLOOKUP(I13,'Tabela Salarial_PJ'!B:G,6,0),"")) -> 3881.43 | O13: =IF(F13="CLT",N13-H13,-(H13)+N13) -> -111.57 | P13: =IF(O13<0,0,if(O13>0,O13,if(O13=0,0,""))) -> 0 | Q13: =IF(F13="CLT",(VLOOKUP(I13,'Tabela Salarial_CLT'!B:K,10,0))-H13,(VLOOKUP(I13,'Tabela Salarial_PJ'!B:K,10,0))-H13) -> 664.716
A14: 164 | B14: ASSISTENTE ADM DE LEGALIZAÇÃO III | C14: Assistente Adm Legalização | D14: Legalização | E14: Operacional | F14: CLT | G14: 220 | H14: 3652 | I14: =VLOOKUP(C14,'Estrutura Salarial'!B:F,5,0) -> 12 | J14: =IF(F14="CLT",IFERROR(VLOOKUP(I14,'Tabela Salarial_CLT'!B:C,2,0),""),IFERROR(VLOOKUP(I14,'Tabela Salarial_PJ'!B:C,2,0),"")) -> 2593.86 | K14: =J14-H14 -> -1058.14 | L14: =IF(K14<0,0,IF(K14>0,K14,IF(K14=0,0,""))) -> 0 | M14: =IF(F14="CLT",H14/(VLOOKUP(I14,'Tabela Salarial_CLT'!B:G,6,0)),H14/(VLOOKUP(I14,'Tabela Salarial_PJ'!B:G,6,0))) -> 1.126354 | N14: =IF(F14="CLT",IFERROR(VLOOKUP(I14,'Tabela Salarial_CLT'!B:G,6,0),""),IFERROR(VLOOKUP(I14,'Tabela Salarial_PJ'!B:G,6,0),"")) -> 3242.32 | O14: =IF(F14="CLT",N14-H14,-(H14)+N14) -> -409.68 | P14: =IF(O14<0,0,if(O14>0,O14,if(O14=0,0,""))) -> 0 | Q14: =IF(F14="CLT",(VLOOKUP(I14,'Tabela Salarial_CLT'!B:K,10,0))-H14,(VLOOKUP(I14,'Tabela Salarial_PJ'!B:K,10,0))-H14) -> 238.784
A15: 1892 | B15: ASSISTENTE ADMINISTRATIVO lll | C15: Assistente Administrativo | D15: Administrativo | E15: Operacional | F15: CLT | G15: 220 | H15: 3439.7 | I15: =VLOOKUP(C15,'Estrutura Salarial'!B:F,5,0) -> 11 | J15: =IF(F15="CLT",IFERROR(VLOOKUP(I15,'Tabela Salarial_CLT'!B:C,2,0),""),IFERROR(VLOOKUP(I15,'Tabela Salarial_PJ'!B:C,2,0),"")) -> 2191.11 | K15: =J15-H15 -> -1248.59 | L15: =IF(K15<0,0,IF(K15>0,K15,IF(K15=0,0,""))) -> 0 | M15: =IF(F15="CLT",H15/(VLOOKUP(I15,'Tabela Salarial_CLT'!B:G,6,0)),H15/(VLOOKUP(I15,'Tabela Salarial_PJ'!B:G,6,0))) -> 1.2558737 | N15: =IF(F15="CLT",IFERROR(VLOOKUP(I15,'Tabela Salarial_CLT'!B:G,6,0),""),IFERROR(VLOOKUP(I15,'Tabela Salarial_PJ'!B:G,6,0),"")) -> 2738.89 | O15: =IF(F15="CLT",N15-H15,-(H15)+N15) -> -700.81 | P15: =IF(O15<0,0,if(O15>0,O15,if(O15=0,0,""))) -> 0 | Q15: =IF(F15="CLT",(VLOOKUP(I15,'Tabela Salarial_CLT'!B:K,10,0))-H15,(VLOOKUP(I15,'Tabela Salarial_PJ'!B:K,10,0))-H15) -> -153.032
A16: 1940 | B16: ASSISTENTE DE CONTROLADORIA III | C16: Assistente Controladoria | D16: Controladoria | E16: Operacional | F16: CLT | G16: 220 | H16: 3652 | I16: =VLOOKUP(C16,'Estrutura Salarial'!B:F,5,0) -> 12 | J16: =IF(F16="CLT",IFERROR(VLOOKUP(I16,'Tabela Salarial_CLT'!B:C,2,0),""),IFERROR(VLOOKUP(I16,'Tabela Salarial_PJ'!B:C,2,0),"")) -> 2593.86 | K16: =J16-H16 -> -1058.14 | L16: =IF(K16<0,0,IF(K16>0,K16,IF(K16=0,0,""))) -> 0 | M16: =IF(F16="CLT",H16/(VLOOKUP(I16,'Tabela Salarial_CLT'!B:G,6,0)),H16/(VLOOKUP(I16,'Tabela Salarial_PJ'!B:G,6,0))) -> 1.126354 | N16: =IF(F16="CLT",IFERROR(VLOOKUP(I16,'Tabela Salarial_CLT'!B:G,6,0),""),IFERROR(VLOOKUP(I16,'Tabela Salarial_PJ'!B:G,6,0),"")) -> 3242.32 | O16: =IF(F16="CLT",N16-H16,-(H16)+N16) -> -409.68 | P16: =IF(O16<0,0,if(O16>0,O16,if(O16=0,0,""))) -> 0 | Q16: =IF(F16="CLT",(VLOOKUP(I16,'Tabela Salarial_CLT'!B:K,10,0))-H16,(VLOOKUP(I16,'Tabela Salarial_PJ'!B:K,10,0))-H16) -> 238.784
A17: 1963 | B17: ASSISTENTE DE ENGENHARIA lll | C17: Assistente Engenharia | D17: Edificação | E17: Operacional | F17: CLT | G17: 220 | H17: 3652 | I17: =VLOOKUP(C17,'Estrutura Salarial'!B:F,5,0) -> 13 | J17: =IF(F17="CLT",IFERROR(VLOOKUP(I17,'Tabela Salarial_CLT'!B:C,2,0),""),IFERROR(VLOOKUP(I17,'Tabela Salarial_PJ'!B:C,2,0),"")) -> 3105.14 | K17: =J17-H17 -> -546.86 | L17: =IF(K17<0,0,IF(K17>0,K17,IF(K17=0,0,""))) -> 0 | M17: =IF(F17="CLT",H17/(VLOOKUP(I17,'Tabela Salarial_CLT'!B:G,6,0)),H17/(VLOOKUP(I17,'Tabela Salarial_PJ'!B:G,6,0))) -> 0.94089034 | N17: =IF(F17="CLT",IFERROR(VLOOKUP(I17,'Tabela Salarial_CLT'!B:G,6,0),""),IFERROR(VLOOKUP(I17,'Tabela Salarial_PJ'!B:G,6,0),"")) -> 3881.43 | O17: =IF(F17="CLT",N17-H17,-(H17)+N17) -> 229.43 | P17: =IF(O17<0,0,if(O17>0,O17,if(O17=0,0,""))) -> 229.43 | Q17: =IF(F17="CLT",(VLOOKUP(I17,'Tabela Salarial_CLT'!B:K,10,0))-H17,(VLOOKUP(I17,'Tabela Salarial_PJ'!B:K,10,0))-H17) -> 1005.716
A18: 190 | B18: ASSISTENTE DE MARKETING | C18: Assistente Marketing | D18: Marketing | E18: Operacional | F18: CLT | G18: 220 | H18: 2919 | I18: =VLOOKUP(C18,'Estrutura Salarial'!B:F,5,0) -> 11 | J18: =IF(F18="CLT",IFERROR(VLOOKUP(I18,'Tabela Salarial_CLT'!B:C,2,0),""),IFERROR(VLOOKUP(I18,'Tabela Salarial_PJ'!B:C,2,0),"")) -> 2191.11 | K18: =J18-H18 -> -727.89 | L18: =IF(K18<0,0,IF(K18>0,K18,IF(K18=0,0,""))) -> 0 | M18: =IF(F18="CLT",H18/(VLOOKUP(I18,'Tabela Salarial_CLT'!B:G,6,0)),H18/(VLOOKUP(I18,'Tabela Salarial_PJ'!B:G,6,0))) -> 1.0657602 | N18: =IF(F18="CLT",IFERROR(VLOOKUP(I18,'Tabela Salarial_CLT'!B:G,6,0),""),IFERROR(VLOOKUP(I18,'Tabela Salarial_PJ'!B:G,6,0),"")) -> 2738.89 | O18: =IF(F18="CLT",N18-H18,-(H18)+N18) -> -180.11 | P18: =IF(O18<0,0,if(O18>0,O18,if(O18=0,0,""))) -> 0 | Q18: =IF(F18="CLT",(VLOOKUP(I18,'Tabela Salarial_CLT'!B:K,10,0))-H18,(VLOOKUP(I18,'Tabela Salarial_PJ'!B:K,10,0))-H18) -> 367.668
... A27: 191 | B27: AUXILIAR DE ENGENHARIA | C27: Auxiliar Engenharia | D27: Urbanismo | E27: Operacional | F27: CLT | G27: 220 | H27: 2560 | I27: =VLOOKUP(C27,'Estrutura Salarial'!B:F,5,0) -> 11 | J27: =IF(F27="CLT",IFERROR(VLOOKUP(I27,'Tabela Salarial_CLT'!B:C,2,0),""),IFERROR(VLOOKUP(I27,'Tabela Salarial_PJ'!B:C,2,0),"")) -> 2191.11 | K27: =J27-H27 -> -368.89 | L27: =IF(K27<0,0,IF(K27>0,K27,IF(K27=0,0,""))) -> 0 | M27: =IF(F27="CLT",H27/(VLOOKUP(I27,'Tabela Salarial_CLT'!B:G,6,0)),H27/(VLOOKUP(I27,'Tabela Salarial_PJ'!B:G,6,0))) -> 0.93468522 | N27: =IF(F27="CLT",IFERROR(VLOOKUP(I27,'Tabela Salarial_CLT'!B:G,6,0),""),IFERROR(VLOOKUP(I27,'Tabela Salarial_PJ'!B:G,6,0),"")) -> 2738.89 | O27: =IF(F27="CLT",N27-H27,-(H27)+N27) -> 178.89 | P27: =IF(O27<0,0,if(O27>0,O27,if(O27=0,0,""))) -> 178.89 | Q27: =IF(F27="CLT",(VLOOKUP(I27,'Tabela Salarial_CLT'!B:K,10,0))-H27,(VLOOKUP(I27,'Tabela Salarial_PJ'!B:K,10,0))-H27) -> 726.668
A28: PJ2 | B28: CONTROLER JURÍDICO | C28: Controller Jurídico | D28: Administrativo | E28: Tático | F28: PJ | G28: 220 | H28: 11339 | I28: =VLOOKUP(C28,'Estrutura Salarial'!B:F,5,0) -> 17 | J28: =IF(F28="CLT",IFERROR(VLOOKUP(I28,'Tabela Salarial_CLT'!B:C,2,0),""),IFERROR(VLOOKUP(I28,'Tabela Salarial_PJ'!B:C,2,0),"")) -> 10244.96 | K28: =J28-H28 -> -1094.04 | L28: =IF(K28<0,0,IF(K28>0,K28,IF(K28=0,0,""))) -> 0 | M28: =IF(F28="CLT",H28/(VLOOKUP(I28,'Tabela Salarial_CLT'!B:G,6,0)),H28/(VLOOKUP(I28,'Tabela Salarial_PJ'!B:G,6,0))) -> 0.88543015 | N28: =IF(F28="CLT",IFERROR(VLOOKUP(I28,'Tabela Salarial_CLT'!B:G,6,0),""),IFERROR(VLOOKUP(I28,'Tabela Salarial_PJ'!B:G,6,0),"")) -> 12806.205 | O28: =IF(F28="CLT",N28-H28,-(H28)+N28) -> 1467.205 | P28: =IF(O28<0,0,if(O28>0,O28,if(O28=0,0,""))) -> 1467.205 | Q28: =IF(F28="CLT",(VLOOKUP(I28,'Tabela Salarial_CLT'!B:K,10,0))-H28,(VLOOKUP(I28,'Tabela Salarial_PJ'!B:K,10,0))-H28) -> 4028.446
A29: PJ3 | B29: CONTROLLER GERAL | C29: Controller Geral | D29: Controladoria | E29: Tático | F29: PJ | G29: 220 | H29: 16000 | I29: =VLOOKUP(C29,'Estrutura Salarial'!B:F,5,0) -> 20 | J29: =IF(F29="CLT",IFERROR(VLOOKUP(I29,'Tabela Salarial_CLT'!B:C,2,0),""),IFERROR(VLOOKUP(I29,'Tabela Salarial_PJ'!B:C,2,0),"")) -> 17290.17 | K29: =J29-H29 -> 1290.17 | L29: =IF(K29<0,0,IF(K29>0,K29,IF(K29=0,0,""))) -> 1290.17 | M29: =IF(F29="CLT",H29/(VLOOKUP(I29,'Tabela Salarial_CLT'!B:G,6,0)),H29/(VLOOKUP(I29,'Tabela Salarial_PJ'!B:G,6,0))) -> 0.74030513 | N29: =IF(F29="CLT",IFERROR(VLOOKUP(I29,'Tabela Salarial_CLT'!B:G,6,0),""),IFERROR(VLOOKUP(I29,'Tabela Salarial_PJ'!B:G,6,0),"")) -> 21612.71 | O29: =IF(F29="CLT",N29-H29,-(H29)+N29) -> 5612.71 | P29: =IF(O29<0,0,if(O29>0,O29,if(O29=0,0,""))) -> 5612.71 | Q29: =IF(F29="CLT",(VLOOKUP(I29,'Tabela Salarial_CLT'!B:K,10,0))-H29,(VLOOKUP(I29,'Tabela Salarial_PJ'!B:K,10,0))-H29) -> 9935.252
A30: PJ4 | B30: CONTROLLER TÉCNICO | C30: Controller Técnico | D30: Controladoria | E30: Tático | F30: PJ | G30: 220 | H30: 12663.6 | I30: =VLOOKUP(C30,'Estrutura Salarial'!B:F,5,0) -> 18 | J30: =IF(F30="CLT",IFERROR(VLOOKUP(I30,'Tabela Salarial_CLT'!B:C,2,0),""),IFERROR(VLOOKUP(I30,'Tabela Salarial_PJ'!B:C,2,0),"")) -> 12105.78 | K30: =J30-H30 -> -557.82 | L30: =IF(K30<0,0,IF(K30>0,K30,IF(K30=0,0,""))) -> 0 | M30: =IF(F30="CLT",H30/(VLOOKUP(I30,'Tabela Salarial_CLT'!B:G,6,0)),H30/(VLOOKUP(I30,'Tabela Salarial_PJ'!B:G,6,0))) -> 0.83686317 | N30: =IF(F30="CLT",IFERROR(VLOOKUP(I30,'Tabela Salarial_CLT'!B:G,6,0),""),IFERROR(VLOOKUP(I30,'Tabela Salarial_PJ'!B:G,6,0),"")) -> 15132.223 | O30: =IF(F30="CLT",N30-H30,-(H30)+N30) -> 2468.6229 | P30: =IF(O30<0,0,if(O30>0,O30,if(O30=0,0,""))) -> 2468.6229 | Q30: =IF(F30="CLT",(VLOOKUP(I30,'Tabela Salarial_CLT'!B:K,10,0))-H30,(VLOOKUP(I30,'Tabela Salarial_PJ'!B:K,10,0))-H30) -> 5495.0675
A31: 1959 | B31: COORDENADOR DE DHO | C31: Coordenador DHO | D31: DHO | E31: Tático | F31: CLT | G31: 220 | H31: 7420 | I31: =VLOOKUP(C31,'Estrutura Salarial'!B:F,5,0) -> 19 | J31: =IF(F31="CLT",IFERROR(VLOOKUP(I31,'Tabela Salarial_CLT'!B:C,2,0),""),IFERROR(VLOOKUP(I31,'Tabela Salarial_PJ'!B:C,2,0),"")) -> 10116.17 | K31: =J31-H31 -> 2696.17 | L31: =IF(K31<0,0,IF(K31>0,K31,IF(K31=0,0,""))) -> 2696.17 | M31: =IF(F31="CLT",H31/(VLOOKUP(I31,'Tabela Salarial_CLT'!B:G,6,0)),H31/(VLOOKUP(I31,'Tabela Salarial_PJ'!B:G,6,0))) -> 0.58678345 | N31: =IF(F31="CLT",IFERROR(VLOOKUP(I31,'Tabela Salarial_CLT'!B:G,6,0),""),IFERROR(VLOOKUP(I31,'Tabela Salarial_PJ'!B:G,6,0),"")) -> 12645.21 | O31: =IF(F31="CLT",N31-H31,-(H31)+N31) -> 5225.21 | P31: =IF(O31<0,0,if(O31>0,O31,if(O31=0,0,""))) -> 5225.21 | Q31: =IF(F31="CLT",(VLOOKUP(I31,'Tabela Salarial_CLT'!B:K,10,0))-H31,(VLOOKUP(I31,'Tabela Salarial_PJ'!B:K,10,0))-H31) -> 7754.252
A32: 151 | B32: COORDENADOR DE LEGAIZAÇÃO ll | C32: Coordenador Legalização | D32: Legalização | E32: Tático | F32: CLT | G32: 220 | H32: 8647 | I32: =VLOOKUP(C32,'Estrutura Salarial'!B:F,5,0) -> 17 | J32: =IF(F32="CLT",IFERROR(VLOOKUP(I32,'Tabela Salarial_CLT'!B:C,2,0),""),IFERROR(VLOOKUP(I32,'Tabela Salarial_PJ'!B:C,2,0),"")) -> 6829.98 | K32: =J32-H32 -> -1817.02 | L32: =IF(K32<0,0,IF(K32>0,K32,IF(K32=0,0,""))) -> 0 | M32: =IF(F32="CLT",H32/(VLOOKUP(I32,'Tabela Salarial_CLT'!B:G,6,0)),H32/(VLOOKUP(I32,'Tabela Salarial_PJ'!B:G,6,0))) -> 1.0128293 | N32: =IF(F32="CLT",IFERROR(VLOOKUP(I32,'Tabela Salarial_CLT'!B:G,6,0),""),IFERROR(VLOOKUP(I32,'Tabela Salarial_PJ'!B:G,6,0),"")) -> 8537.47 | O32: =IF(F32="CLT",N32-H32,-(H32)+N32) -> -109.53 | P32: =IF(O32<0,0,if(O32>0,O32,if(O32=0,0,""))) -> 0 | Q32: =IF(F32="CLT",(VLOOKUP(I32,'Tabela Salarial_CLT'!B:K,10,0))-H32,(VLOOKUP(I32,'Tabela Salarial_PJ'!B:K,10,0))-H32) -> 1597.964
A33: 1911 | B33: COORDENADOR DE MARKETING II | C33: Coordenador Marketing | D33: Marketing | E33: Tático | F33: CLT | G33: 220 | H33: 8647 | I33: =VLOOKUP(C33,'Estrutura Salarial'!B:F,5,0) -> 17 | J33: =IF(F33="CLT",IFERROR(VLOOKUP(I33,'Tabela Salarial_CLT'!B:C,2,0),""),IFERROR(VLOOKUP(I33,'Tabela Salarial_PJ'!B:C,2,0),"")) -> 6829.98 | K33: =J33-H33 -> -1817.02 | L33: =IF(K33<0,0,IF(K33>0,K33,IF(K33=0,0,""))) -> 0 | M33: =IF(F33="CLT",H33/(VLOOKUP(I33,'Tabela Salarial_CLT'!B:G,6,0)),H33/(VLOOKUP(I33,'Tabela Salarial_PJ'!B:G,6,0))) -> 1.0128293 | N33: =IF(F33="CLT",IFERROR(VLOOKUP(I33,'Tabela Salarial_CLT'!B:G,6,0),""),IFERROR(VLOOKUP(I33,'Tabela Salarial_PJ'!B:G,6,0),"")) -> 8537.47 | O33: =IF(F33="CLT",N33-H33,-(H33)+N33) -> -109.53 | P33: =IF(O33<0,0,if(O33>0,O33,if(O33=0,0,""))) -> 0 | Q33: =IF(F33="CLT",(VLOOKUP(I33,'Tabela Salarial_CLT'!B:K,10,0))-H33,(VLOOKUP(I33,'Tabela Salarial_PJ'!B:K,10,0))-H33) -> 1597.964
A34: 1452 | B34: COORDENADOR DE OBRAS | C34: Mestre de Obras | D34: Edificação | E34: Operacional | F34: CLT | G34: 220 | H34: 8714 | I34: =VLOOKUP(C34,'Estrutura Salarial'!B:F,5,0) -> 19 | J34: =IF(F34="CLT",IFERROR(VLOOKUP(I34,'Tabela Salarial_CLT'!B:C,2,0),""),IFERROR(VLOOKUP(I34,'Tabela Salarial_PJ'!B:C,2,0),"")) -> 10116.17 | K34: =J34-H34 -> 1402.17 | L34: =IF(K34<0,0,IF(K34>0,K34,IF(K34=0,0,""))) -> 1402.17 | M34: =IF(F34="CLT",H34/(VLOOKUP(I34,'Tabela Salarial_CLT'!B:G,6,0)),H34/(VLOOKUP(I34,'Tabela Salarial_PJ'!B:G,6,0))) -> 0.68911469 | N34: =IF(F34="CLT",IFERROR(VLOOKUP(I34,'Tabela Salarial_CLT'!B:G,6,0),""),IFERROR(VLOOKUP(I34,'Tabela Salarial_PJ'!B:G,6,0),"")) -> 12645.21 | O34: =IF(F34="CLT",N34-H34,-(H34)+N34) -> 3931.21 | P34: =IF(O34<0,0,if(O34>0,O34,if(O34=0,0,""))) -> 3931.21 | Q34: =IF(F34="CLT",(VLOOKUP(I34,'Tabela Salarial_CLT'!B:K,10,0))-H34,(VLOOKUP(I34,'Tabela Salarial_PJ'!B:K,10,0))-H34) -> 6460.252
A35: PJ5 | B35: COORDENADOR DE SUPRIMENTOS | C35: Coordenador Suprimentos | D35: Suprimentos | E35: Tático | F35: PJ | G35: 220 | H35: 16000 | I35: =VLOOKUP(C35,'Estrutura Salarial'!B:F,5,0) -> 19 | J35: =IF(F35="CLT",IFERROR(VLOOKUP(I35,'Tabela Salarial_CLT'!B:C,2,0),""),IFERROR(VLOOKUP(I35,'Tabela Salarial_PJ'!B:C,2,0),"")) -> 14314.38 | K35: =J35-H35 -> -1685.62 | L35: =IF(K35<0,0,IF(K35>0,K35,IF(K35=0,0,""))) -> 0 | M35: =IF(F35="CLT",H35/(VLOOKUP(I35,'Tabela Salarial_CLT'!B:G,6,0)),H35/(VLOOKUP(I35,'Tabela Salarial_PJ'!B:G,6,0))) -> 0.89420583 | N35: =IF(F35="CLT",IFERROR(VLOOKUP(I35,'Tabela Salarial_CLT'!B:G,6,0),""),IFERROR(VLOOKUP(I35,'Tabela Salarial_PJ'!B:G,6,0),"")) -> 17892.972 | O35: =IF(F35="CLT",N35-H35,-(H35)+N35) -> 1892.9722 | P35: =IF(O35<0,0,if(O35>0,O35,if(O35=0,0,""))) -> 1892.9722 | Q35: =IF(F35="CLT",(VLOOKUP(I35,'Tabela Salarial_CLT'!B:K,10,0))-H35,(VLOOKUP(I35,'Tabela Salarial_PJ'!B:K,10,0))-H35) -> 5471.5666
A36: PJ6 | B36: COORDENADOR FINANCEIRO | C36: Coordenador Financeiro | D36: Financeiro | E36: Tático | F36: PJ | G36: 220 | H36: 12000 | I36: =VLOOKUP(C36,'Estrutura Salarial'!B:F,5,0) -> 19 | J36: =IF(F36="CLT",IFERROR(VLOOKUP(I36,'Tabela Salarial_CLT'!B:C,2,0),""),IFERROR(VLOOKUP(I36,'Tabela Salarial_PJ'!B:C,2,0),"")) -> 14314.38 | K36: =J36-H36 -> 2314.38 | L36: =IF(K36<0,0,IF(K36>0,K36,IF(K36=0,0,""))) -> 2314.38 | M36: =IF(F36="CLT",H36/(VLOOKUP(I36,'Tabela Salarial_CLT'!B:G,6,0)),H36/(VLOOKUP(I36,'Tabela Salarial_PJ'!B:G,6,0))) -> 0.67065437 | N36: =IF(F36="CLT",IFERROR(VLOOKUP(I36,'Tabela Salarial_CLT'!B:G,6,0),""),IFERROR(VLOOKUP(I36,'Tabela Salarial_PJ'!B:G,6,0),"")) -> 17892.972 | O36: =IF(F36="CLT",N36-H36,-(H36)+N36) -> 5892.9721 | P36: =IF(O36<0,0,if(O36>0,O36,if(O36=0,0,""))) -> 5892.9721 | Q36: =IF(F36="CLT",(VLOOKUP(I36,'Tabela Salarial_CLT'!B:K,10,0))-H36,(VLOOKUP(I36,'Tabela Salarial_PJ'!B:K,10,0))-H36) -> 9471.5666
A37: PJ7 | B37: DIRETOR | C37: Diretor | D37: Comercial | E37: Estratégico | F37: PJ | G37: 220 | H37: 58000 | I37: =VLOOKUP(C37,'Estrutura Salarial'!B:F,5,0) -> 28 | J37: =IF(F37="CLT",IFERROR(VLOOKUP(I37,'Tabela Salarial_CLT'!B:C,2,0),""),IFERROR(VLOOKUP(I37,'Tabela Salarial_PJ'!B:C,2,0),"")) -> 45764.06 | K37: =J37-H37 -> -12235.94 | L37: =IF(K37<0,0,IF(K37>0,K37,IF(K37=0,0,""))) -> 0 | M37: =IF(F37="CLT",H37/(VLOOKUP(I37,'Tabela Salarial_CLT'!B:G,6,0)),H37/(VLOOKUP(I37,'Tabela Salarial_PJ'!B:G,6,0))) -> 1.0138961 | N37: =IF(F37="CLT",IFERROR(VLOOKUP(I37,'Tabela Salarial_CLT'!B:G,6,0),""),IFERROR(VLOOKUP(I37,'Tabela Salarial_PJ'!B:G,6,0),"")) -> 57205.075 | O37: =IF(F37="CLT",N37-H37,-(H37)+N37) -> -794.9248 | P37: =IF(O37<0,0,if(O37>0,O37,if(O37=0,0,""))) -> 0 | Q37: =IF(F37="CLT",(VLOOKUP(I37,'Tabela Salarial_CLT'!B:K,10,0))-H37,(VLOOKUP(I37,'Tabela Salarial_PJ'!B:K,10,0))-H37) -> 10646.09
A38: 132 | B38: ENCARREGADO DE OBRAS | C38: Encarregado Loteamento | D38: Urbanismo | E38: Operacional | F38: CLT | G38: 220 | H38: 8461 | I38: =VLOOKUP(C38,'Estrutura Salarial'!B:F,5,0) -> 18 | J38: =IF(F38="CLT",IFERROR(VLOOKUP(I38,'Tabela Salarial_CLT'!B:C,2,0),""),IFERROR(VLOOKUP(I38,'Tabela Salarial_PJ'!B:C,2,0),"")) -> 8329.66 | K38: =J38-H38 -> -131.34 | L38: =IF(K38<0,0,IF(K38>0,K38,IF(K38=0,0,""))) -> 0 | M38: =IF(F38="CLT",H38/(VLOOKUP(I38,'Tabela Salarial_CLT'!B:G,6,0)),H38/(VLOOKUP(I38,'Tabela Salarial_PJ'!B:G,6,0))) -> 0.81261381 | N38: =IF(F38="CLT",IFERROR(VLOOKUP(I38,'Tabela Salarial_CLT'!B:G,6,0),""),IFERROR(VLOOKUP(I38,'Tabela Salarial_PJ'!B:G,6,0),"")) -> 10412.08 | O38: =IF(F38="CLT",N38-H38,-(H38)+N38) -> 1951.08 | P38: =IF(O38<0,0,if(O38>0,O38,if(O38=0,0,""))) -> 1951.08 | Q38: =IF(F38="CLT",(VLOOKUP(I38,'Tabela Salarial_CLT'!B:K,10,0))-H38,(VLOOKUP(I38,'Tabela Salarial_PJ'!B:K,10,0))-H38) -> 4033.496
A39: 182 | B39: ENCARREGADO DE OBRAS | C39: Encarregado Loteamento | D39: Urbanismo | E39: Operacional | F39: CLT | G39: 220 | H39: 11540 | I39: =VLOOKUP(C39,'Estrutura Salarial'!B:F,5,0) -> 18 | J39: =IF(F39="CLT",IFERROR(VLOOKUP(I39,'Tabela Salarial_CLT'!B:C,2,0),""),IFERROR(VLOOKUP(I39,'Tabela Salarial_PJ'!B:C,2,0),"")) -> 8329.66 | K39: =J39-H39 -> -3210.34 | L39: =IF(K39<0,0,IF(K39>0,K39,IF(K39=0,0,""))) -> 0 | M39: =IF(F39="CLT",H39/(VLOOKUP(I39,'Tabela Salarial_CLT'!B:G,6,0)),H39/(VLOOKUP(I39,'Tabela Salarial_PJ'!B:G,6,0))) -> 1.108328 | N39: =IF(F39="CLT",IFERROR(VLOOKUP(I39,'Tabela Salarial_CLT'!B:G,6,0),""),IFERROR(VLOOKUP(I39,'Tabela Salarial_PJ'!B:G,6,0),"")) -> 10412.08 | O39: =IF(F39="CLT",N39-H39,-(H39)+N39) -> -1127.92 | P39: =IF(O39<0,0,if(O39>0,O39,if(O39=0,0,""))) -> 0 | Q39: =IF(F39="CLT",(VLOOKUP(I39,'Tabela Salarial_CLT'!B:K,10,0))-H39,(VLOOKUP(I39,'Tabela Salarial_PJ'!B:K,10,0))-H39) -> 954.496
A40: 1351 | B40: ENCARREGADO OBRAS/MANUTENCAO | C40: Encarregado Obras / Manutenção | D40: Edificação | E40: Operacional | F40: CLT | G40: 220 | H40: 8714 | I40: =VLOOKUP(C40,'Estrutura Salarial'!B:F,5,0) -> 17 | J40: =IF(F40="CLT",IFERROR(VLOOKUP(I40,'Tabela Salarial_CLT'!B:C,2,0),""),IFERROR(VLOOKUP(I40,'Tabela Salarial_PJ'!B:C,2,0),"")) -> 6829.98 | K40: =J40-H40 -> -1884.02 | L40: =IF(K40<0,0,IF(K40>0,K40,IF(K40=0,0,""))) -> 0 | M40: =IF(F40="CLT",H40/(VLOOKUP(I40,'Tabela Salarial_CLT'!B:G,6,0)),H40/(VLOOKUP(I40,'Tabela Salarial_PJ'!B:G,6,0))) -> 1.0206771 | N40: =IF(F40="CLT",IFERROR(VLOOKUP(I40,'Tabela Salarial_CLT'!B:G,6,0),""),IFERROR(VLOOKUP(I40,'Tabela Salarial_PJ'!B:G,6,0),"")) -> 8537.47 | O40: =IF(F40="CLT",N40-H40,-(H40)+N40) -> -176.53 | P40: =IF(O40<0,0,if(O40>0,O40,if(O40=0,0,""))) -> 0 | Q40: =IF(F40="CLT",(VLOOKUP(I40,'Tabela Salarial_CLT'!B:K,10,0))-H40,(VLOOKUP(I40,'Tabela Salarial_PJ'!B:K,10,0))-H40) -> 1530.964
A41: PJ8 | B41: ENGENHEIRO JUNIOR DE URBANISMO | C41: Engenheiro Urbanismo Jr | D41: Urbanismo | E41: Operacional | F41: PJ | G41: 220 | H41: 8390 | I41: =VLOOKUP(C41,'Estrutura Salarial'!B:F,5,0) -> 17 | J41: =IF(F41="CLT",IFERROR(VLOOKUP(I41,'Tabela Salarial_CLT'!B:C,2,0),""),IFERROR(VLOOKUP(I41,'Tabela Salarial_PJ'!B:C,2,0),"")) -> 10244.96 | K41: =J41-H41 -> 1854.96 | L41: =IF(K41<0,0,IF(K41>0,K41,IF(K41=0,0,""))) -> 1854.96 | M41: =IF(F41="CLT",H41/(VLOOKUP(I41,'Tabela Salarial_CLT'!B:G,6,0)),H41/(VLOOKUP(I41,'Tabela Salarial_PJ'!B:G,6,0))) -> 0.65515116 | N41: =IF(F41="CLT",IFERROR(VLOOKUP(I41,'Tabela Salarial_CLT'!B:G,6,0),""),IFERROR(VLOOKUP(I41,'Tabela Salarial_PJ'!B:G,6,0),"")) -> 12806.205 | O41: =IF(F41="CLT",N41-H41,-(H41)+N41) -> 4416.205 | P41: =IF(O41<0,0,if(O41>0,O41,if(O41=0,0,""))) -> 4416.205 | Q41: =IF(F41="CLT",(VLOOKUP(I41,'Tabela Salarial_CLT'!B:K,10,0))-H41,(VLOOKUP(I41,'Tabela Salarial_PJ'!B:K,10,0))-H41) -> 6977.446
A42: PJ9 | B42: ENGENHEIRO SÊNIOR | C42: Engenheiro Sr | D42: Edificação | E42: Tático | F42: PJ | G42: 220 | H42: 19000 | I42: =VLOOKUP(C42,'Estrutura Salarial'!B:F,5,0) -> 19 | J42: =IF(F42="CLT",IFERROR(VLOOKUP(I42,'Tabela Salarial_CLT'!B:C,2,0),""),IFERROR(VLOOKUP(I42,'Tabela Salarial_PJ'!B:C,2,0),"")) -> 14314.38 | K42: =J42-H42 -> -4685.62 | L42: =IF(K42<0,0,IF(K42>0,K42,IF(K42=0,0,""))) -> 0 | M42: =IF(F42="CLT",H42/(VLOOKUP(I42,'Tabela Salarial_CLT'!B:G,6,0)),H42/(VLOOKUP(I42,'Tabela Salarial_PJ'!B:G,6,0))) -> 1.0618694 | N42: =IF(F42="CLT",IFERROR(VLOOKUP(I42,'Tabela Salarial_CLT'!B:G,6,0),""),IFERROR(VLOOKUP(I42,'Tabela Salarial_PJ'!B:G,6,0),"")) -> 17892.972 | O42: =IF(F42="CLT",N42-H42,-(H42)+N42) -> -1107.0278 | P42: =IF(O42<0,0,if(O42>0,O42,if(O42=0,0,""))) -> 0 | Q42: =IF(F42="CLT",(VLOOKUP(I42,'Tabela Salarial_CLT'!B:K,10,0))-H42,(VLOOKUP(I42,'Tabela Salarial_PJ'!B:K,10,0))-H42) -> 2471.5666
A43: PJ10 | B43: GERENTE ADMINISTRATIVA | C43: Gerente Administrativo | D43: Administrativo | E43: Tático | F43: PJ | G43: 220 | H43: 16160 | I43: =VLOOKUP(C43,'Estrutura Salarial'!B:F,5,0) -> 21 | J43: =IF(F43="CLT",IFERROR(VLOOKUP(I43,'Tabela Salarial_CLT'!B:C,2,0),""),IFERROR(VLOOKUP(I43,'Tabela Salarial_PJ'!B:C,2,0),"")) -> 20755.89 | K43: =J43-H43 -> 4595.89 | L43: =IF(K43<0,0,IF(K43>0,K43,IF(K43=0,0,""))) -> 4595.89 | M43: =IF(F43="CLT",H43/(VLOOKUP(I43,'Tabela Salarial_CLT'!B:G,6,0)),H43/(VLOOKUP(I43,'Tabela Salarial_PJ'!B:G,6,0))) -> 0.62285941 | N43: =IF(F43="CLT",IFERROR(VLOOKUP(I43,'Tabela Salarial_CLT'!B:G,6,0),""),IFERROR(VLOOKUP(I43,'Tabela Salarial_PJ'!B:G,6,0),"")) -> 25944.86 | O43: =IF(F43="CLT",N43-H43,-(H43)+N43) -> 9784.8599 | P43: =IF(O43<0,0,if(O43>0,O43,if(O43=0,0,""))) -> 9784.8599 | Q43: =IF(F43="CLT",(VLOOKUP(I43,'Tabela Salarial_CLT'!B:K,10,0))-H43,(VLOOKUP(I43,'Tabela Salarial_PJ'!B:K,10,0))-H43) -> 14973.832
A44: PJ11 | B44: GERENTE COMERCIAL | C44: Gerente Comercial | D44: Comercial | E44: Tático | F44: PJ | G44: 220 | H44: 15960 | I44: =VLOOKUP(C44,'Estrutura Salarial'!B:F,5,0) -> 19 | J44: =IF(F44="CLT",IFERROR(VLOOKUP(I44,'Tabela Salarial_CLT'!B:C,2,0),""),IFERROR(VLOOKUP(I44,'Tabela Salarial_PJ'!B:C,2,0),"")) -> 14314.38 | K44: =J44-H44 -> -1645.62 | L44: =IF(K44<0,0,IF(K44>0,K44,IF(K44=0,0,""))) -> 0 | M44: =IF(F44="CLT",H44/(VLOOKUP(I44,'Tabela Salarial_CLT'!B:G,6,0)),H44/(VLOOKUP(I44,'Tabela Salarial_PJ'!B:G,6,0))) -> 0.89197031 | N44: =IF(F44="CLT",IFERROR(VLOOKUP(I44,'Tabela Salarial_CLT'!B:G,6,0),""),IFERROR(VLOOKUP(I44,'Tabela Salarial_PJ'!B:G,6,0),"")) -> 17892.972 | O44: =IF(F44="CLT",N44-H44,-(H44)+N44) -> 1932.9722 | P44: =IF(O44<0,0,if(O44>0,O44,if(O44=0,0,""))) -> 1932.9722 | Q44: =IF(F44="CLT",(VLOOKUP(I44,'Tabela Salarial_CLT'!B:K,10,0))-H44,(VLOOKUP(I44,'Tabela Salarial_PJ'!B:K,10,0))-H44) -> 5511.5666
A45: PJ12 | B45: GERENTE DE EDIFICAÇÕES | C45: Gerente Edificações | D45: Edificação | E45: Tático | F45: PJ | G45: 220 | H45: 39740 | I45: =VLOOKUP(C45,'Estrutura Salarial'!B:F,5,0) -> 23 | J45: =IF(F45="CLT",IFERROR(VLOOKUP(I45,'Tabela Salarial_CLT'!B:C,2,0),""),IFERROR(VLOOKUP(I45,'Tabela Salarial_PJ'!B:C,2,0),"")) -> 27356.45 | K45: =J45-H45 -> -12383.55 | L45: =IF(K45<0,0,IF(K45>0,K45,IF(K45=0,0,""))) -> 0 | M45: =IF(F45="CLT",H45/(VLOOKUP(I45,'Tabela Salarial_CLT'!B:G,6,0)),H45/(VLOOKUP(I45,'Tabela Salarial_PJ'!B:G,6,0))) -> 1.1621391 | N45: =IF(F45="CLT",IFERROR(VLOOKUP(I45,'Tabela Salarial_CLT'!B:G,6,0),""),IFERROR(VLOOKUP(I45,'Tabela Salarial_PJ'!B:G,6,0),"")) -> 34195.564 | O45: =IF(F45="CLT",N45-H45,-(H45)+N45) -> -5544.4364 | P45: =IF(O45<0,0,if(O45>0,O45,if(O45=0,0,""))) -> 0 | Q45: =IF(F45="CLT",(VLOOKUP(I45,'Tabela Salarial_CLT'!B:K,10,0))-H45,(VLOOKUP(I45,'Tabela Salarial_PJ'!B:K,10,0))-H45) -> 1294.6763
A46: PJ13 | B46: GERENTE DE HOUSE | C46: Gerente House | D46: Comercial | E46: Tático | F46: PJ | G46: 220 | H46: 5125 | I46: =VLOOKUP(C46,'Estrutura Salarial'!B:F,5,0) -> 18 | J46: =IF(F46="CLT",IFERROR(VLOOKUP(I46,'Tabela Salarial_CLT'!B:C,2,0),""),IFERROR(VLOOKUP(I46,'Tabela Salarial_PJ'!B:C,2,0),"")) -> 12105.78 | K46: =J46-H46 -> 6980.78 | L46: =IF(K46<0,0,IF(K46>0,K46,IF(K46=0,0,""))) -> 6980.78 | M46: =IF(F46="CLT",H46/(VLOOKUP(I46,'Tabela Salarial_CLT'!B:G,6,0)),H46/(VLOOKUP(I46,'Tabela Salarial_PJ'!B:G,6,0))) -> 0.33868124 | N46: =IF(F46="CLT",IFERROR(VLOOKUP(I46,'Tabela Salarial_CLT'!B:G,6,0),""),IFERROR(VLOOKUP(I46,'Tabela Salarial_PJ'!B:G,6,0),"")) -> 15132.223 | O46: =IF(F46="CLT",N46-H46,-(H46)+N46) -> 10007.223 | P46: =IF(O46<0,0,if(O46>0,O46,if(O46=0,0,""))) -> 10007.223 | Q46: =IF(F46="CLT",(VLOOKUP(I46,'Tabela Salarial_CLT'!B:K,10,0))-H46,(VLOOKUP(I46,'Tabela Salarial_PJ'!B:K,10,0))-H46) -> 13033.668
A47: PJ14 | B47: GERENTE DE IMOBILIÁRIAS EXTERNAS | C47: Gerente Imobiliárias Externas | D47: Comercial | E47: Tático | F47: PJ | G47: 220 | H47: 5266 | I47: =VLOOKUP(C47,'Estrutura Salarial'!B:F,5,0) -> 18 | J47: =IF(F47="CLT",IFERROR(VLOOKUP(I47,'Tabela Salarial_CLT'!B:C,2,0),""),IFERROR(VLOOKUP(I47,'Tabela Salarial_PJ'!B:C,2,0),"")) -> 12105.78 | K47: =J47-H47 -> 6839.78 | L47: =IF(K47<0,0,IF(K47>0,K47,IF(K47=0,0,""))) -> 6839.78 | M47: =IF(F47="CLT",H47/(VLOOKUP(I47,'Tabela Salarial_CLT'!B:G,6,0)),H47/(VLOOKUP(I47,'Tabela Salarial_PJ'!B:G,6,0))) -> 0.3479991 | N47: =IF(F47="CLT",IFERROR(VLOOKUP(I47,'Tabela Salarial_CLT'!B:G,6,0),""),IFERROR(VLOOKUP(I47,'Tabela Salarial_PJ'!B:G,6,0),"")) -> 15132.223 | O47: =IF(F47="CLT",N47-H47,-(H47)+N47) -> 9866.2229 | P47: =IF(O47<0,0,if(O47>0,O47,if(O47=0,0,""))) -> 9866.2229 | Q47: =IF(F47="CLT",(VLOOKUP(I47,'Tabela Salarial_CLT'!B:K,10,0))-H47,(VLOOKUP(I47,'Tabela Salarial_PJ'!B:K,10,0))-H47) -> 12892.668
A48: PJ15 | B48: GERENTE DE IMOBILIÁRIAS EXTERNAS | C48: Gerente Imobiliárias Externas | D48: Comercial | E48: Tático | F48: PJ | G48: 220 | H48: 5795 | I48: =VLOOKUP(C48,'Estrutura Salarial'!B:F,5,0) -> 18 | J48: =IF(F48="CLT",IFERROR(VLOOKUP(I48,'Tabela Salarial_CLT'!B:C,2,0),""),IFERROR(VLOOKUP(I48,'Tabela Salarial_PJ'!B:C,2,0),"")) -> 12105.78 | K48: =J48-H48 -> 6310.78 | L48: =IF(K48<0,0,IF(K48>0,K48,IF(K48=0,0,""))) -> 6310.78 | M48: =IF(F48="CLT",H48/(VLOOKUP(I48,'Tabela Salarial_CLT'!B:G,6,0)),H48/(VLOOKUP(I48,'Tabela Salarial_PJ'!B:G,6,0))) -> 0.38295761 | N48: =IF(F48="CLT",IFERROR(VLOOKUP(I48,'Tabela Salarial_CLT'!B:G,6,0),""),IFERROR(VLOOKUP(I48,'Tabela Salarial_PJ'!B:G,6,0),"")) -> 15132.223 | O48: =IF(F48="CLT",N48-H48,-(H48)+N48) -> 9337.2229 | P48: =IF(O48<0,0,if(O48>0,O48,if(O48=0,0,""))) -> 9337.2229 | Q48: =IF(F48="CLT",(VLOOKUP(I48,'Tabela Salarial_CLT'!B:K,10,0))-H48,(VLOOKUP(I48,'Tabela Salarial_PJ'!B:K,10,0))-H48) -> 12363.668
A49: PJ16 | B49: GERENTE DE INCORPORAÇÃO | C49: Gerente Incorporação | D49: Incorporação | E49: Tático | F49: PJ | G49: 220 | H49: 18540 | I49: =VLOOKUP(C49,'Estrutura Salarial'!B:F,5,0) -> 20 | J49: =IF(F49="CLT",IFERROR(VLOOKUP(I49,'Tabela Salarial_CLT'!B:C,2,0),""),IFERROR(VLOOKUP(I49,'Tabela Salarial_PJ'!B:C,2,0),"")) -> 17290.17 | K49: =J49-H49 -> -1249.83 | L49: =IF(K49<0,0,IF(K49>0,K49,IF(K49=0,0,""))) -> 0 | M49: =IF(F49="CLT",H49/(VLOOKUP(I49,'Tabela Salarial_CLT'!B:G,6,0)),H49/(VLOOKUP(I49,'Tabela Salarial_PJ'!B:G,6,0))) -> 0.85782856 | N49: =IF(F49="CLT",IFERROR(VLOOKUP(I49,'Tabela Salarial_CLT'!B:G,6,0),""),IFERROR(VLOOKUP(I49,'Tabela Salarial_PJ'!B:G,6,0),"")) -> 21612.71 | O49: =IF(F49="CLT",N49-H49,-(H49)+N49) -> 3072.71 | P49: =IF(O49<0,0,if(O49>0,O49,if(O49=0,0,""))) -> 3072.71 | Q49: =IF(F49="CLT",(VLOOKUP(I49,'Tabela Salarial_CLT'!B:K,10,0))-H49,(VLOOKUP(I49,'Tabela Salarial_PJ'!B:K,10,0))-H49) -> 7395.252
A50: PJ17 | B50: GERENTE DE PARCERIAS | C50: Gerente Parcerias | D50: Comercial | E50: Tático | F50: PJ | G50: 220 | H50: 5640 | I50: =VLOOKUP(C50,'Estrutura Salarial'!B:F,5,0) -> 18 | J50: =IF(F50="CLT",IFERROR(VLOOKUP(I50,'Tabela Salarial_CLT'!B:C,2,0),""),IFERROR(VLOOKUP(I50,'Tabela Salarial_PJ'!B:C,2,0),"")) -> 12105.78 | K50: =J50-H50 -> 6465.78 | L50: =IF(K50<0,0,IF(K50>0,K50,IF(K50=0,0,""))) -> 6465.78 | M50: =IF(F50="CLT",H50/(VLOOKUP(I50,'Tabela Salarial_CLT'!B:G,6,0)),H50/(VLOOKUP(I50,'Tabela Salarial_PJ'!B:G,6,0))) -> 0.37271457 | N50: =IF(F50="CLT",IFERROR(VLOOKUP(I50,'Tabela Salarial_CLT'!B:G,6,0),""),IFERROR(VLOOKUP(I50,'Tabela Salarial_PJ'!B:G,6,0),"")) -> 15132.223 | O50: =IF(F50="CLT",N50-H50,-(H50)+N50) -> 9492.2229 | P50: =IF(O50<0,0,if(O50>0,O50,if(O50=0,0,""))) -> 9492.2229 | Q50: =IF(F50="CLT",(VLOOKUP(I50,'Tabela Salarial_CLT'!B:K,10,0))-H50,(VLOOKUP(I50,'Tabela Salarial_PJ'!B:K,10,0))-H50) -> 12518.668
A51: PJ18 | B51: GERENTE DE PARCERIAS | C51: Gerente Parcerias | D51: Comercial | E51: Tático | F51: PJ | G51: 220 | H51: 5050 | I51: =VLOOKUP(C51,'Estrutura Salarial'!B:F,5,0) -> 18 | J51: =IF(F51="CLT",IFERROR(VLOOKUP(I51,'Tabela Salarial_CLT'!B:C,2,0),""),IFERROR(VLOOKUP(I51,'Tabela Salarial_PJ'!B:C,2,0),"")) -> 12105.78 | K51: =J51-H51 -> 7055.78 | L51: =IF(K51<0,0,IF(K51>0,K51,IF(K51=0,0,""))) -> 7055.78 | M51: =IF(F51="CLT",H51/(VLOOKUP(I51,'Tabela Salarial_CLT'!B:G,6,0)),H51/(VLOOKUP(I51,'Tabela Salarial_PJ'!B:G,6,0))) -> 0.33372493 | N51: =IF(F51="CLT",IFERROR(VLOOKUP(I51,'Tabela Salarial_CLT'!B:G,6,0),""),IFERROR(VLOOKUP(I51,'Tabela Salarial_PJ'!B:G,6,0),"")) -> 15132.223 | O51: =IF(F51="CLT",N51-H51,-(H51)+N51) -> 10082.223 | P51: =IF(O51<0,0,if(O51>0,O51,if(O51=0,0,""))) -> 10082.223 | Q51: =IF(F51="CLT",(VLOOKUP(I51,'Tabela Salarial_CLT'!B:K,10,0))-H51,(VLOOKUP(I51,'Tabela Salarial_PJ'!B:K,10,0))-H51) -> 13108.668
A52: PJ19 | B52: GERENTE DE PARCERIAS EXTERNAS | C52: Gerente Parcerias Externas | D52: Comercial | E52: Tático | F52: PJ | G52: 220 | H52: 5000 | I52: =VLOOKUP(C52,'Estrutura Salarial'!B:F,5,0) -> 18 | J52: =IF(F52="CLT",IFERROR(VLOOKUP(I52,'Tabela Salarial_CLT'!B:C,2,0),""),IFERROR(VLOOKUP(I52,'Tabela Salarial_PJ'!B:C,2,0),"")) -> 12105.78 | K52: =J52-H52 -> 7105.78 | L52: =IF(K52<0,0,IF(K52>0,K52,IF(K52=0,0,""))) -> 7105.78 | M52: =IF(F52="CLT",H52/(VLOOKUP(I52,'Tabela Salarial_CLT'!B:G,6,0)),H52/(VLOOKUP(I52,'Tabela Salarial_PJ'!B:G,6,0))) -> 0.33042072 | N52: =IF(F52="CLT",IFERROR(VLOOKUP(I52,'Tabela Salarial_CLT'!B:G,6,0),""),IFERROR(VLOOKUP(I52,'Tabela Salarial_PJ'!B:G,6,0),"")) -> 15132.223 | O52: =IF(F52="CLT",N52-H52,-(H52)+N52) -> 10132.223 | P52: =IF(O52<0,0,if(O52>0,O52,if(O52=0,0,""))) -> 10132.223 | Q52: =IF(F52="CLT",(VLOOKUP(I52,'Tabela Salarial_CLT'!B:K,10,0))-H52,(VLOOKUP(I52,'Tabela Salarial_PJ'!B:K,10,0))-H52) -> 13158.668
... A54: PJ21 | B54: SUPERVISOR DE NOVOS NEGÓCIOS | C54: Supervisor Novos Negócios | D54: Novos Negócios | E54: Tático | F54: PJ | G54: 220 | H54: 12000 | I54: =VLOOKUP(C54,'Estrutura Salarial'!B:F,5,0) -> 17 | J54: =IF(F54="CLT",IFERROR(VLOOKUP(I54,'Tabela Salarial_CLT'!B:C,2,0),""),IFERROR(VLOOKUP(I54,'Tabela Salarial_PJ'!B:C,2,0),"")) -> 10244.96 | K54: =J54-H54 -> -1755.04 | L54: =IF(K54<0,0,IF(K54>0,K54,IF(K54=0,0,""))) -> 0 | M54: =IF(F54="CLT",H54/(VLOOKUP(I54,'Tabela Salarial_CLT'!B:G,6,0)),H54/(VLOOKUP(I54,'Tabela Salarial_PJ'!B:G,6,0))) -> 0.93704575 | N54: =IF(F54="CLT",IFERROR(VLOOKUP(I54,'Tabela Salarial_CLT'!B:G,6,0),""),IFERROR(VLOOKUP(I54,'Tabela Salarial_PJ'!B:G,6,0),"")) -> 12806.205 | O54: =IF(F54="CLT",N54-H54,-(H54)+N54) -> 806.205 | P54: =IF(O54<0,0,if(O54>0,O54,if(O54=0,0,""))) -> 806.205 | Q54: =IF(F54="CLT",(VLOOKUP(I54,'Tabela Salarial_CLT'!B:K,10,0))-H54,(VLOOKUP(I54,'Tabela Salarial_PJ'!B:K,10,0))-H54) -> 3367.446
A55: 186 | B55: SUPERVISOR(A) FINANCEIRO I | C55: Supervisor Financeiro | D55: Financeiro | E55: Operacional | F55: CLT | G55: 220 | H55: 5955.08 | I55: =VLOOKUP(C55,'Estrutura Salarial'!B:F,5,0) -> 16 | J55: =IF(F55="CLT",IFERROR(VLOOKUP(I55,'Tabela Salarial_CLT'!B:C,2,0),""),IFERROR(VLOOKUP(I55,'Tabela Salarial_PJ'!B:C,2,0),"")) -> 5587.39 | K55: =J55-H55 -> -367.69 | L55: =IF(K55<0,0,IF(K55>0,K55,IF(K55=0,0,""))) -> 0 | M55: =IF(F55="CLT",H55/(VLOOKUP(I55,'Tabela Salarial_CLT'!B:G,6,0)),H55/(VLOOKUP(I55,'Tabela Salarial_PJ'!B:G,6,0))) -> 0.85264538 | N55: =IF(F55="CLT",IFERROR(VLOOKUP(I55,'Tabela Salarial_CLT'!B:G,6,0),""),IFERROR(VLOOKUP(I55,'Tabela Salarial_PJ'!B:G,6,0),"")) -> 6984.24 | O55: =IF(F55="CLT",N55-H55,-(H55)+N55) -> 1029.16 | P55: =IF(O55<0,0,if(O55>0,O55,if(O55=0,0,""))) -> 1029.16 | Q55: =IF(F55="CLT",(VLOOKUP(I55,'Tabela Salarial_CLT'!B:K,10,0))-H55,(VLOOKUP(I55,'Tabela Salarial_PJ'!B:K,10,0))-H55) -> 2426.008
A56: PJ22 | B56: TECNICO ANALISTA DE CUSTOS | C56: Técnico Analista Custos | D56: Edificação | E56: Operacional | F56: PJ | G56: 220 | H56: 10430 | I56: =VLOOKUP(C56,'Estrutura Salarial'!B:F,5,0) -> 16 | J56: =IF(F56="CLT",IFERROR(VLOOKUP(I56,'Tabela Salarial_CLT'!B:C,2,0),""),IFERROR(VLOOKUP(I56,'Tabela Salarial_PJ'!B:C,2,0),"")) -> 8325.21 | K56: =J56-H56 -> -2104.79 | L56: =IF(K56<0,0,IF(K56>0,K56,IF(K56=0,0,""))) -> 0 | M56: =IF(F56="CLT",H56/(VLOOKUP(I56,'Tabela Salarial_CLT'!B:G,6,0)),H56/(VLOOKUP(I56,'Tabela Salarial_PJ'!B:G,6,0))) -> 1.0022565 | N56: =IF(F56="CLT",IFERROR(VLOOKUP(I56,'Tabela Salarial_CLT'!B:G,6,0),""),IFERROR(VLOOKUP(I56,'Tabela Salarial_PJ'!B:G,6,0),"")) -> 10406.518 | O56: =IF(F56="CLT",N56-H56,-(H56)+N56) -> -23.4824 | P56: =IF(O56<0,0,if(O56>0,O56,if(O56=0,0,""))) -> 0 | Q56: =IF(F56="CLT",(VLOOKUP(I56,'Tabela Salarial_CLT'!B:K,10,0))-H56,(VLOOKUP(I56,'Tabela Salarial_PJ'!B:K,10,0))-H56) -> 2057.8211
A57: 1871 | B57: TECNOLOGO EM CONSTRUÇÃO DE EDIFICIOS | C57: Tecnólogo Construção Edifícios | D57: Edificação | E57: Operacional | F57: CLT | G57: 220 | H57: 8585 | I57: =VLOOKUP(C57,'Estrutura Salarial'!B:F,5,0) -> 15 | J57: =IF(F57="CLT",IFERROR(VLOOKUP(I57,'Tabela Salarial_CLT'!B:C,2,0),""),IFERROR(VLOOKUP(I57,'Tabela Salarial_PJ'!B:C,2,0),"")) -> 4572.2 | K57: =J57-H57 -> -4012.8 | L57: =IF(K57<0,0,IF(K57>0,K57,IF(K57=0,0,""))) -> 0 | M57: =IF(F57="CLT",H57/(VLOOKUP(I57,'Tabela Salarial_CLT'!B:G,6,0)),H57/(VLOOKUP(I57,'Tabela Salarial_PJ'!B:G,6,0))) -> 1.5021215 | N57: =IF(F57="CLT",IFERROR(VLOOKUP(I57,'Tabela Salarial_CLT'!B:G,6,0),""),IFERROR(VLOOKUP(I57,'Tabela Salarial_PJ'!B:G,6,0),"")) -> 5715.25 | O57: =IF(F57="CLT",N57-H57,-(H57)+N57) -> -2869.75 | P57: =IF(O57<0,0,if(O57>0,O57,if(O57=0,0,""))) -> 0 | Q57: =IF(F57="CLT",(VLOOKUP(I57,'Tabela Salarial_CLT'!B:K,10,0))-H57,(VLOOKUP(I57,'Tabela Salarial_PJ'!B:K,10,0))-H57) -> -1726.7

Sheet Remuneração por Área
A1: Cod | B1: Nome | C1: Tipo de Contratação | D1: Áreas | E1: Salário | F1: Enquadramento 80% | G1: Enquadramento 100% | H1: Salário + Enquadramento 80% | I1: Salário + Enquadramento 100% | J1: Cargos Empresa | K1: Comissão | L1: Prêmios e Bônus | M1: Salário + Variável | N1: Faixa 80% | O1: Faixa 100% | P1: Dif Enquadamento 80% | Q1: Dif Enquadamento 100% | R1: Salário Enquadramento 80% + Variável | S1: Salário Enquadramento 100% + Variável
A2: ='Previsão Custo Enquadramento'!A2 -> 1362 | B2: ='Previsão Custo Enquadramento'!B2 -> ALMOXARIFE | C2: ='Previsão Custo Enquadramento'!F2 -> CLT | D2: ='Previsão Custo Enquadramento'!D2 -> Edificação | E2: ='Previsão Custo Enquadramento'!H2 -> 3683 | F2: ='Previsão Custo Enquadramento'!L2 -> 0 | G2: ='Previsão Custo Enquadramento'!P2 -> 0 | H2: =E2+F2 -> 3683 | I2: =E2+G2 -> 3683 | J2: ALMOXARIFE | L2: 221.37417 | M2: =E2+K2+L2 -> 3904.3742 | N2: ='Previsão Custo Enquadramento'!J2 -> 2593.86 | O2: ='Previsão Custo Enquadramento'!N2 -> 3242.32 | P2: =IF((N2-M2)<0,0,(N2-M2)) -> 0 | Q2: =IF((O2-M2)<0,0,(O2-M2)) -> 0 | R2: =M2+P2 -> 3904.3742 | S2: =M2+Q2 -> 3904.3742
A3: ='Previsão Custo Enquadramento'!A3 -> 1957 | B3: ='Previsão Custo Enquadramento'!B3 -> ALMOXARIFE | C3: ='Previsão Custo Enquadramento'!F3 -> CLT | D3: ='Previsão Custo Enquadramento'!D3 -> Edificação | E3: ='Previsão Custo Enquadramento'!H3 -> 3683 | F3: ='Previsão Custo Enquadramento'!L3 -> 0 | G3: ='Previsão Custo Enquadramento'!P3 -> 0 | H3: =E3+F3 -> 3683 | I3: =E3+G3 -> 3683 | J3: ALMOXARIFE | L3: 221.37417 | M3: =E3+K3+L3 -> 3904.3742 | N3: ='Previsão Custo Enquadramento'!J3 -> 2593.86 | O3: ='Previsão Custo Enquadramento'!N3 -> 3242.32 | P3: =IF((N3-M3)<0,0,(N3-M3)) -> 0 | Q3: =IF((O3-M3)<0,0,(O3-M3)) -> 0 | R3: =M3+P3 -> 3904.3742 | S3: =M3+Q3 -> 3904.3742
A4: ='Previsão Custo Enquadramento'!A4 -> 1964 | B4: ='Previsão Custo Enquadramento'!B4 -> ANALISTA DE COMPRAS | C4: ='Previsão Custo Enquadramento'!F4 -> CLT | D4: ='Previsão Custo Enquadramento'!D4 -> Suprimentos | E4: ='Previsão Custo Enquadramento'!H4 -> 3780 | F4: ='Previsão Custo Enquadramento'!L4 -> 0 | G4: ='Previsão Custo Enquadramento'!P4 -> 913.36 | H4: =E4+F4 -> 3780 | I4: =E4+G4 -> 4693.36 | J4: ANALISTA DE COMPRAS | M4: =E4+K4+L4 -> 3780 | N4: ='Previsão Custo Enquadramento'!J4 -> 3754.69 | O4: ='Previsão Custo Enquadramento'!N4 -> 4693.36 | P4: =IF((N4-M4)<0,0,(N4-M4)) -> 0 | Q4: =IF((O4-M4)<0,0,(O4-M4)) -> 913.36 | R4: =M4+P4 -> 3780 | S4: =M4+Q4 -> 4693.36
A5: ='Previsão Custo Enquadramento'!A5 -> 1910 | B5: ='Previsão Custo Enquadramento'!B5 -> ANALISTA DE CRIAÇAO | C5: ='Previsão Custo Enquadramento'!F5 -> CLT | D5: ='Previsão Custo Enquadramento'!D5 -> Marketing | E5: ='Previsão Custo Enquadramento'!H5 -> 5429 | F5: ='Previsão Custo Enquadramento'!L5 -> 0 | G5: ='Previsão Custo Enquadramento'!P5 -> 0 | H5: =E5+F5 -> 5429 | I5: =E5+G5 -> 5429 | J5: ANALISTA DE CRIAÇAO | L5: 286.31583 | M5: =E5+K5+L5 -> 5715.3158 | N5: ='Previsão Custo Enquadramento'!J5 -> 3754.69 | O5: ='Previsão Custo Enquadramento'!N5 -> 4693.36 | P5: =IF((N5-M5)<0,0,(N5-M5)) -> 0 | Q5: =IF((O5-M5)<0,0,(O5-M5)) -> 0 | R5: =M5+P5 -> 5715.3158 | S5: =M5+Q5 -> 5715.3158
A6: ='Previsão Custo Enquadramento'!A6 -> PJ1 | B6: ='Previsão Custo Enquadramento'!B6 -> ANALISTA DE INOVAÇÃO | C6: ='Previsão Custo Enquadramento'!F6 -> PJ | D6: ='Previsão Custo Enquadramento'!D6 -> Inovação | E6: ='Previsão Custo Enquadramento'!H6 -> 10000 | F6: ='Previsão Custo Enquadramento'!L6 -> 0 | G6: ='Previsão Custo Enquadramento'!P6 -> 0 | H6: =E6+F6 -> 10000 | I6: =E6+G6 -> 10000 | J6: ANALISTA DE INOVAÇÃO | L6: 754.79167 | M6: =E6+K6+L6 -> 10754.792 | N6: ='Previsão Custo Enquadramento'!J6 -> 6812.58 | O6: ='Previsão Custo Enquadramento'!N6 -> 8515.7225 | P6: =IF((N6-M6)<0,0,(N6-M6)) -> 0 | Q6: =IF((O6-M6)<0,0,(O6-M6)) -> 0 | R6: =M6+P6 -> 10754.792 | S6: =M6+Q6 -> 10754.792
A7: ='Previsão Custo Enquadramento'!A7 -> 1373 | B7: ='Previsão Custo Enquadramento'!B7 -> ANALISTA DE MANUTENÇÃO II | C7: ='Previsão Custo Enquadramento'!F7 -> CLT | D7: ='Previsão Custo Enquadramento'!D7 -> Edificação | E7: ='Previsão Custo Enquadramento'!H7 -> 4550 | F7: ='Previsão Custo Enquadramento'!L7 -> 0 | G7: ='Previsão Custo Enquadramento'!P7 -> 143.36 | H7: =E7+F7 -> 4550 | I7: =E7+G7 -> 4693.36 | J7: ANALISTA DE MANUTENÇÃO II | L7: 305.59167 | M7: =E7+K7+L7 -> 4855.5917 | N7: ='Previsão Custo Enquadramento'!J7 -> 3754.69 | O7: ='Previsão Custo Enquadramento'!N7 -> 4693.36 | P7: =IF((N7-M7)<0,0,(N7-M7)) -> 0 | Q7: =IF((O7-M7)<0,0,(O7-M7)) -> 0 | R7: =M7+P7 -> 4855.5917 | S7: =M7+Q7 -> 4855.5917
A8: ='Previsão Custo Enquadramento'!A8 -> 139 | B8: ='Previsão Custo Enquadramento'!B8 -> ANALISTA DE MARKETING l | C8: ='Previsão Custo Enquadramento'!F8 -> CLT | D8: ='Previsão Custo Enquadramento'!D8 -> Marketing | E8: ='Previsão Custo Enquadramento'!H8 -> 4025.88 | F8: ='Previsão Custo Enquadramento'!L8 -> 0 | G8: ='Previsão Custo Enquadramento'!P8 -> 0 | H8: =E8+F8 -> 4025.88 | I8: =E8+G8 -> 4025.88 | J8: ANALISTA DE MARKETING l | L8: 224.97 | M8: =E8+K8+L8 -> 4250.85 | N8: ='Previsão Custo Enquadramento'!J8 -> 3105.14 | O8: ='Previsão Custo Enquadramento'!N8 -> 3881.43 | P8: =IF((N8-M8)<0,0,(N8-M8)) -> 0 | Q8: =IF((O8-M8)<0,0,(O8-M8)) -> 0 | R8: =M8+P8 -> 4250.85 | S8: =M8+Q8 -> 4250.85
A9: ='Previsão Custo Enquadramento'!A9 -> 1962 | B9: ='Previsão Custo Enquadramento'!B9 -> ANALISTA DE PÓS VENDAS II | C9: ='Previsão Custo Enquadramento'!F9 -> CLT | D9: ='Previsão Custo Enquadramento'!D9 -> Pós Vendas | E9: ='Previsão Custo Enquadramento'!H9 -> 4550 | F9: ='Previsão Custo Enquadramento'!L9 -> 0 | G9: ='Previsão Custo Enquadramento'!P9 -> 143.36 | H9: =E9+F9 -> 4550 | I9: =E9+G9 -> 4693.36 | J9: ANALISTA DE PÓS VENDAS II | L9: 203.19417 | M9: =E9+K9+L9 -> 4753.1942 | N9: ='Previsão Custo Enquadramento'!J9 -> 3754.69 | O9: ='Previsão Custo Enquadramento'!N9 -> 4693.36 | P9: =IF((N9-M9)<0,0,(N9-M9)) -> 0 | Q9: =IF((O9-M9)<0,0,(O9-M9)) -> 0 | R9: =M9+P9 -> 4753.1942 | S9: =M9+Q9 -> 4753.1942
A10: ='Previsão Custo Enquadramento'!A10 -> 187 | B10: ='Previsão Custo Enquadramento'!B10 -> ANALISTA DE URBANISMO | C10: ='Previsão Custo Enquadramento'!F10 -> CLT | D10: ='Previsão Custo Enquadramento'!D10 -> Urbanismo | E10: ='Previsão Custo Enquadramento'!H10 -> 5830 | F10: ='Previsão Custo Enquadramento'!L10 -> 0 | G10: ='Previsão Custo Enquadramento'!P10 -> 1154.24 | H10: =E10+F10 -> 5830 | I10: =E10+G10 -> 6984.24 | J10: ANALISTA DE URBANISMO | L10: 314.46083 | M10: =E10+K10+L10 -> 6144.4608 | N10: ='Previsão Custo Enquadramento'!J10 -> 5587.39 | O10: ='Previsão Custo Enquadramento'!N10 -> 6984.24 | P10: =IF((N10-M10)<0,0,(N10-M10)) -> 0 | Q10: =IF((O10-M10)<0,0,(O10-M10)) -> 839.77917 | R10: =M10+P10 -> 6144.4608 | S10: =M10+Q10 -> 6984.24
A11: ='Previsão Custo Enquadramento'!A11 -> 1868 | B11: ='Previsão Custo Enquadramento'!B11 -> ANALISTA FINANCEIRO COMERCIAL III | C11: ='Previsão Custo Enquadramento'!F11 -> CLT | D11: ='Previsão Custo Enquadramento'!D11 -> Financeiro | E11: ='Previsão Custo Enquadramento'!H11 -> 5213 | F11: ='Previsão Custo Enquadramento'!L11 -> 0 | G11: ='Previsão Custo Enquadramento'!P11 -> 502.25 | H11: =E11+F11 -> 5213 | I11: =E11+G11 -> 5715.25 | J11: ANALISTA FINANCEIRO COMERCIAL III | L11: 328.2975 | M11: =E11+K11+L11 -> 5541.2975 | N11: ='Previsão Custo Enquadramento'!J11 -> 4572.2 | O11: ='Previsão Custo Enquadramento'!N11 -> 5715.25 | P11: =IF((N11-M11)<0,0,(N11-M11)) -> 0 | Q11: =IF((O11-M11)<0,0,(O11-M11)) -> 173.9525 | R11: =M11+P11 -> 5541.2975 | S11: =M11+Q11 -> 5715.25
A12: ='Previsão Custo Enquadramento'!A12 -> 176 | B12: ='Previsão Custo Enquadramento'!B12 -> ANALISTA FINANCEIRO DE CAPTAÇÃO DE RECURSOS III | C12: ='Previsão Custo Enquadramento'!F12 -> CLT | D12: ='Previsão Custo Enquadramento'!D12 -> Financeiro | E12: ='Previsão Custo Enquadramento'!H12 -> 5213 | F12: ='Previsão Custo Enquadramento'!L12 -> 0 | G12: ='Previsão Custo Enquadramento'!P12 -> 502.25 | H12: =E12+F12 -> 5213 | I12: =E12+G12 -> 5715.25 | J12: ANALISTA FINANCEIRO DE CAPTAÇÃO DE RECURSOS III | L12: 330.08167 | M12: =E12+K12+L12 -> 5543.0817 | N12: ='Previsão Custo Enquadramento'!J12 -> 4572.2 | O12: ='Previsão Custo Enquadramento'!N12 -> 5715.25 | P12: =IF((N12-M12)<0,0,(N12-M12)) -> 0 | Q12: =IF((O12-M12)<0,0,(O12-M12)) -> 172.16833 | R12: =M12+P12 -> 5543.0817 | S12: =M12+Q12 -> 5715.25
A13: ='Previsão Custo Enquadramento'!A13 -> 1927 | B13: ='Previsão Custo Enquadramento'!B13 -> ANALISTA FINANCEIRO I | C13: ='Previsão Custo Enquadramento'!F13 -> CLT | D13: ='Previsão Custo Enquadramento'!D13 -> Financeiro | E13: ='Previsão Custo Enquadramento'!H13 -> 3993 | F13: ='Previsão Custo Enquadramento'!L13 -> 0 | G13: ='Previsão Custo Enquadramento'!P13 -> 0 | H13: =E13+F13 -> 3993 | I13: =E13+G13 -> 3993 | J13: ANALISTA FINANCEIRO I | L13: 266.48 | M13: =E13+K13+L13 -> 4259.48 | N13: ='Previsão Custo Enquadramento'!J13 -> 3105.14 | O13: ='Previsão Custo Enquadramento'!N13 -> 3881.43 | P13: =IF((N13-M13)<0,0,(N13-M13)) -> 0 | Q13: =IF((O13-M13)<0,0,(O13-M13)) -> 0 | R13: =M13+P13 -> 4259.48 | S13: =M13+Q13 -> 4259.48
A14: ='Previsão Custo Enquadramento'!A14 -> 164 | B14: ='Previsão Custo Enquadramento'!B14 -> ASSISTENTE ADM DE LEGALIZAÇÃO III | C14: ='Previsão Custo Enquadramento'!F14 -> CLT | D14: ='Previsão Custo Enquadramento'!D14 -> Legalização | E14: ='Previsão Custo Enquadramento'!H14 -> 3652 | F14: ='Previsão Custo Enquadramento'!L14 -> 0 | G14: ='Previsão Custo Enquadramento'!P14 -> 0 | H14: =E14+F14 -> 3652 | I14: =E14+G14 -> 3652 | J14: ASSISTENTE ADM DE LEGALIZAÇÃO III | L14: 237.07667 | M14: =E14+K14+L14 -> 3889.0767 | N14: ='Previsão Custo Enquadramento'!J14 -> 2593.86 | O14: ='Previsão Custo Enquadramento'!N14 -> 3242.32 | P14: =IF((N14-M14)<0,0,(N14-M14)) -> 0 | Q14: =IF((O14-M14)<0,0,(O14-M14)) -> 0 | R14: =M14+P14 -> 3889.0767 | S14: =M14+Q14 -> 3889.0767
A15: ='Previsão Custo Enquadramento'!A15 -> 1892 | B15: ='Previsão Custo Enquadramento'!B15 -> ASSISTENTE ADMINISTRATIVO lll | C15: ='Previsão Custo Enquadramento'!F15 -> CLT | D15: ='Previsão Custo Enquadramento'!D15 -> Administrativo | E15: ='Previsão Custo Enquadramento'!H15 -> 3439.7 | F15: ='Previsão Custo Enquadramento'!L15 -> 0 | G15: ='Previsão Custo Enquadramento'!P15 -> 0 | H15: =E15+F15 -> 3439.7 | I15: =E15+G15 -> 3439.7 | J15: ASSISTENTE ADMINISTRATIVO lll | L15: 221.8175 | M15: =E15+K15+L15 -> 3661.5175 | N15: ='Previsão Custo Enquadramento'!J15 -> 2191.11 | O15: ='Previsão Custo Enquadramento'!N15 -> 2738.89 | P15: =IF((N15-M15)<0,0,(N15-M15)) -> 0 | Q15: =IF((O15-M15)<0,0,(O15-M15)) -> 0 | R15: =M15+P15 -> 3661.5175 | S15: =M15+Q15 -> 3661.5175
A16: ='Previsão Custo Enquadramento'!A16 -> 1940 | B16: ='Previsão Custo Enquadramento'!B16 -> ASSISTENTE DE CONTROLADORIA III | C16: ='Previsão Custo Enquadramento'!F16 -> CLT | D16: ='Previsão Custo Enquadramento'!D16 -> Controladoria | E16: ='Previsão Custo Enquadramento'!H16 -> 3652 | F16: ='Previsão Custo Enquadramento'!L16 -> 0 | G16: ='Previsão Custo Enquadramento'!P16 -> 0 | H16: =E16+F16 -> 3652 | I16: =E16+G16 -> 3652 | J16: ASSISTENTE DE CONTROLADORIA III | L16: 229.2875 | M16: =E16+K16+L16 -> 3881.2875 | N16: ='Previsão Custo Enquadramento'!J16 -> 2593.86 | O16: ='Previsão Custo Enquadramento'!N16 -> 3242.32 | P16: =IF((N16-M16)<0,0,(N16-M16)) -> 0 | Q16: =IF((O16-M16)<0,0,(O16-M16)) -> 0 | R16: =M16+P16 -> 3881.2875 | S16: =M16+Q16 -> 3881.2875
A17: ='Previsão Custo Enquadramento'!A17 -> 1963 | B17: ='Previsão Custo Enquadramento'!B17 -> ASSISTENTE DE ENGENHARIA lll | C17: ='Previsão Custo Enquadramento'!F17 -> CLT | D17: ='Previsão Custo Enquadramento'!D17 -> Edificação | E17: ='Previsão Custo Enquadramento'!H17 -> 3652 | F17: ='Previsão Custo Enquadramento'!L17 -> 0 | G17: ='Previsão Custo Enquadramento'!P17 -> 229.43 | H17: =E17+F17 -> 3652 | I17: =E17+G17 -> 3881.43 | J17: ASSISTENTE DE ENGENHARIA lll | M17: =E17+K17+L17 -> 3652 | N17: ='Previsão Custo Enquadramento'!J17 -> 3105.14 | O17: ='Previsão Custo Enquadramento'!N17 -> 3881.43 | P17: =IF((N17-M17)<0,0,(N17-M17)) -> 0 | Q17: =IF((O17-M17)<0,0,(O17-M17)) -> 229.43 | R17: =M17+P17 -> 3652 | S17: =M17+Q17 -> 3881.43
A18: ='Previsão Custo Enquadramento'!A18 -> 190 | B18: ='Previsão Custo Enquadramento'!B18 -> ASSISTENTE DE MARKETING | C18: ='Previsão Custo Enquadramento'!F18 -> CLT | D18: ='Previsão Custo Enquadramento'!D18 -> Marketing | E18: ='Previsão Custo Enquadramento'!H18 -> 2919 | F18: ='Previsão Custo Enquadramento'!L18 -> 0 | G18: ='Previsão Custo Enquadramento'!P18 -> 0 | H18: =E18+F18 -> 2919 | I18: =E18+G18 -> 2919 | J18: ASSISTENTE DE MARKETING | M18: =E18+K18+L18 -> 2919 | N18: ='Previsão Custo Enquadramento'!J18 -> 2191.11 | O18: ='Previsão Custo Enquadramento'!N18 -> 2738.89 | P18: =IF((N18-M18)<0,0,(N18-M18)) -> 0 | Q18: =IF((O18-M18)<0,0,(O18-M18)) -> 0 | R18: =M18+P18 -> 2919 | S18: =M18+Q18 -> 2919
A19: ='Previsão Custo Enquadramento'!A19 -> 189 | B19: ='Previsão Custo Enquadramento'!B19 -> ASSISTENTE DE RECURSOS HUMANOS | C19: ='Previsão Custo Enquadramento'!F19 -> CLT | D19: ='Previsão Custo Enquadramento'!D19 -> DHO | E19: ='Previsão Custo Enquadramento'!H19 -> 2919 | F19: ='Previsão Custo Enquadramento'!L19 -> 0 | G19: ='Previsão Custo Enquadramento'!P19 -> 323.32 | H19: =E19+F19 -> 2919 | I19: =E19+G19 -> 3242.32 | J19: ASSISTENTE DE RECURSOS HUMANOS | M19: =E19+K19+L19 -> 2919 | N19: ='Previsão Custo Enquadramento'!J19 -> 2593.86 | O19: ='Previsão Custo Enquadramento'!N19 -> 3242.32 | P19: =IF((N19-M19)<0,0,(N19-M19)) -> 0 | Q19: =IF((O19-M19)<0,0,(O19-M19)) -> 323.32 | R19: =M19+P19 -> 2919 | S19: =M19+Q19 -> 3242.32
A20: ='Previsão Custo Enquadramento'!A20 -> 1656 | B20: ='Previsão Custo Enquadramento'!B20 -> ASSISTENTE DE TI | C20: ='Previsão Custo Enquadramento'!F20 -> CLT | D20: ='Previsão Custo Enquadramento'!D20 -> Tecnologia da Informação | E20: ='Previsão Custo Enquadramento'!H20 -> 2919 | F20: ='Previsão Custo Enquadramento'!L20 -> 0 | G20: ='Previsão Custo Enquadramento'!P20 -> 0 | H20: =E20+F20 -> 2919 | I20: =E20+G20 -> 2919 | J20: ASSISTENTE DE TI | L20: 190.41417 | M20: =E20+K20+L20 -> 3109.4142 | N20: ='Previsão Custo Enquadramento'!J20 -> 2191.11 | O20: ='Previsão Custo Enquadramento'!N20 -> 2738.89 | P20: =IF((N20-M20)<0,0,(N20-M20)) -> 0 | Q20: =IF((O20-M20)<0,0,(O20-M20)) -> 0 | R20: =M20+P20 -> 3109.4142 | S20: =M20+Q20 -> 3109.4142
A21: ='Previsão Custo Enquadramento'!A21 -> 192 | B21: ='Previsão Custo Enquadramento'!B21 -> ASSISTENTE FINANCEIRO CONTAS A PAGAR | C21: ='Previsão Custo Enquadramento'!F21 -> CLT | D21: ='Previsão Custo Enquadramento'!D21 -> Financeiro | E21: ='Previsão Custo Enquadramento'!H21 -> 2919 | F21: ='Previsão Custo Enquadramento'!L21 -> 0 | G21: ='Previsão Custo Enquadramento'!P21 -> 0 | H21: =E21+F21 -> 2919 | I21: =E21+G21 -> 2919 | J21: ASSISTENTE FINANCEIRO CONTAS A PAGAR | L21: 116.5825 | M21: =E21+K21+L21 -> 3035.5825 | N21: ='Previsão Custo Enquadramento'!J21 -> 2191.11 | O21: ='Previsão Custo Enquadramento'!N21 -> 2738.89 | P21: =IF((N21-M21)<0,0,(N21-M21)) -> 0 | Q21: =IF((O21-M21)<0,0,(O21-M21)) -> 0 | R21: =M21+P21 -> 3035.5825 | S21: =M21+Q21 -> 3035.5825
A22: ='Previsão Custo Enquadramento'!A22 -> 193 | B22: ='Previsão Custo Enquadramento'!B22 -> ASSISTENTE FINANCEIRO CONTAS A PAGAR | C22: ='Previsão Custo Enquadramento'!F22 -> CLT | D22: ='Previsão Custo Enquadramento'!D22 -> Financeiro | E22: ='Previsão Custo Enquadramento'!H22 -> 2919 | F22: ='Previsão Custo Enquadramento'!L22 -> 0 | G22: ='Previsão Custo Enquadramento'!P22 -> 0 | H22: =E22+F22 -> 2919 | I22: =E22+G22 -> 2919 | J22: ASSISTENTE FINANCEIRO CONTAS A PAGAR | L22: 116.5825 | M22: =E22+K22+L22 -> 3035.5825 | N22: ='Previsão Custo Enquadramento'!J22 -> 2191.11 | O22: ='Previsão Custo Enquadramento'!N22 -> 2738.89 | P22: =IF((N22-M22)<0,0,(N22-M22)) -> 0 | Q22: =IF((O22-M22)<0,0,(O22-M22)) -> 0 | R22: =M22+P22 -> 3035.5825 | S22: =M22+Q22 -> 3035.5825
A23: ='Previsão Custo Enquadramento'!A23 -> 1941 | B23: ='Previsão Custo Enquadramento'!B23 -> ASSISTENTE FINANCEIRO CONTAS A PAGAR III | C23: ='Previsão Custo Enquadramento'!F23 -> CLT | D23: ='Previsão Custo Enquadramento'!D23 -> Financeiro | E23: ='Previsão Custo Enquadramento'!H23 -> 3652 | F23: ='Previsão Custo Enquadramento'!L23 -> 0 | G23: ='Previsão Custo Enquadramento'!P23 -> 0 | H23: =E23+F23 -> 3652 | I23: =E23+G23 -> 3652 | J23: ASSISTENTE FINANCEIRO CONTAS A PAGAR | L23: 116.5825 | M23: =E23+K23+L23 -> 3768.5825 | N23: ='Previsão Custo Enquadramento'!J23 -> 2191.11 | O23: ='Previsão Custo Enquadramento'!N23 -> 2738.89 | P23: =IF((N23-M23)<0,0,(N23-M23)) -> 0 | Q23: =IF((O23-M23)<0,0,(O23-M23)) -> 0 | R23: =M23+P23 -> 3768.5825 | S23: =M23+Q23 -> 3768.5825
A24: ='Previsão Custo Enquadramento'!A24 -> 1961 | B24: ='Previsão Custo Enquadramento'!B24 -> AUXILIAR ADMINISTRATIVO | C24: ='Previsão Custo Enquadramento'!F24 -> CLT | D24: ='Previsão Custo Enquadramento'!D24 -> Administrativo | E24: ='Previsão Custo Enquadramento'!H24 -> 2254 | F24: ='Previsão Custo Enquadramento'!L24 -> 0 | G24: ='Previsão Custo Enquadramento'!P24 -> 80 | H24: =E24+F24 -> 2254 | I24: =E24+G24 -> 2334 | J24: AUXILIAR ADMINISTRATIVO | L24: 150.075 | M24: =E24+K24+L24 -> 2404.075 | N24: ='Previsão Custo Enquadramento'!J24 -> 1867.2 | O24: ='Previsão Custo Enquadramento'!N24 -> 2334 | P24: =IF((N24-M24)<0,0,(N24-M24)) -> 0 | Q24: =IF((O24-M24)<0,0,(O24-M24)) -> 0 | R24: =M24+P24 -> 2404.075 | S24: =M24+Q24 -> 2404.075
A25: ='Previsão Custo Enquadramento'!A25 -> 184 | B25: ='Previsão Custo Enquadramento'!B25 -> AUXILIAR ADMINISTRATIVO III | C25: ='Previsão Custo Enquadramento'!F25 -> CLT | D25: ='Previsão Custo Enquadramento'!D25 -> Administrativo | E25: ='Previsão Custo Enquadramento'!H25 -> 2739.04 | F25: ='Previsão Custo Enquadramento'!L25 -> 0 | G25: ='Previsão Custo Enquadramento'!P25 -> 0 | H25: =E25+F25 -> 2739.04 | I25: =E25+G25 -> 2739.04 | J25: AUXILIAR ADMINISTRATIVO | L25: 150.075 | M25: =E25+K25+L25 -> 2889.115 | N25: ='Previsão Custo Enquadramento'!J25 -> 1867.2 | O25: ='Previsão Custo Enquadramento'!N25 -> 2334 | P25: =IF((N25-M25)<0,0,(N25-M25)) -> 0 | Q25: =IF((O25-M25)<0,0,(O25-M25)) -> 0 | R25: =M25+P25 -> 2889.115 | S25: =M25+Q25 -> 2889.115
A26: ='Previsão Custo Enquadramento'!A26 -> 1951 | B26: ='Previsão Custo Enquadramento'!B26 -> AUXILIAR DE ATENDIMENTO II | C26: ='Previsão Custo Enquadramento'!F26 -> CLT | D26: ='Previsão Custo Enquadramento'!D26 -> Recepção | E26: ='Previsão Custo Enquadramento'!H26 -> 2560 | F26: ='Previsão Custo Enquadramento'!L26 -> 0 | G26: ='Previsão Custo Enquadramento'!P26 -> 0 | H26: =E26+F26 -> 2560 | I26: =E26+G26 -> 2560 | J26: AUXILIAR DE ATENDIMENTO II | L26: 221.8175 | M26: =E26+K26+L26 -> 2781.8175 | N26: ='Previsão Custo Enquadramento'!J26 -> 1867.2 | O26: ='Previsão Custo Enquadramento'!N26 -> 2334 | P26: =IF((N26-M26)<0,0,(N26-M26)) -> 0 | Q26: =IF((O26-M26)<0,0,(O26-M26)) -> 0 | R26: =M26+P26 -> 2781.8175 | S26: =M26+Q26 -> 2781.8175
A27: ='Previsão Custo Enquadramento'!A27 -> 191 | B27: ='Previsão Custo Enquadramento'!B27 -> AUXILIAR DE ENGENHARIA | C27: ='Previsão Custo Enquadramento'!F27 -> CLT | D27: ='Previsão Custo Enquadramento'!D27 -> Urbanismo | E27: ='Previsão Custo Enquadramento'!H27 -> 2560 | F27: ='Previsão Custo Enquadramento'!L27 -> 0 | G27: ='Previsão Custo Enquadramento'!P27 -> 178.89 | H27: =E27+F27 -> 2560 | I27: =E27+G27 -> 2738.89 | J27: AUXILIAR DE ENGENHARIA | M27: =E27+K27+L27 -> 2560 | N27: ='Previsão Custo Enquadramento'!J27 -> 2191.11 | O27: ='Previsão Custo Enquadramento'!N27 -> 2738.89 | P27: =IF((N27-M27)<0,0,(N27-M27)) -> 0 | Q27: =IF((O27-M27)<0,0,(O27-M27)) -> 178.89 | R27: =M27+P27 -> 2560 | S27: =M27+Q27 -> 2738.89
A28: ='Previsão Custo Enquadramento'!A28 -> PJ2 | B28: ='Previsão Custo Enquadramento'!B28 -> CONTROLER JURÍDICO | C28: ='Previsão Custo Enquadramento'!F28 -> PJ | D28: ='Previsão Custo Enquadramento'!D28 -> Administrativo | E28: ='Previsão Custo Enquadramento'!H28 -> 11339 | F28: ='Previsão Custo Enquadramento'!L28 -> 0 | G28: ='Previsão Custo Enquadramento'!P28 -> 1467.205 | H28: =E28+F28 -> 11339 | I28: =E28+G28 -> 12806.205 | J28: CONTROLER JURÍDICO | L28: 821.29833 | M28: =E28+K28+L28 -> 12160.298 | N28: ='Previsão Custo Enquadramento'!J28 -> 10244.96 | O28: ='Previsão Custo Enquadramento'!N28 -> 12806.205 | P28: =IF((N28-M28)<0,0,(N28-M28)) -> 0 | Q28: =IF((O28-M28)<0,0,(O28-M28)) -> 645.90667 | R28: =M28+P28 -> 12160.298 | S28: =M28+Q28 -> 12806.205
A29: ='Previsão Custo Enquadramento'!A29 -> PJ3 | B29: ='Previsão Custo Enquadramento'!B29 -> CONTROLLER GERAL | C29: ='Previsão Custo Enquadramento'!F29 -> PJ | D29: ='Previsão Custo Enquadramento'!D29 -> Controladoria | E29: ='Previsão Custo Enquadramento'!H29 -> 16000 | F29: ='Previsão Custo Enquadramento'!L29 -> 1290.17 | G29: ='Previsão Custo Enquadramento'!P29 -> 5612.71 | H29: =E29+F29 -> 17290.17 | I29: =E29+G29 -> 21612.71 | J29: CONTROLLER GERAL | L29: 2302.4667 | M29: =E29+K29+L29 -> 18302.467 | N29: ='Previsão Custo Enquadramento'!J29 -> 17290.17 | O29: ='Previsão Custo Enquadramento'!N29 -> 21612.71 | P29: =IF((N29-M29)<0,0,(N29-M29)) -> 0 | Q29: =IF((O29-M29)<0,0,(O29-M29)) -> 3310.2433 | R29: =M29+P29 -> 18302.467 | S29: =M29+Q29 -> 21612.71
A30: ='Previsão Custo Enquadramento'!A30 -> PJ4 | B30: ='Previsão Custo Enquadramento'!B30 -> CONTROLLER TÉCNICO | C30: ='Previsão Custo Enquadramento'!F30 -> PJ | D30: ='Previsão Custo Enquadramento'!D30 -> Controladoria | E30: ='Previsão Custo Enquadramento'!H30 -> 12663.6 | F30: ='Previsão Custo Enquadramento'!L30 -> 0 | G30: ='Previsão Custo Enquadramento'!P30 -> 2468.6229 | H30: =E30+F30 -> 12663.6 | I30: =E30+G30 -> 15132.223 | J30: CONTROLLER TÉCNICO | L30: 1374.6217 | M30: =E30+K30+L30 -> 14038.222 | N30: ='Previsão Custo Enquadramento'!J30 -> 12105.78 | O30: ='Previsão Custo Enquadramento'!N30 -> 15132.223 | P30: =IF((N30-M30)<0,0,(N30-M30)) -> 0 | Q30: =IF((O30-M30)<0,0,(O30-M30)) -> 1094.0013 | R30: =M30+P30 -> 14038.222 | S30: =M30+Q30 -> 15132.223
A31: ='Previsão Custo Enquadramento'!A31 -> 1959 | B31: ='Previsão Custo Enquadramento'!B31 -> COORDENADOR DE DHO | C31: ='Previsão Custo Enquadramento'!F31 -> CLT | D31: ='Previsão Custo Enquadramento'!D31 -> DHO | E31: ='Previsão Custo Enquadramento'!H31 -> 7420 | F31: ='Previsão Custo Enquadramento'!L31 -> 2696.17 | G31: ='Previsão Custo Enquadramento'!P31 -> 5225.21 | H31: =E31+F31 -> 10116.17 | I31: =E31+G31 -> 12645.21 | J31: COORDENADOR DE DHO | L31: 798.19667 | M31: =E31+K31+L31 -> 8218.1967 | N31: ='Previsão Custo Enquadramento'!J31 -> 10116.17 | O31: ='Previsão Custo Enquadramento'!N31 -> 12645.21 | P31: =IF((N31-M31)<0,0,(N31-M31)) -> 1897.9733 | Q31: =IF((O31-M31)<0,0,(O31-M31)) -> 4427.0133 | R31: =M31+P31 -> 10116.17 | S31: =M31+Q31 -> 12645.21
A32: ='Previsão Custo Enquadramento'!A32 -> 151 | B32: ='Previsão Custo Enquadramento'!B32 -> COORDENADOR DE LEGAIZAÇÃO ll | C32: ='Previsão Custo Enquadramento'!F32 -> CLT | D32: ='Previsão Custo Enquadramento'!D32 -> Legalização | E32: ='Previsão Custo Enquadramento'!H32 -> 8647 | F32: ='Previsão Custo Enquadramento'!L32 -> 0 | G32: ='Previsão Custo Enquadramento'!P32 -> 0 | H32: =E32+F32 -> 8647 | I32: =E32+G32 -> 8647 | J32: COORDENADOR DE LEGAIZAÇÃO ll | L32: 985.30167 | M32: =E32+K32+L32 -> 9632.3017 | N32: ='Previsão Custo Enquadramento'!J32 -> 6829.98 | O32: ='Previsão Custo Enquadramento'!N32 -> 8537.47 | P32: =IF((N32-M32)<0,0,(N32-M32)) -> 0 | Q32: =IF((O32-M32)<0,0,(O32-M32)) -> 0 | R32: =M32+P32 -> 9632.3017 | S32: =M32+Q32 -> 9632.3017
A33: ='Previsão Custo Enquadramento'!A33 -> 1911 | B33: ='Previsão Custo Enquadramento'!B33 -> COORDENADOR DE MARKETING II | C33: ='Previsão Custo Enquadramento'!F33 -> CLT | D33: ='Previsão Custo Enquadramento'!D33 -> Marketing | E33: ='Previsão Custo Enquadramento'!H33 -> 8647 | F33: ='Previsão Custo Enquadramento'!L33 -> 0 | G33: ='Previsão Custo Enquadramento'!P33 -> 0 | H33: =E33+F33 -> 8647 | I33: =E33+G33 -> 8647 | J33: COORDENADOR DE MARKETING II | L33: 841.76917 | M33: =E33+K33+L33 -> 9488.7692 | N33: ='Previsão Custo Enquadramento'!J33 -> 6829.98 | O33: ='Previsão Custo Enquadramento'!N33 -> 8537.47 | P33: =IF((N33-M33)<0,0,(N33-M33)) -> 0 | Q33: =IF((O33-M33)<0,0,(O33-M33)) -> 0 | R33: =M33+P33 -> 9488.7692 | S33: =M33+Q33 -> 9488.7692
A34: ='Previsão Custo Enquadramento'!A34 -> 1452 | B34: ='Previsão Custo Enquadramento'!B34 -> COORDENADOR DE OBRAS | C34: ='Previsão Custo Enquadramento'!F34 -> CLT | D34: ='Previsão Custo Enquadramento'!D34 -> Edificação | E34: ='Previsão Custo Enquadramento'!H34 -> 8714 | F34: ='Previsão Custo Enquadramento'!L34 -> 1402.17 | G34: ='Previsão Custo Enquadramento'!P34 -> 3931.21 | H34: =E34+F34 -> 10116.17 | I34: =E34+G34 -> 12645.21 | J34: COORDENADOR DE OBRAS | L34: 438.0275 | M34: =E34+K34+L34 -> 9152.0275 | N34: ='Previsão Custo Enquadramento'!J34 -> 10116.17 | O34: ='Previsão Custo Enquadramento'!N34 -> 12645.21 | P34: =IF((N34-M34)<0,0,(N34-M34)) -> 964.1425 | Q34: =IF((O34-M34)<0,0,(O34-M34)) -> 3493.1825 | R34: =M34+P34 -> 10116.17 | S34: =M34+Q34 -> 12645.21
A35: ='Previsão Custo Enquadramento'!A35 -> PJ5 | B35: ='Previsão Custo Enquadramento'!B35 -> COORDENADOR DE SUPRIMENTOS | C35: ='Previsão Custo Enquadramento'!F35 -> PJ | D35: ='Previsão Custo Enquadramento'!D35 -> Suprimentos | E35: ='Previsão Custo Enquadramento'!H35 -> 16000 | F35: ='Previsão Custo Enquadramento'!L35 -> 0 | G35: ='Previsão Custo Enquadramento'!P35 -> 1892.9722 | H35: =E35+F35 -> 16000 | I35: =E35+G35 -> 17892.972 | J35: COORDENADOR DE SUPRIMENTOS | L35: 1587.8517 | M35: =E35+K35+L35 -> 17587.852 | N35: ='Previsão Custo Enquadramento'!J35 -> 14314.38 | O35: ='Previsão Custo Enquadramento'!N35 -> 17892.972 | P35: =IF((N35-M35)<0,0,(N35-M35)) -> 0 | Q35: =IF((O35-M35)<0,0,(O35-M35)) -> 305.12048 | R35: =M35+P35 -> 17587.852 | S35: =M35+Q35 -> 17892.972
A36: ='Previsão Custo Enquadramento'!A36 -> PJ6 | B36: ='Previsão Custo Enquadramento'!B36 -> COORDENADOR FINANCEIRO | C36: ='Previsão Custo Enquadramento'!F36 -> PJ | D36: ='Previsão Custo Enquadramento'!D36 -> Financeiro | E36: ='Previsão Custo Enquadramento'!H36 -> 12000 | F36: ='Previsão Custo Enquadramento'!L36 -> 2314.38 | G36: ='Previsão Custo Enquadramento'!P36 -> 5892.9721 | H36: =E36+F36 -> 14314.38 | I36: =E36+G36 -> 17892.972 | J36: COORDENADOR FINANCEIRO | L36: 370.63583 | M36: =E36+K36+L36 -> 12370.636 | N36: ='Previsão Custo Enquadramento'!J36 -> 14314.38 | O36: ='Previsão Custo Enquadramento'!N36 -> 17892.972 | P36: =IF((N36-M36)<0,0,(N36-M36)) -> 1943.7442 | Q36: =IF((O36-M36)<0,0,(O36-M36)) -> 5522.3363 | R36: =M36+P36 -> 14314.38 | S36: =M36+Q36 -> 17892.972
A37: ='Previsão Custo Enquadramento'!A37 -> PJ7 | B37: ='Previsão Custo Enquadramento'!B37 -> DIRETOR | C37: ='Previsão Custo Enquadramento'!F37 -> PJ | E37: ='Previsão Custo Enquadramento'!H37 -> 58000 | F37: ='Previsão Custo Enquadramento'!L37 -> 0 | G37: ='Previsão Custo Enquadramento'!P37 -> 0 | H37: =E37+F37 -> 58000 | I37: =E37+G37 -> 58000 | J37: DIRETOR | L37: 21066.083 | M37: =E37+K37+L37 -> 79066.083 | N37: ='Previsão Custo Enquadramento'!J37 -> 45764.06 | O37: ='Previsão Custo Enquadramento'!N37 -> 57205.075 | P37: =IF((N37-M37)<0,0,(N37-M37)) -> 0 | Q37: =IF((O37-M37)<0,0,(O37-M37)) -> 0 | R37: =M37+P37 -> 79066.083 | S37: =M37+Q37 -> 79066.083
A38: ='Previsão Custo Enquadramento'!A38 -> 132 | B38: ='Previsão Custo Enquadramento'!B38 -> ENCARREGADO DE OBRAS | C38: ='Previsão Custo Enquadramento'!F38 -> CLT | D38: ='Previsão Custo Enquadramento'!D38 -> Urbanismo | E38: ='Previsão Custo Enquadramento'!H38 -> 8461 | F38: ='Previsão Custo Enquadramento'!L38 -> 0 | G38: ='Previsão Custo Enquadramento'!P38 -> 1951.08 | H38: =E38+F38 -> 8461 | I38: =E38+G38 -> 10412.08 | J38: ENCARREGADO DE OBRAS | L38: 438.0275 | M38: =E38+K38+L38 -> 8899.0275 | N38: ='Previsão Custo Enquadramento'!J38 -> 8329.66 | O38: ='Previsão Custo Enquadramento'!N38 -> 10412.08 | P38: =IF((N38-M38)<0,0,(N38-M38)) -> 0 | Q38: =IF((O38-M38)<0,0,(O38-M38)) -> 1513.0525 | R38: =M38+P38 -> 8899.0275 | S38: =M38+Q38 -> 10412.08
A39: ='Previsão Custo Enquadramento'!A39 -> 182 | B39: ='Previsão Custo Enquadramento'!B39 -> ENCARREGADO DE OBRAS | C39: ='Previsão Custo Enquadramento'!F39 -> CLT | D39: ='Previsão Custo Enquadramento'!D39 -> Urbanismo | E39: ='Previsão Custo Enquadramento'!H39 -> 11540 | F39: ='Previsão Custo Enquadramento'!L39 -> 0 | G39: ='Previsão Custo Enquadramento'!P39 -> 0 | H39: =E39+F39 -> 11540 | I39: =E39+G39 -> 11540 | J39: ENCARREGADO DE OBRAS | L39: 438.0275 | M39: =E39+K39+L39 -> 11978.028 | N39: ='Previsão Custo Enquadramento'!J39 -> 8329.66 | O39: ='Previsão Custo Enquadramento'!N39 -> 10412.08 | P39: =IF((N39-M39)<0,0,(N39-M39)) -> 0 | Q39: =IF((O39-M39)<0,0,(O39-M39)) -> 0 | R39: =M39+P39 -> 11978.028 | S39: =M39+Q39 -> 11978.028
A40: ='Previsão Custo Enquadramento'!A40 -> 1351 | B40: ='Previsão Custo Enquadramento'!B40 -> ENCARREGADO OBRAS/MANUTENCAO | C40: ='Previsão Custo Enquadramento'!F40 -> CLT | D40: ='Previsão Custo Enquadramento'!D40 -> Edificação | E40: ='Previsão Custo Enquadramento'!H40 -> 8714 | F40: ='Previsão Custo Enquadramento'!L40 -> 0 | G40: ='Previsão Custo Enquadramento'!P40 -> 0 | H40: =E40+F40 -> 8714 | I40: =E40+G40 -> 8714 | J40: ENCARREGADO OBRAS/MANUTENCAO | L40: 528.28583 | M40: =E40+K40+L40 -> 9242.2858 | N40: ='Previsão Custo Enquadramento'!J40 -> 6829.98 | O40: ='Previsão Custo Enquadramento'!N40 -> 8537.47 | P40: =IF((N40-M40)<0,0,(N40-M40)) -> 0 | Q40: =IF((O40-M40)<0,0,(O40-M40)) -> 0 | R40: =M40+P40 -> 9242.2858 | S40: =M40+Q40 -> 9242.2858
A41: ='Previsão Custo Enquadramento'!A41 -> PJ8 | B41: ='Previsão Custo Enquadramento'!B41 -> ENGENHEIRO JUNIOR DE URBANISMO | C41: ='Previsão Custo Enquadramento'!F41 -> PJ | D41: ='Previsão Custo Enquadramento'!D41 -> Urbanismo | E41: ='Previsão Custo Enquadramento'!H41 -> 8390 | F41: ='Previsão Custo Enquadramento'!L41 -> 1854.96 | G41: ='Previsão Custo Enquadramento'!P41 -> 4416.205 | H41: =E41+F41 -> 10244.96 | I41: =E41+G41 -> 12806.205 | J41: ENGENHEIRO JUNIOR DE URBANISMO | L41: 679.75 | M41: =E41+K41+L41 -> 9069.75 | N41: ='Previsão Custo Enquadramento'!J41 -> 10244.96 | O41: ='Previsão Custo Enquadramento'!N41 -> 12806.205 | P41: =IF((N41-M41)<0,0,(N41-M41)) -> 1175.21 | Q41: =IF((O41-M41)<0,0,(O41-M41)) -> 3736.455 | R41: =M41+P41 -> 10244.96 | S41: =M41+Q41 -> 12806.205
A42: ='Previsão Custo Enquadramento'!A42 -> PJ9 | B42: ='Previsão Custo Enquadramento'!B42 -> ENGENHEIRO SÊNIOR | C42: ='Previsão Custo Enquadramento'!F42 -> PJ | D42: ='Previsão Custo Enquadramento'!D42 -> Edificação | E42: ='Previsão Custo Enquadramento'!H42 -> 19000 | F42: ='Previsão Custo Enquadramento'!L42 -> 0 | G42: ='Previsão Custo Enquadramento'!P42 -> 0 | H42: =E42+F42 -> 19000 | I42: =E42+G42 -> 19000 | J42: ENGENHEIRO SÊNIOR | L42: 1046.9458 | M42: =E42+K42+L42 -> 20046.946 | N42: ='Previsão Custo Enquadramento'!J42 -> 14314.38 | O42: ='Previsão Custo Enquadramento'!N42 -> 17892.972 | P42: =IF((N42-M42)<0,0,(N42-M42)) -> 0 | Q42: =IF((O42-M42)<0,0,(O42-M42)) -> 0 | R42: =M42+P42 -> 20046.946 | S42: =M42+Q42 -> 20046.946
A43: ='Previsão Custo Enquadramento'!A43 -> PJ10 | B43: ='Previsão Custo Enquadramento'!B43 -> GERENTE ADMINISTRATIVA | C43: ='Previsão Custo Enquadramento'!F43 -> PJ | D43: ='Previsão Custo Enquadramento'!D43 -> Administrativo | E43: ='Previsão Custo Enquadramento'!H43 -> 16160 | F43: ='Previsão Custo Enquadramento'!L43 -> 4595.89 | G43: ='Previsão Custo Enquadramento'!P43 -> 9784.8599 | H43: =E43+F43 -> 20755.89 | I43: =E43+G43 -> 25944.86 | J43: GERENTE ADMINISTRATIVA | L43: 2936.07 | M43: =E43+K43+L43 -> 19096.07 | N43: ='Previsão Custo Enquadramento'!J43 -> 20755.89 | O43: ='Previsão Custo Enquadramento'!N43 -> 25944.86 | P43: =IF((N43-M43)<0,0,(N43-M43)) -> 1659.82 | Q43: =IF((O43-M43)<0,0,(O43-M43)) -> 6848.7899 | R43: =M43+P43 -> 20755.89 | S43: =M43+Q43 -> 25944.86
A44: ='Previsão Custo Enquadramento'!A44 -> PJ11 | B44: ='Previsão Custo Enquadramento'!B44 -> GERENTE COMERCIAL | C44: ='Previsão Custo Enquadramento'!F44 -> PJ | D44: ='Previsão Custo Enquadramento'!D44 -> Comercial | E44: ='Previsão Custo Enquadramento'!H44 -> 15960 | F44: ='Previsão Custo Enquadramento'!L44 -> 0 | G44: ='Previsão Custo Enquadramento'!P44 -> 1932.9722 | H44: =E44+F44 -> 15960 | I44: =E44+G44 -> 17892.972 | J44: GERENTE COMERCIAL | K44: 12000 | M44: =E44+K44+L44 -> 27960 | N44: ='Previsão Custo Enquadramento'!J44 -> 14314.38 | O44: ='Previsão Custo Enquadramento'!N44 -> 17892.972 | P44: =IF((N44-M44)<0,0,(N44-M44)) -> 0 | Q44: =IF((O44-M44)<0,0,(O44-M44)) -> 0 | R44: =M44+P44 -> 27960 | S44: =M44+Q44 -> 27960
A45: ='Previsão Custo Enquadramento'!A45 -> PJ12 | B45: ='Previsão Custo Enquadramento'!B45 -> GERENTE DE EDIFICAÇÕES | C45: ='Previsão Custo Enquadramento'!F45 -> PJ | D45: ='Previsão Custo Enquadramento'!D45 -> Edificação | E45: ='Previsão Custo Enquadramento'!H45 -> 39740 | F45: ='Previsão Custo Enquadramento'!L45 -> 0 | G45: ='Previsão Custo Enquadramento'!P45 -> 0 | H45: =E45+F45 -> 39740 | I45: =E45+G45 -> 39740 | J45: GERENTE DE EDIFICAÇÕES | M45: =E45+K45+L45 -> 39740 | N45: ='Previsão Custo Enquadramento'!J45 -> 27356.45 | O45: ='Previsão Custo Enquadramento'!N45 -> 34195.564 | P45: =IF((N45-M45)<0,0,(N45-M45)) -> 0 | Q45: =IF((O45-M45)<0,0,(O45-M45)) -> 0 | R45: =M45+P45 -> 39740 | S45: =M45+Q45 -> 39740
A46: ='Previsão Custo Enquadramento'!A46 -> PJ13 | B46: ='Previsão Custo Enquadramento'!B46 -> GERENTE DE HOUSE | C46: ='Previsão Custo Enquadramento'!F46 -> PJ | D46: ='Previsão Custo Enquadramento'!D46 -> Comercial | E46: ='Previsão Custo Enquadramento'!H46 -> 5125 | F46: ='Previsão Custo Enquadramento'!L46 -> 6980.78 | G46: ='Previsão Custo Enquadramento'!P46 -> 10007.223 | H46: =E46+F46 -> 12105.78 | I46: =E46+G46 -> 15132.223 | J46: GERENTE DE HOUSE | K46: 3000 | M46: =E46+K46+L46 -> 8125 | N46: ='Previsão Custo Enquadramento'!J46 -> 12105.78 | O46: ='Previsão Custo Enquadramento'!N46 -> 15132.223 | P46: =IF((N46-M46)<0,0,(N46-M46)) -> 3980.78 | Q46: =IF((O46-M46)<0,0,(O46-M46)) -> 7007.2229 | R46: =M46+P46 -> 12105.78 | S46: =M46+Q46 -> 15132.223
A47: ='Previsão Custo Enquadramento'!A47 -> PJ14 | B47: ='Previsão Custo Enquadramento'!B47 -> GERENTE DE IMOBILIÁRIAS EXTERNAS | C47: ='Previsão Custo Enquadramento'!F47 -> PJ | D47: ='Previsão Custo Enquadramento'!D47 -> Comercial | E47: ='Previsão Custo Enquadramento'!H47 -> 5266 | F47: ='Previsão Custo Enquadramento'!L47 -> 6839.78 | G47: ='Previsão Custo Enquadramento'!P47 -> 9866.2229 | H47: =E47+F47 -> 12105.78 | I47: =E47+G47 -> 15132.223 | J47: GERENTE DE IMOBILIÁRIAS EXTERNAS | K47: 3000 | M47: =E47+K47+L47 -> 8266 | N47: ='Previsão Custo Enquadramento'!J47 -> 12105.78 | O47: ='Previsão Custo Enquadramento'!N47 -> 15132.223 | P47: =IF((N47-M47)<0,0,(N47-M47)) -> 3839.78 | Q47: =IF((O47-M47)<0,0,(O47-M47)) -> 6866.2229 | R47: =M47+P47 -> 12105.78 | S47: =M47+Q47 -> 15132.223
A48: ='Previsão Custo Enquadramento'!A48 -> PJ15 | B48: ='Previsão Custo Enquadramento'!B48 -> GERENTE DE IMOBILIÁRIAS EXTERNAS | C48: ='Previsão Custo Enquadramento'!F48 -> PJ | D48: ='Previsão Custo Enquadramento'!D48 -> Comercial | E48: ='Previsão Custo Enquadramento'!H48 -> 5795 | F48: ='Previsão Custo Enquadramento'!L48 -> 6310.78 | G48: ='Previsão Custo Enquadramento'!P48 -> 9337.2229 | H48: =E48+F48 -> 12105.78 | I48: =E48+G48 -> 15132.223 | J48: GERENTE DE IMOBILIÁRIAS EXTERNAS | K48: 3000 | M48: =E48+K48+L48 -> 8795 | N48: ='Previsão Custo Enquadramento'!J48 -> 12105.78 | O48: ='Previsão Custo Enquadramento'!N48 -> 15132.223 | P48: =IF((N48-M48)<0,0,(N48-M48)) -> 3310.78 | Q48: =IF((O48-M48)<0,0,(O48-M48)) -> 6337.2229 | R48: =M48+P48 -> 12105.78 | S48: =M48+Q48 -> 15132.223
A49: ='Previsão Custo Enquadramento'!A49 -> PJ16 | B49: ='Previsão Custo Enquadramento'!B49 -> GERENTE DE INCORPORAÇÃO | C49: ='Previsão Custo Enquadramento'!F49 -> PJ | D49: ='Previsão Custo Enquadramento'!D49 -> Incorporação | E49: ='Previsão Custo Enquadramento'!H49 -> 18540 | F49: ='Previsão Custo Enquadramento'!L49 -> 0 | G49: ='Previsão Custo Enquadramento'!P49 -> 3072.71 | H49: =E49+F49 -> 18540 | I49: =E49+G49 -> 21612.71 | J49: GERENTE DE INCORPORAÇÃO | L49: 4255.25 | M49: =E49+K49+L49 -> 22795.25 | N49: ='Previsão Custo Enquadramento'!J49 -> 17290.17 | O49: ='Previsão Custo Enquadramento'!N49 -> 21612.71 | P49: =IF((N49-M49)<0,0,(N49-M49)) -> 0 | Q49: =IF((O49-M49)<0,0,(O49-M49)) -> 0 | R49: =M49+P49 -> 22795.25 | S49: =M49+Q49 -> 22795.25
A50: ='Previsão Custo Enquadramento'!A50 -> PJ17 | B50: ='Previsão Custo Enquadramento'!B50 -> GERENTE DE PARCERIAS | C50: ='Previsão Custo Enquadramento'!F50 -> PJ | D50: ='Previsão Custo Enquadramento'!D50 -> Comercial | E50: ='Previsão Custo Enquadramento'!H50 -> 5640 | F50: ='Previsão Custo Enquadramento'!L50 -> 6465.78 | G50: ='Previsão Custo Enquadramento'!P50 -> 9492.2229 | H50: =E50+F50 -> 12105.78 | I50: =E50+G50 -> 15132.223 | J50: GERENTE DE PARCERIAS | M50: =E50+K50+L50 -> 5640 | N50: ='Previsão Custo Enquadramento'!J50 -> 12105.78 | O50: ='Previsão Custo Enquadramento'!N50 -> 15132.223 | P50: =IF((N50-M50)<0,0,(N50-M50)) -> 6465.78 | Q50: =IF((O50-M50)<0,0,(O50-M50)) -> 9492.2229 | R50: =M50+P50 -> 12105.78 | S50: =M50+Q50 -> 15132.223
A51: ='Previsão Custo Enquadramento'!A51 -> PJ18 | B51: ='Previsão Custo Enquadramento'!B51 -> GERENTE DE PARCERIAS | C51: ='Previsão Custo Enquadramento'!F51 -> PJ | D51: ='Previsão Custo Enquadramento'!D51 -> Comercial | E51: ='Previsão Custo Enquadramento'!H51 -> 5050 | F51: ='Previsão Custo Enquadramento'!L51 -> 7055.78 | G51: ='Previsão Custo Enquadramento'!P51 -> 10082.223 | H51: =E51+F51 -> 12105.78 | I51: =E51+G51 -> 15132.223 | J51: GERENTE DE PARCERIAS | M51: =E51+K51+L51 -> 5050 | N51: ='Previsão Custo Enquadramento'!J51 -> 12105.78 | O51: ='Previsão Custo Enquadramento'!N51 -> 15132.223 | P51: =IF((N51-M51)<0,0,(N51-M51)) -> 7055.78 | Q51: =IF((O51-M51)<0,0,(O51-M51)) -> 10082.223 | R51: =M51+P51 -> 12105.78 | S51: =M51+Q51 -> 15132.223
A52: ='Previsão Custo Enquadramento'!A52 -> PJ19 | B52: ='Previsão Custo Enquadramento'!B52 -> GERENTE DE PARCERIAS EXTERNAS | C52: ='Previsão Custo Enquadramento'!F52 -> PJ | D52: ='Previsão Custo Enquadramento'!D52 -> Comercial | E52: ='Previsão Custo Enquadramento'!H52 -> 5000 | F52: ='Previsão Custo Enquadramento'!L52 -> 7105.78 | G52: ='Previsão Custo Enquadramento'!P52 -> 10132.223 | H52: =E52+F52 -> 12105.78 | I52: =E52+G52 -> 15132.223 | J52: GERENTE DE PARCERIAS EXTERNAS | K52: 3000 | M52: =E52+K52+L52 -> 8000 | N52: ='Previsão Custo Enquadramento'!J52 -> 12105.78 | O52: ='Previsão Custo Enquadramento'!N52 -> 15132.223 | P52: =IF((N52-M52)<0,0,(N52-M52)) -> 4105.78 | Q52: =IF((O52-M52)<0,0,(O52-M52)) -> 7132.2229 | R52: =M52+P52 -> 12105.78 | S52: =M52+Q52 -> 15132.223
A53: ='Previsão Custo Enquadramento'!A53 -> PJ20 | B53: ='Previsão Custo Enquadramento'!B53 -> GERENTE DE URBANISMO | C53: ='Previsão Custo Enquadramento'!F53 -> PJ | D53: ='Previsão Custo Enquadramento'!D53 -> Urbanismo | E53: ='Previsão Custo Enquadramento'!H53 -> 37000 | F53: ='Previsão Custo Enquadramento'!L53 -> 0 | G53: ='Previsão Custo Enquadramento'!P53 -> 0 | H53: =E53+F53 -> 37000 | I53: =E53+G53 -> 37000 | J53: GERENTE DE URBANISMO | L53: 7360.225 | M53: =E53+K53+L53 -> 44360.225 | N53: ='Previsão Custo Enquadramento'!J53 -> 27356.45 | O53: ='Previsão Custo Enquadramento'!N53 -> 34195.564 | P53: =IF((N53-M53)<0,0,(N53-M53)) -> 0 | Q53: =IF((O53-M53)<0,0,(O53-M53)) -> 0 | R53: =M53+P53 -> 44360.225 | S53: =M53+Q53 -> 44360.225
A54: ='Previsão Custo Enquadramento'!A54 -> PJ21 | B54: ='Previsão Custo Enquadramento'!B54 -> SUPERVISOR DE NOVOS NEGÓCIOS | C54: ='Previsão Custo Enquadramento'!F54 -> PJ | D54: ='Previsão Custo Enquadramento'!D54 -> Novos Negócios | E54: ='Previsão Custo Enquadramento'!H54 -> 12000 | F54: ='Previsão Custo Enquadramento'!L54 -> 0 | G54: ='Previsão Custo Enquadramento'!P54 -> 806.205 | H54: =E54+F54 -> 12000 | I54: =E54+G54 -> 12806.205 | J54: SUPERVISOR DE NOVOS NEGÓCIOS | L54: 564.89333 | M54: =E54+K54+L54 -> 12564.893 | N54: ='Previsão Custo Enquadramento'!J54 -> 10244.96 | O54: ='Previsão Custo Enquadramento'!N54 -> 12806.205 | P54: =IF((N54-M54)<0,0,(N54-M54)) -> 0 | Q54: =IF((O54-M54)<0,0,(O54-M54)) -> 241.31167 | R54: =M54+P54 -> 12564.893 | S54: =M54+Q54 -> 12806.205
A55: ='Previsão Custo Enquadramento'!A55 -> 186 | B55: ='Previsão Custo Enquadramento'!B55 -> SUPERVISOR(A) FINANCEIRO I | C55: ='Previsão Custo Enquadramento'!F55 -> CLT | D55: ='Previsão Custo Enquadramento'!D55 -> Financeiro | E55: ='Previsão Custo Enquadramento'!H55 -> 5955.08 | F55: ='Previsão Custo Enquadramento'!L55 -> 0 | G55: ='Previsão Custo Enquadramento'!P55 -> 1029.16 | H55: =E55+F55 -> 5955.08 | I55: =E55+G55 -> 6984.24 | J55: SUPERVISOR(A) FINANCEIRO I | L55: 364.74 | M55: =E55+K55+L55 -> 6319.82 | N55: ='Previsão Custo Enquadramento'!J55 -> 5587.39 | O55: ='Previsão Custo Enquadramento'!N55 -> 6984.24 | P55: =IF((N55-M55)<0,0,(N55-M55)) -> 0 | Q55: =IF((O55-M55)<0,0,(O55-M55)) -> 664.42 | R55: =M55+P55 -> 6319.82 | S55: =M55+Q55 -> 6984.24
A56: ='Previsão Custo Enquadramento'!A56 -> PJ22 | B56: ='Previsão Custo Enquadramento'!B56 -> TECNICO ANALISTA DE CUSTOS | C56: ='Previsão Custo Enquadramento'!F56 -> PJ | D56: ='Previsão Custo Enquadramento'!D56 -> Edificação | E56: ='Previsão Custo Enquadramento'!H56 -> 10430 | F56: ='Previsão Custo Enquadramento'!L56 -> 0 | G56: ='Previsão Custo Enquadramento'!P56 -> 0 | H56: =E56+F56 -> 10430 | I56: =E56+G56 -> 10430 | J56: TECNICO ANALISTA DE CUSTOS | L56: 1473.2375 | M56: =E56+K56+L56 -> 11903.237 | N56: ='Previsão Custo Enquadramento'!J56 -> 8325.21 | O56: ='Previsão Custo Enquadramento'!N56 -> 10406.518 | P56: =IF((N56-M56)<0,0,(N56-M56)) -> 0 | Q56: =IF((O56-M56)<0,0,(O56-M56)) -> 0 | R56: =M56+P56 -> 11903.237 | S56: =M56+Q56 -> 11903.237
A57: ='Previsão Custo Enquadramento'!A57 -> 1871 | B57: ='Previsão Custo Enquadramento'!B57 -> TECNOLOGO EM CONSTRUÇÃO DE EDIFICIOS | C57: ='Previsão Custo Enquadramento'!F57 -> CLT | D57: ='Previsão Custo Enquadramento'!D57 -> Edificação | E57: ='Previsão Custo Enquadramento'!H57 -> 8585 | F57: ='Previsão Custo Enquadramento'!L57 -> 0 | G57: ='Previsão Custo Enquadramento'!P57 -> 0 | H57: =E57+F57 -> 8585 | I57: =E57+G57 -> 8585 | J57: TECNOLOGO EM CONSTRUÇÃO DE EDIFICIOS | L57: 431.7475 | M57: =E57+K57+L57 -> 9016.7475 | N57: ='Previsão Custo Enquadramento'!J57 -> 4572.2 | O57: ='Previsão Custo Enquadramento'!N57 -> 5715.25 | P57: =IF((N57-M57)<0,0,(N57-M57)) -> 0 | Q57: =IF((O57-M57)<0,0,(O57-M57)) -> 0 | R57: =M57+P57 -> 9016.7475 | S57: =M57+Q57 -> 9016.7475
A58: E01 | B58: ESTAGIARIO (A) | C58: Estágio | D58: Novos Negócios | E58: 1521 | F58: 0 | G58: ='Previsão Custo Enquadramento'!P58 | H58: =E58+F58 -> 1521 | I58: =E58+G58 -> 1521 | J58: ESTAGIARIO (A) | L58: 125 | M58: =E58+K58+L58 -> 1646 | N58: =1726.05681818182*0.8 -> 1380.8455 | O58: =1726.05681818182 -> 1726.0568 | P58: =IF((N58-M58)<0,0,(N58-M58)) -> 0 | Q58: =IF((O58-M58)<0,0,(O58-M58)) -> 80.056818 | R58: =M58+P58 -> 1646 | S58: =M58+Q58 -> 1726.0568
A59: E03 | B59: ESTAGIÁRIO(A) ADM | C59: Estágio | D59: Administrativo | E59: 1521 | F59: 0 | G59: ='Previsão Custo Enquadramento'!P59 | H59: =E59+F59 -> 1521 | I59: =E59+G59 -> 1521 | J59: ESTAGIÁRIO(A) ADM | L59: 125 | M59: =E59+K59+L59 -> 1646 | N59: =1726.05681818182*0.8 -> 1380.8455 | O59: =1726.05681818182 -> 1726.0568 | P59: =IF((N59-M59)<0,0,(N59-M59)) -> 0 | Q59: =IF((O59-M59)<0,0,(O59-M59)) -> 80.056818 | R59: =M59+P59 -> 1646 | S59: =M59+Q59 -> 1726.0568
A60: E04 | B60: ESTAGIARIO(A) ENG. CIVIL | C60: Estágio | D60: Urbanismo | E60: 1521 | F60: 0 | G60: ='Previsão Custo Enquadramento'!P60 | H60: =E60+F60 -> 1521 | I60: =E60+G60 -> 1521 | J60: ESTAGIARIO(A) ENG. CIVIL | M60: =E60+K60+L60 -> 1521 | N60: =1637.83749999995*0.8 -> 1310.27 | O60: =1637.83749999995 -> 1637.8375 | P60: =IF((N60-M60)<0,0,(N60-M60)) -> 0 | Q60: =IF((O60-M60)<0,0,(O60-M60)) -> 116.8375 | R60: =M60+P60 -> 1521 | S60: =M60+Q60 -> 1637.8375
A61: 1940 | B61: ESTAGIÁRIO(A) RH/DP | C61: Estágio | D61: DHO | E61: 1521 | F61: 0 | G61: ='Previsão Custo Enquadramento'!P61 | H61: =E61+F61 -> 1521 | I61: =E61+G61 -> 1521 | J61: ESTAGIÁRIO(A) RH/DP | L61: 125 | M61: =E61+K61+L61 -> 1646 | N61: =1726.05681818182*0.8 -> 1380.8455 | O61: =1726.05681818182 -> 1726.0568 | P61: =IF((N61-M61)<0,0,(N61-M61)) -> 0 | Q61: =IF((O61-M61)<0,0,(O61-M61)) -> 80.056818 | R61: =M61+P61 -> 1646 | S61: =M61+Q61 -> 1726.0568

Sheet Remuneração Total Áreas
B3: Área | C3: Edificação | D3: Comercial | E3: Urbanismo | F3: Diretor | G3: Financeiro | H3: Administrativo | I3: Controladoria | J3: Marketing | K3: Suprimentos | L3: Incorporação | M3: Legalização | N3: Novos Negócios | O3: DHO | P3: Inovação | Q3: Pós Vendas | R3: Tecnologia da Informação
B4: Fixo Atual | C4: =SUMIF('Remuneração por Área'!$D$2:$D$57,C3,'Remuneração por Área'!$E$2:$E$57) -> 110751 | D4: =SUMIF('Remuneração por Área'!$D$2:$D$57,D3,'Remuneração por Área'!$E$2:$E$57) -> 47836 | E4: =SUMIF('Remuneração por Área'!$D$2:$D$57,E3,'Remuneração por Área'!$E$2:$E$57) -> 73781 | F4: =VLOOKUP('Previsão Custo Enquadramento'!B$37,'Remuneração por Área'!B$1:S$61,4,0) -> 58000 | G4: =SUMIF('Remuneração por Área'!$D$2:$D$57,G3,'Remuneração por Área'!$E$2:$E$57) -> 41864.08 | H4: =SUMIF('Remuneração por Área'!$D$2:$D$57,H3,'Remuneração por Área'!$E$2:$E$57) -> 35931.74 | I4: =SUMIF('Remuneração por Área'!$D$2:$D$57,I3,'Remuneração por Área'!$E$2:$E$57) -> 32315.6 | J4: =SUMIF('Remuneração por Área'!$D$2:$D$57,J3,'Remuneração por Área'!$E$2:$E$57) -> 21020.88 | K4: =SUMIF('Remuneração por Área'!$D$2:$D$57,K3,'Remuneração por Área'!$E$2:$E$57) -> 19780 | L4: =SUMIF('Remuneração por Área'!$D$2:$D$57,L3,'Remuneração por Área'!$E$2:$E$57) -> 18540 | M4: =SUMIF('Remuneração por Área'!$D$2:$D$57,M3,'Remuneração por Área'!$E$2:$E$57) -> 12299 | N4: =SUMIF('Remuneração por Área'!$D$2:$D$57,N3,'Remuneração por Área'!$E$2:$E$57) -> 12000 | ... R4: =SUMIF('Remuneração por Área'!$D$2:$D$57,R3,'Remuneração por Área'!$E$2:$E$57) -> 2919
B5: Fixo + Enquadramento para 80% | C5: =SUMIF('Remuneração por Área'!$D$2:$D$57,C3,'Remuneração por Área'!$H$2:$H$57) -> 112153.17 | D5: =SUMIF('Remuneração por Área'!$D$2:$D$57,D3,'Remuneração por Área'!$H$2:$H$57) -> 88594.68 | E5: =SUMIF('Remuneração por Área'!$D$2:$D$57,E3,'Remuneração por Área'!$H$2:$H$57) -> 75635.96 | F5: =VLOOKUP('Previsão Custo Enquadramento'!B$37,'Remuneração por Área'!B$1:S$61,4,0) -> 58000 | G5: =SUMIF('Remuneração por Área'!$D$2:$D$57,G3,'Remuneração por Área'!$H$2:$H$57) -> 44178.46 | H5: =SUMIF('Remuneração por Área'!$D$2:$D$57,H3,'Remuneração por Área'!$H$2:$H$57) -> 40527.63 | I5: =SUMIF('Remuneração por Área'!$D$2:$D$57,I3,'Remuneração por Área'!$H$2:$H$57) -> 33605.77 | J5: =SUMIF('Remuneração por Área'!$D$2:$D$57,J3,'Remuneração por Área'!$H$2:$H$57) -> 21020.88 | K5: =SUMIF('Remuneração por Área'!$D$2:$D$57,K3,'Remuneração por Área'!$H$2:$H$57) -> 19780 | L5: =SUMIF('Remuneração por Área'!$D$2:$D$57,L3,'Remuneração por Área'!$H$2:$H$57) -> 18540 | M5: =SUMIF('Remuneração por Área'!$D$2:$D$57,M3,'Remuneração por Área'!$H$2:$H$57) -> 12299 | N5: =SUMIF('Remuneração por Área'!$D$2:$D$57,N3,'Remuneração por Área'!$H$2:$H$57) -> 12000 | ... R5: =SUMIF('Remuneração por Área'!$D$2:$D$57,R3,'Remuneração por Área'!$H$2:$H$57) -> 2919
B6: Enquadrado para 100% | C6: =SUMIF('Remuneração por Área'!$D$2:$D$57,C3,'Remuneração por Área'!$I$2:$I$57) -> 115055 | D6: =SUMIF('Remuneração por Área'!$D$2:$D$57,D3,'Remuneração por Área'!$I$2:$I$57) -> 108686.31 | E6: =SUMIF('Remuneração por Área'!$D$2:$D$57,E3,'Remuneração por Área'!$I$2:$I$57) -> 81481.415 | F6: =VLOOKUP('Previsão Custo Enquadramento'!B$37,'Remuneração por Área'!B$1:S$61,4,0) -> 58000 | G6: =SUMIF('Remuneração por Área'!$D$2:$D$57,G3,'Remuneração por Área'!$I$2:$I$57) -> 49790.712 | H6: =SUMIF('Remuneração por Área'!$D$2:$D$57,H3,'Remuneração por Área'!$I$2:$I$57) -> 47263.805 | I6: =SUMIF('Remuneração por Área'!$D$2:$D$57,I3,'Remuneração por Área'!$I$2:$I$57) -> 40396.933 | J6: =SUMIF('Remuneração por Área'!$D$2:$D$57,J3,'Remuneração por Área'!$I$2:$I$57) -> 21020.88 | K6: =SUMIF('Remuneração por Área'!$D$2:$D$57,K3,'Remuneração por Área'!$I$2:$I$57) -> 22586.332 | L6: =SUMIF('Remuneração por Área'!$D$2:$D$57,L3,'Remuneração por Área'!$I$2:$I$57) -> 21612.71 | M6: =SUMIF('Remuneração por Área'!$D$2:$D$57,M3,'Remuneração por Área'!$I$2:$I$57) -> 12299 | N6: =SUMIF('Remuneração por Área'!$D$2:$D$57,N3,'Remuneração por Área'!$I$2:$I$57) -> 12806.205 | ... R6: =SUMIF('Remuneração por Área'!$D$2:$D$57,R3,'Remuneração por Área'!$I$2:$I$57) -> 2919
B8: Área | C8: Edificação | D8: Comercial | E8: Urbanismo | F8: Diretor | G8: Financeiro | H8: Administrativo | I8: Controladoria | J8: Marketing | K8: Suprimentos | L8: Incorporação | M8: Legalização | N8: Novos Negócios | O8: DHO | P8: Inovação | Q8: Pós Vendas | R8: Tecnologia da Informação
B9: Fixo + Variável Atual | C9: =SUMIF('Remuneração por Área'!$D$2:$D$57,C3,'Remuneração por Área'!$M$2:$M$57) -> 115417.58 | D9: =SUMIF('Remuneração por Área'!$D$2:$D$57,D3,'Remuneração por Área'!$M$2:$M$57) -> 71836 | E9: =SUMIF('Remuneração por Área'!$D$2:$D$57,E3,'Remuneração por Área'!$M$2:$M$57) -> 83011.491 | F9: =VLOOKUP('Previsão Custo Enquadramento'!B$37,'Remuneração por Área'!B$1:S$61,12,0) -> 79066.083 | G9: =SUMIF('Remuneração por Área'!$D$2:$D$57,G3,'Remuneração por Área'!$M$2:$M$57) -> 43874.062 | H9: =SUMIF('Remuneração por Área'!$D$2:$D$57,H3,'Remuneração por Área'!$M$2:$M$57) -> 40211.076 | I9: =SUMIF('Remuneração por Área'!$D$2:$D$57,I3,'Remuneração por Área'!$M$2:$M$57) -> 36221.976 | J9: =SUMIF('Remuneração por Área'!$D$2:$D$57,J3,'Remuneração por Área'!$M$2:$M$57) -> 22373.935 | K9: =SUMIF('Remuneração por Área'!$D$2:$D$57,K3,'Remuneração por Área'!$M$2:$M$57) -> 21367.852 | L9: =SUMIF('Remuneração por Área'!$D$2:$D$57,L3,'Remuneração por Área'!$M$2:$M$57) -> 22795.25 | M9: =SUMIF('Remuneração por Área'!$D$2:$D$57,M3,'Remuneração por Área'!$M$2:$M$57) -> 13521.378 | N9: =SUMIF('Remuneração por Área'!$D$2:$D$57,N3,'Remuneração por Área'!$M$2:$M$57) -> 12564.893 | ... R9: =SUMIF('Remuneração por Área'!$D$2:$D$57,R3,'Remuneração por Área'!$M$2:$M$57) -> 3109.4142
B10: Fixo + Vatiável + Enquadramento para 80% | C10: =SUMIF('Remuneração por Área'!$D$2:$D$57,C3,'Remuneração por Área'!$R$2:$R$57) -> 116381.73 | D10: =SUMIF('Remuneração por Área'!$D$2:$D$57,D3,'Remuneração por Área'!$R$2:$R$57) -> 100594.68 | E10: =SUMIF('Remuneração por Área'!$D$2:$D$57,E3,'Remuneração por Área'!$R$2:$R$57) -> 84186.701 | F10: =VLOOKUP('Previsão Custo Enquadramento'!B$37,'Remuneração por Área'!B$1:S$61,12,0) -> 79066.083 | G10: =SUMIF('Remuneração por Área'!$D$2:$D$57,G3,'Remuneração por Área'!$R$2:$R$57) -> 45817.807 | H10: =SUMIF('Remuneração por Área'!$D$2:$D$57,H3,'Remuneração por Área'!$R$2:$R$57) -> 41870.896 | I10: =SUMIF('Remuneração por Área'!$D$2:$D$57,I3,'Remuneração por Área'!$R$2:$R$57) -> 36221.976 | J10: =SUMIF('Remuneração por Área'!$D$2:$D$57,J3,'Remuneração por Área'!$R$2:$R$57) -> 22373.935 | K10: =SUMIF('Remuneração por Área'!$D$2:$D$57,K3,'Remuneração por Área'!$R$2:$R$57) -> 21367.852 | L10: =SUMIF('Remuneração por Área'!$D$2:$D$57,L3,'Remuneração por Área'!$R$2:$R$57) -> 22795.25 | M10: =SUMIF('Remuneração por Área'!$D$2:$D$57,M3,'Remuneração por Área'!$R$2:$R$57) -> 13521.378 | N10: =SUMIF('Remuneração por Área'!$D$2:$D$57,N3,'Remuneração por Área'!$R$2:$R$57) -> 12564.893 | ... R10: =SUMIF('Remuneração por Área'!$D$2:$D$57,R3,'Remuneração por Área'!$R$2:$R$57) -> 3109.4142
B11: Enquadrado para 100% | C11: =SUMIF('Remuneração por Área'!$D$2:$D$57,C3,'Remuneração por Área'!$S$2:$S$57) -> 119140.2 | D11: =SUMIF('Remuneração por Área'!$D$2:$D$57,D3,'Remuneração por Área'!$S$2:$S$57) -> 118753.34 | E11: =SUMIF('Remuneração por Área'!$D$2:$D$57,E3,'Remuneração por Área'!$S$2:$S$57) -> 89279.667 | F11: =VLOOKUP('Previsão Custo Enquadramento'!B$37,'Remuneração por Área'!B$1:S$61,12,0) -> 79066.083 | G11: =SUMIF('Remuneração por Área'!$D$2:$D$57,G3,'Remuneração por Área'!$S$2:$S$57) -> 50406.94 | H11: =SUMIF('Remuneração por Área'!$D$2:$D$57,H3,'Remuneração por Área'!$S$2:$S$57) -> 47705.772 | I11: =SUMIF('Remuneração por Área'!$D$2:$D$57,I3,'Remuneração por Área'!$S$2:$S$57) -> 40626.22 | J11: =SUMIF('Remuneração por Área'!$D$2:$D$57,J3,'Remuneração por Área'!$S$2:$S$57) -> 22373.935 | K11: =SUMIF('Remuneração por Área'!$D$2:$D$57,K3,'Remuneração por Área'!$S$2:$S$57) -> 22586.332 | L11: =SUMIF('Remuneração por Área'!$D$2:$D$57,L3,'Remuneração por Área'!$S$2:$S$57) -> 22795.25 | M11: =SUMIF('Remuneração por Área'!$D$2:$D$57,M3,'Remuneração por Área'!$S$2:$S$57) -> 13521.378 | N11: =SUMIF('Remuneração por Área'!$D$2:$D$57,N3,'Remuneração por Área'!$S$2:$S$57) -> 12806.205 | ... R11: =SUMIF('Remuneração por Área'!$D$2:$D$57,R3,'Remuneração por Área'!$S$2:$S$57) -> 3109.4142

Sheet Estudo Comparativo Sal Fixo
K2: Impacto Financeiro Área: | M2: Todas
L4: Necessário para Mín.
L5: =IF(M2="Todas",SUM('Previsão Custo Enquadramento'!L:L),SUMIFS('Previsão Custo Enquadramento'!L:L,'Previsão Custo Enquadramento'!D:D,$M$2)) -> 54912.42 | M5: =IF(M2="Todas",SUM('Previsão Custo Enquadramento'!L:L)/SUM('Previsão Custo Enquadramento'!H:H),SUMIFS('Previsão Custo Enquadramento'!L:L,'Previsão Custo Enquadramento'!D:D,$M$2)/SUM('Previsão Custo Enquadramento'!H:H)) -> 0.10673231
B6: =IFERROR('Cargos da Estrutura_Cálculo'!H5/'Cargos da Estrutura_Cálculo'!H3,0) -> 0.63157895
L7: Movimento Todos para 100% da Tabela
I8: Estratégico: Heads; Tático: Assessores e Economista Chefe; Operacional: Demais Cargos; | L8: =IF(M2="Todas",SUM('Previsão Custo Enquadramento'!P:P),SUMIFS('Previsão Custo Enquadramento'!P:P,'Previsão Custo Enquadramento'!D:D,$M$2)) -> 112571.89 | M8: =IF(M2="Todas",SUM('Previsão Custo Enquadramento'!P:P)/SUM('Previsão Custo Enquadramento'!H:H),SUMIFS('Previsão Custo Enquadramento'!P:P,'Previsão Custo Enquadramento'!D:D,$M$2)/SUM('Previsão Custo Enquadramento'!H:H)) -> 0.21880402
C10: ="Total:"&" "&'Cargos da Estrutura_Cálculo'!H3 -> Total: 76 | L10: Excedente acima Max.
L11: =IF(M2="Todas",-SUMIF('Previsão Custo Enquadramento'!M:M,">120%",'Previsão Custo Enquadramento'!Q:Q),-SUMIFS('Previsão Custo Enquadramento'!Q:Q,'Previsão Custo Enquadramento'!M:M,">120%",'Previsão Custo Enquadramento'!D:D,$M$2)) -> 2245.064 | M11: =L11/SUM('Previsão Custo Enquadramento'!H:H) -> 0.0043636918
E12: Ranking
E14: Áreas com maior impacto:
E15: • Comercial; • Urbanismo; • Edificação; • DHO.
B16: ='Cargos da Estrutura_Cálculo'!G31/('Cargos da Estrutura_Cálculo'!G31+'Cargos da Estrutura_Cálculo'!G32) -> 0.75 | H16: ='Cargos da Estrutura_Cálculo'!G24/('Cargos da Estrutura_Cálculo'!G24+'Cargos da Estrutura_Cálculo'!G25) -> 0.21428571
B18: ="de "&('Cargos da Estrutura_Cálculo'!G31+'Cargos da Estrutura_Cálculo'!G32)&" funcionários" -> de 8 funcionários | C18: ='Cargos da Estrutura_Cálculo'!G29 -> Comercial | E18: Áreas com menor impacto(zero): | H18: ="de "&('Cargos da Estrutura_Cálculo'!G24+'Cargos da Estrutura_Cálculo'!G25)&" funcionários" -> de 56 funcionários
E19: • Marketing; • Tecnologia da Informação; • Legalização; • Inovação; • Novos Negórcios; • Incorporação.
C21: ="Total para Enquadramento:"&" "&FIXED('Cargos da Estrutura_Cálculo'!G34,2) -> Total para Enquadramento: 40.758,68

Sheet Cargos da Estrutura_Cálculo
B2: Lista de cargos da estrutura
B3: Cargo | C3: Área | D3: Nº de Colaboradores | F3: Dados de Ocupação de Cargos | G3: Nº Total de Cargos | H3: =IF('Estudo Comparativo Sal Fixo'!M2="Todas",COUNTA(B4:B150),COUNTIF(C4:C150,'Estudo Comparativo Sal Fixo'!M2)) -> 76
B4: Assistente Administrativo | C4: Administrativo | D4: =COUNTIF('Previsão Custo Enquadramento'!C:C,B4) -> 1
B5: Auxiliar Administrativo | C5: Administrativo | D5: =COUNTIF('Previsão Custo Enquadramento'!C:C,B5) -> 2 | G5: Cargos com ocupantes | H5: =IF('Estudo Comparativo Sal Fixo'!M2="Todas",COUNTIF(D4:D150,">0"),COUNTIFS(C4:C150,'Estudo Comparativo Sal Fixo'!M2,D4:D150,">0")) -> 48
B6: Controller Jurídico | C6: Administrativo | D6: =COUNTIF('Previsão Custo Enquadramento'!C:C,B6) -> 1
B7: Gerente Administrativo | C7: Administrativo | D7: =COUNTIF('Previsão Custo Enquadramento'!C:C,B7) -> 1 | G7: Cargos sem ocupantes | H7: =IF('Estudo Comparativo Sal Fixo'!M2="Todas",COUNTIF(D4:D150,"=0"),COUNTIFS(C4:C150,'Estudo Comparativo Sal Fixo'!M2,D4:D150,"=0")) -> 28
B8: Diretor | C8: Comercial | D8: =COUNTIF('Previsão Custo Enquadramento'!C:C,B8) -> 1
B9: Gerente Comercial | C9: Comercial | D9: =COUNTIF('Previsão Custo Enquadramento'!C:C,B9) -> 1
B10: Gerente House | C10: Comercial | D10: =COUNTIF('Previsão Custo Enquadramento'!C:C,B10) -> 1 | G10: Abaixo do Mínimo | H10: Entre Mínimo e 100% | I10: Entre 100% e Máximo | J10: Acima do Máximo
B11: Gerente Imobiliárias Externas | C11: Comercial | D11: =COUNTIF('Previsão Custo Enquadramento'!C:C,B11) -> 2 | F11: Operacional | G11: =IF('Estudo Comparativo Sal Fixo'!M2="Todas",COUNTIFS('Previsão Custo Enquadramento'!E:E,"Operacional",'Previsão Custo Enquadramento'!M:M,"<80%")/COUNTIF('Previsão Custo Enquadramento'!E:E,"Operacional"),COUNTIFS('Previsão Custo Enquadramento'!E:E,"Operacional",'Previsão Custo Enquadramento'!M:M,"<80%",'Previsão Custo Enquadramento'!D:D,'Estudo Comparativo Sal Fixo'!M2)/COUNTIFS('Previsão Custo Enquadramento'!E:E,"Operacional",'Previsão Custo Enquadramento'!D:D,'Estudo Comparativo Sal Fixo'!M2)) -> 0.060606061 | H11: =IF('Estudo Comparativo Sal Fixo'!M2="Todas",COUNTIFS('Previsão Custo Enquadramento'!E:E,"Operacional",'Previsão Custo Enquadramento'!M:M,">=80%",'Previsão Custo Enquadramento'!M:M,"<100%")/COUNTIF('Previsão Custo Enquadramento'!E:E,"Operacional"),COUNTIFS('Previsão Custo Enquadramento'!E:E,"Operacional",'Previsão Custo Enquadramento'!M:M,">=80%",'Previsão Custo Enquadramento'!M:M,"<100%",'Previsão Custo Enquadramento'!D:D,'Estudo Comparativo Sal Fixo'!M2)/COUNTIFS('Previsão Custo Enquadramento'!E:E,"Operacional",'Previsão Custo Enquadramento'!D:D,'Estudo Comparativo Sal Fixo'!M2)) -> 0.36363636 | I11: =IF('Estudo Comparativo Sal Fixo'!M2="Todas",COUNTIFS('Previsão Custo Enquadramento'!E:E,"Operacional",'Previsão Custo Enquadramento'!M:M,">=100%",'Previsão Custo Enquadramento'!M:M,"<=120%")/COUNTIF('Previsão Custo Enquadramento'!E:E,"Operacional"),COUNTIFS('Previsão Custo Enquadramento'!E:E,"Operacional",'Previsão Custo Enquadramento'!M:M,">=100%",'Previsão Custo Enquadramento'!M:M,"<=120%",'Previsão Custo Enquadramento'!D:D,'Estudo Comparativo Sal Fixo'!M2)/COUNTIFS('Previsão Custo Enquadramento'!E:E,"Operacional",'Previsão Custo Enquadramento'!D:D,'Estudo Comparativo Sal Fixo'!M2)) -> 0.48484848 | J11: =IF('Estudo Comparativo Sal Fixo'!M2="Todas",COUNTIFS('Previsão Custo Enquadramento'!E:E,"Operacional",'Previsão Custo Enquadramento'!M:M,">120%")/COUNTIF('Previsão Custo Enquadramento'!E:E,"Operacional"),COUNTIFS('Previsão Custo Enquadramento'!E:E,"Operacional",'Previsão Custo Enquadramento'!M:M,">120%",'Previsão Custo Enquadramento'!D:D,'Estudo Comparativo Sal Fixo'!M2)/COUNTIFS('Previsão Custo Enquadramento'!E:E,"Operacional",'Previsão Custo Enquadramento'!D:D,'Estudo Comparativo Sal Fixo'!M2)) -> 0.090909091
B12: Gerente Parcerias | C12: Comercial | D12: =COUNTIF('Previsão Custo Enquadramento'!C:C,B12) -> 2 | F12: Tático | G12: =IF('Estudo Comparativo Sal Fixo'!M2="Todas",COUNTIFS('Previsão Custo Enquadramento'!E:E,"Tático",'Previsão Custo Enquadramento'!M:M,"<80%")/COUNTIF('Previsão Custo Enquadramento'!E:E,"Tático"),COUNTIFS('Previsão Custo Enquadramento'!E:E,"Tático",'Previsão Custo Enquadramento'!M:M,"<80%",'Previsão Custo Enquadramento'!D:D,'Estudo Comparativo Sal Fixo'!M2)/COUNTIFS('Previsão Custo Enquadramento'!E:E,"Tático",'Previsão Custo Enquadramento'!D:D,'Estudo Comparativo Sal Fixo'!M2)) -> 0.45454545 | H12: =IF('Estudo Comparativo Sal Fixo'!M2="Todas",COUNTIFS('Previsão Custo Enquadramento'!E:E,"Tático",'Previsão Custo Enquadramento'!M:M,">=80%",'Previsão Custo Enquadramento'!M:M,"<100%")/COUNTIF('Previsão Custo Enquadramento'!E:E,"Tático"),COUNTIFS('Previsão Custo Enquadramento'!E:E,"Tático",'Previsão Custo Enquadramento'!M:M,">=80%",'Previsão Custo Enquadramento'!M:M,"<100%",'Previsão Custo Enquadramento'!D:D,'Estudo Comparativo Sal Fixo'!M2)/COUNTIFS('Previsão Custo Enquadramento'!E:E,"Tático",'Previsão Custo Enquadramento'!D:D,'Estudo Comparativo Sal Fixo'!M2)) -> 0.27272727 | I12: =IF('Estudo Comparativo Sal Fixo'!M2="Todas",COUNTIFS('Previsão Custo Enquadramento'!E:E,"Tático",'Previsão Custo Enquadramento'!M:M,">=100%",'Previsão Custo Enquadramento'!M:M,"<=120%")/COUNTIF('Previsão Custo Enquadramento'!E:E,"Tático"),COUNTIFS('Previsão Custo Enquadramento'!E:E,"Tático",'Previsão Custo Enquadramento'!M:M,">=100%",'Previsão Custo Enquadramento'!M:M,"<=120%",'Previsão Custo Enquadramento'!D:D,'Estudo Comparativo Sal Fixo'!M2)/COUNTIFS('Previsão Custo Enquadramento'!E:E,"Tático",'Previsão Custo Enquadramento'!D:D,'Estudo Comparativo Sal Fixo'!M2)) -> 0.27272727 | J12: =IF('Estudo Comparativo Sal Fixo'!M2="Todas",COUNTIFS('Previsão Custo Enquadramento'!E:E,"Tático",'Previsão Custo Enquadramento'!M:M,">120%")/COUNTIF('Previsão Custo Enquadramento'!E:E,"Tático"),COUNTIFS('Previsão Custo Enquadramento'!E:E,"Tático",'Previsão Custo Enquadramento'!M:M,">120%",'Previsão Custo Enquadramento'!D:D,'Estudo Comparativo Sal Fixo'!M2)/COUNTIFS('Previsão Custo Enquadramento'!E:E,"Tático",'Previsão Custo Enquadramento'!D:D,'Estudo Comparativo Sal Fixo'!M2)) -> 0
B13: Gerente Parcerias Externas | C13: Comercial | D13: =COUNTIF('Previsão Custo Enquadramento'!C:C,B13) -> 1 | F13: Estratégico | G13: =IF('Estudo Comparativo Sal Fixo'!M2="Todas",COUNTIFS('Previsão Custo Enquadramento'!E:E,"Estratégico",'Previsão Custo Enquadramento'!M:M,"<80%")/COUNTIF('Previsão Custo Enquadramento'!E:E,"Estratégico"),COUNTIFS('Previsão Custo Enquadramento'!E:E,"Estratégico",'Previsão Custo Enquadramento'!M:M,"<80%",'Previsão Custo Enquadramento'!D:D,'Estudo Comparativo Sal Fixo'!M2)/COUNTIFS('Previsão Custo Enquadramento'!E:E,"Estratégico",'Previsão Custo Enquadramento'!D:D,'Estudo Comparativo Sal Fixo'!M2)) -> 0 | H13: =IF('Estudo Comparativo Sal Fixo'!M2="Todas",COUNTIFS('Previsão Custo Enquadramento'!E:E,"Estratégico",'Previsão Custo Enquadramento'!M:M,">=80%",'Previsão Custo Enquadramento'!M:M,"<100%")/COUNTIF('Previsão Custo Enquadramento'!E:E,"Estratégico"),COUNTIFS('Previsão Custo Enquadramento'!E:E,"Estratégico",'Previsão Custo Enquadramento'!M:M,">=80%",'Previsão Custo Enquadramento'!M:M,"<100%",'Previsão Custo Enquadramento'!D:D,'Estudo Comparativo Sal Fixo'!M2)/COUNTIFS('Previsão Custo Enquadramento'!E:E,"Estratégico",'Previsão Custo Enquadramento'!D:D,'Estudo Comparativo Sal Fixo'!M2)) -> 0 | I13: =IF('Estudo Comparativo Sal Fixo'!M2="Todas",COUNTIFS('Previsão Custo Enquadramento'!E:E,"Estratégico",'Previsão Custo Enquadramento'!M:M,">=100%",'Previsão Custo Enquadramento'!M:M,"<=120%")/COUNTIF('Previsão Custo Enquadramento'!E:E,"Estratégico"),COUNTIFS('Previsão Custo Enquadramento'!E:E,"Estratégico",'Previsão Custo Enquadramento'!M:M,">=100%",'Previsão Custo Enquadramento'!M:M,"<=120%",'Previsão Custo Enquadramento'!D:D,'Estudo Comparativo Sal Fixo'!M2)/COUNTIFS('Previsão Custo Enquadramento'!E:E,"Estratégico",'Previsão Custo Enquadramento'!D:D,'Estudo Comparativo Sal Fixo'!M2)) -> 1 | J13: =IF('Estudo Comparativo Sal Fixo'!M2="Todas",COUNTIFS('Previsão Custo Enquadramento'!E:E,"Estratégico",'Previsão Custo Enquadramento'!M:M,">120%")/COUNTIF('Previsão Custo Enquadramento'!E:E,"Estratégico"),COUNTIFS('Previsão Custo Enquadramento'!E:E,"Estratégico",'Previsão Custo Enquadramento'!M:M,">120%",'Previsão Custo Enquadramento'!D:D,'Estudo Comparativo Sal Fixo'!M2)/COUNTIFS('Previsão Custo Enquadramento'!E:E,"Estratégico",'Previsão Custo Enquadramento'!D:D,'Estudo Comparativo Sal Fixo'!M2)) -> 0
B14: Assistente Controladoria | C14: Controladoria | D14: =COUNTIF('Previsão Custo Enquadramento'!C:C,B14) -> 1 | F14: Todos | G14: =IF('Estudo Comparativo Sal Fixo'!M2="Todas",COUNTIF('Previsão Custo Enquadramento'!M:M,"<80%")/count('Previsão Custo Enquadramento'!M3:M359),COUNTIFS('Previsão Custo Enquadramento'!M:M,"<80%",'Previsão Custo Enquadramento'!D:D,'Estudo Comparativo Sal Fixo'!M2)/COUNTIF('Previsão Custo Enquadramento'!D:D,'Estudo Comparativo Sal Fixo'!M2)) -> 0.21818182 | H14: =IF('Estudo Comparativo Sal Fixo'!M2="Todas",COUNTIFS('Previsão Custo Enquadramento'!M:M,">=80%",'Previsão Custo Enquadramento'!M:M,"<100%")/count('Previsão Custo Enquadramento'!M3:M359),COUNTIFS('Previsão Custo Enquadramento'!M:M,">=80%",'Previsão Custo Enquadramento'!M:M,"<100%",'Previsão Custo Enquadramento'!D:D,'Estudo Comparativo Sal Fixo'!M2)/COUNTIF('Previsão Custo Enquadramento'!D:D,'Estudo Comparativo Sal Fixo'!M2)) -> 0.32727273 | I14: =IF('Estudo Comparativo Sal Fixo'!M2="Todas",COUNTIFS('Previsão Custo Enquadramento'!M:M,">=100%",'Previsão Custo Enquadramento'!M:M,"<=120%")/count('Previsão Custo Enquadramento'!M3:M359),COUNTIFS('Previsão Custo Enquadramento'!M:M,">=100%",'Previsão Custo Enquadramento'!M:M,"<=120%",'Previsão Custo Enquadramento'!D:D,'Estudo Comparativo Sal Fixo'!M2)/countif('Previsão Custo Enquadramento'!D:D,'Estudo Comparativo Sal Fixo'!M2)) -> 0.41818182 | J14: =IF('Estudo Comparativo Sal Fixo'!M2="Todas",COUNTIFS('Previsão Custo Enquadramento'!M:M,">120%")/count('Previsão Custo Enquadramento'!M3:M359),COUNTIFS('Previsão Custo Enquadramento'!M:M,">120%",'Previsão Custo Enquadramento'!D:D,'Estudo Comparativo Sal Fixo'!M2)/countiF('Previsão Custo Enquadramento'!D:D,'Estudo Comparativo Sal Fixo'!M2)) -> 0.054545455
B15: Controller Geral | C15: Controladoria | D15: =COUNTIF('Previsão Custo Enquadramento'!C:C,B15) -> 1
B16: Controller Técnico | C16: Controladoria | D16: =COUNTIF('Previsão Custo Enquadramento'!C:C,B16) -> 1 | G16: Abaixo da Estrutura Salarial | H16: Dentro da Estrutura Salarial | I16: Acima da Estrutura Salarial
B17: Assistente Recursos Humanos | C17: DHO | D17: =COUNTIF('Previsão Custo Enquadramento'!C:C,B17) -> 1 | F17: Operacional | G17: =IF('Estudo Comparativo Sal Fixo'!M2="Todas",COUNTIFS('Previsão Custo Enquadramento'!E:E,"Operacional",'Previsão Custo Enquadramento'!M:M,"<80%")/COUNTIF('Previsão Custo Enquadramento'!E:E,"Operacional"),COUNTIFS('Previsão Custo Enquadramento'!E:E,"Operacional",'Previsão Custo Enquadramento'!M:M,"<80%",'Previsão Custo Enquadramento'!D:D,'Estudo Comparativo Sal Fixo'!M2)/COUNTIFS('Previsão Custo Enquadramento'!E:E,"Operacional",'Previsão Custo Enquadramento'!D:D,'Estudo Comparativo Sal Fixo'!M2)) -> 0.060606061 | H17: =IF('Estudo Comparativo Sal Fixo'!M2="Todas",COUNTIFS('Previsão Custo Enquadramento'!E:E,"Operacional",'Previsão Custo Enquadramento'!M:M,">=80%",'Previsão Custo Enquadramento'!M:M,"<=120%")/COUNTIF('Previsão Custo Enquadramento'!E:E,"Operacional"),COUNTIFS('Previsão Custo Enquadramento'!E:E,"Operacional",'Previsão Custo Enquadramento'!M:M,">=80%",'Previsão Custo Enquadramento'!M:M,"<=120%",'Previsão Custo Enquadramento'!D:D,'Estudo Comparativo Sal Fixo'!M2)/COUNTIFS('Previsão Custo Enquadramento'!E:E,"Operacional",'Previsão Custo Enquadramento'!D:D,'Estudo Comparativo Sal Fixo'!M2)) -> 0.84848485 | I17: =IF('Estudo Comparativo Sal Fixo'!M2="Todas",COUNTIFS('Previsão Custo Enquadramento'!E:E,"Operacional",'Previsão Custo Enquadramento'!M:M,">120%")/COUNTIF('Previsão Custo Enquadramento'!E:E,"Operacional"),COUNTIFS('Previsão Custo Enquadramento'!E:E,"Operacional",'Previsão Custo Enquadramento'!M:M,">120%",'Previsão Custo Enquadramento'!D:D,'Estudo Comparativo Sal Fixo'!M2)/COUNTIFS('Previsão Custo Enquadramento'!E:E,"Operacional",'Previsão Custo Enquadramento'!D:D,'Estudo Comparativo Sal Fixo'!M2)) -> 0.090909091
B18: Analista Recursos Humanos | C18: DHO | D18: =COUNTIF('Previsão Custo Enquadramento'!C:C,B18) -> 0 | F18: Tático | G18: =IF('Estudo Comparativo Sal Fixo'!M2="Todas",COUNTIFS('Previsão Custo Enquadramento'!E:E,"Tático",'Previsão Custo Enquadramento'!M:M,"<80%")/COUNTIF('Previsão Custo Enquadramento'!E:E,"Tático"),COUNTIFS('Previsão Custo Enquadramento'!E:E,"Tático",'Previsão Custo Enquadramento'!M:M,"<80%",'Previsão Custo Enquadramento'!D:D,'Estudo Comparativo Sal Fixo'!M2)/COUNTIFS('Previsão Custo Enquadramento'!E:E,"Tático",'Previsão Custo Enquadramento'!D:D,'Estudo Comparativo Sal Fixo'!M2)) -> 0.45454545 | H18: =IF('Estudo Comparativo Sal Fixo'!M2="Todas",COUNTIFS('Previsão Custo Enquadramento'!E:E,"Tático",'Previsão Custo Enquadramento'!M:M,">=80%",'Previsão Custo Enquadramento'!M:M,"<=120%")/COUNTIF('Previsão Custo Enquadramento'!E:E,"Tático"),COUNTIFS('Previsão Custo Enquadramento'!E:E,"Tático",'Previsão Custo Enquadramento'!M:M,">=80%",'Previsão Custo Enquadramento'!M:M,"<=120%",'Previsão Custo Enquadramento'!D:D,'Estudo Comparativo Sal Fixo'!M2)/COUNTIFS('Previsão Custo Enquadramento'!E:E,"Tático",'Previsão Custo Enquadramento'!D:D,'Estudo Comparativo Sal Fixo'!M2)) -> 0.54545455 | I18: =IF('Estudo Comparativo Sal Fixo'!M2="Todas",COUNTIFS('Previsão Custo Enquadramento'!E:E,"Tático",'Previsão Custo Enquadramento'!M:M,">120%")/COUNTIF('Previsão Custo Enquadramento'!E:E,"Tático"),COUNTIFS('Previsão Custo Enquadramento'!E:E,"Tático",'Previsão Custo Enquadramento'!M:M,">120%",'Previsão Custo Enquadramento'!D:D,'Estudo Comparativo Sal Fixo'!M2)/COUNTIFS('Previsão Custo Enquadramento'!E:E,"Tático",'Previsão Custo Enquadramento'!D:D,'Estudo Comparativo Sal Fixo'!M2)) -> 0
B19: Coordenador DHO | C19: DHO | D19: =COUNTIF('Previsão Custo Enquadramento'!C:C,B19) -> 1 | F19: Estratégico | G19: =IF('Estudo Comparativo Sal Fixo'!M2="Todas",COUNTIFS('Previsão Custo Enquadramento'!E:E,"Estratégico",'Previsão Custo Enquadramento'!M:M,"<80%")/COUNTIF('Previsão Custo Enquadramento'!E:E,"Estratégico"),COUNTIFS('Previsão Custo Enquadramento'!E:E,"Estratégico",'Previsão Custo Enquadramento'!M:M,"<80%",'Previsão Custo Enquadramento'!D:D,'Estudo Comparativo Sal Fixo'!M2)/COUNTIFS('Previsão Custo Enquadramento'!E:E,"Estratégico",'Previsão Custo Enquadramento'!D:D,'Estudo Comparativo Sal Fixo'!M2)) -> 0 | H19: =IF('Estudo Comparativo Sal Fixo'!M2="Todas",COUNTIFS('Previsão Custo Enquadramento'!E:E,"Estratégico",'Previsão Custo Enquadramento'!M:M,">=80%",'Previsão Custo Enquadramento'!M:M,"<=120%")/COUNTIF('Previsão Custo Enquadramento'!E:E,"Estratégico"),COUNTIFS('Previsão Custo Enquadramento'!E:E,"Estratégico",'Previsão Custo Enquadramento'!M:M,">=80%",'Previsão Custo Enquadramento'!M:M,"<=120%",'Previsão Custo Enquadramento'!D:D,'Estudo Comparativo Sal Fixo'!M2)/COUNTIFS('Previsão Custo Enquadramento'!E:E,"Estratégico",'Previsão Custo Enquadramento'!D:D,'Estudo Comparativo Sal Fixo'!M2)) -> 1 | I19: =IF('Estudo Comparativo Sal Fixo'!M2="Todas",COUNTIFS('Previsão Custo Enquadramento'!E:E,"Estratégico",'Previsão Custo Enquadramento'!M:M,">120%")/COUNTIF('Previsão Custo Enquadramento'!E:E,"Estratégico"),COUNTIFS('Previsão Custo Enquadramento'!E:E,"Estratégico",'Previsão Custo Enquadramento'!M:M,">120%",'Previsão Custo Enquadramento'!D:D,'Estudo Comparativo Sal Fixo'!M2)/COUNTIFS('Previsão Custo Enquadramento'!E:E,"Estratégico",'Previsão Custo Enquadramento'!D:D,'Estudo Comparativo Sal Fixo'!M2)) -> 0
B20: Almoxarife | C20: Edificação | D20: =COUNTIF('Previsão Custo Enquadramento'!C:C,B20) -> 2 | F20: Total | G20: =IF('Estudo Comparativo Sal Fixo'!M2="Todas",COUNTIF('Previsão Custo Enquadramento'!M:M,"<80%")/count('Previsão Custo Enquadramento'!M3:M359),COUNTIFS('Previsão Custo Enquadramento'!M:M,"<80%",'Previsão Custo Enquadramento'!D:D,'Estudo Comparativo Sal Fixo'!M2)/countIF('Previsão Custo Enquadramento'!D:D,'Estudo Comparativo Sal Fixo'!M2)) -> 0.21818182 | H20: =IF('Estudo Comparativo Sal Fixo'!M2="Todas",COUNTIFS('Previsão Custo Enquadramento'!M:M,">80%",'Previsão Custo Enquadramento'!M:M,"<=120%")/COUNT('Previsão Custo Enquadramento'!M3:M359),COUNTIFS('Previsão Custo Enquadramento'!M:M,">80%",'Previsão Custo Enquadramento'!M:M,"<=120%",'Previsão Custo Enquadramento'!D:D,'Estudo Comparativo Sal Fixo'!M2)/COUNTIF('Previsão Custo Enquadramento'!D:D,'Estudo Comparativo Sal Fixo'!M2)) -> 0.74545455 | I20: =IF('Estudo Comparativo Sal Fixo'!M2="Todas",COUNTIF('Previsão Custo Enquadramento'!M:M,">120%")/COUNT('Previsão Custo Enquadramento'!M3:M359),COUNTIFS('Previsão Custo Enquadramento'!M:M,">120%",'Previsão Custo Enquadramento'!D:D,'Estudo Comparativo Sal Fixo'!M2)/COUNTIF('Previsão Custo Enquadramento'!D:D,'Estudo Comparativo Sal Fixo'!M2)) -> 0.054545455
B21: Analista Manutenção Jr | C21: Edificação | D21: =COUNTIF('Previsão Custo Enquadramento'!C:C,B21) -> 0
B22: Analista Manutenção Pl | C22: Edificação | D22: =COUNTIF('Previsão Custo Enquadramento'!C:C,B22) -> 1
B23: Analista Manutenção Sr | C23: Edificação | D23: =COUNTIF('Previsão Custo Enquadramento'!C:C,B23) -> 0 | G23: Número de Profissionais
B24: Assistente Engenharia | C24: Edificação | D24: =COUNTIF('Previsão Custo Enquadramento'!C:C,B24) -> 1 | F24: Enquadrar | G24: =IF('Estudo Comparativo Sal Fixo'!M2="Todas",COUNTIF('Previsão Custo Enquadramento'!K:K,">0"),COUNTIFS('Previsão Custo Enquadramento'!K:K,">0",'Previsão Custo Enquadramento'!D:D,'Estudo Comparativo Sal Fixo'!M2)) -> 12
B25: Analista Engenharia | C25: Edificação | D25: =COUNTIF('Previsão Custo Enquadramento'!C:C,B25) -> 0 | F25: Dentro da Estrutura | G25: =IF('Estudo Comparativo Sal Fixo'!M2="Todas",COUNTIF('Previsão Custo Enquadramento'!K:K,"<=0"),COUNTIFS('Previsão Custo Enquadramento'!K:K,"<=0",'Previsão Custo Enquadramento'!D:D,'Estudo Comparativo Sal Fixo'!M2)) -> 44
B26: Coordenador Obras | C26: Edificação | D26: =COUNTIF('Previsão Custo Enquadramento'!C:C,B26) -> 0
B27: Encarregado Obras / Manutenção | C27: Edificação | D27: =COUNTIF('Previsão Custo Enquadramento'!C:C,B27) -> 1
B28: Engenheiro Jr | C28: Edificação | D28: =COUNTIF('Previsão Custo Enquadramento'!C:C,B28) -> 0 | G28: Red Flag | I28: Área | J28: Valor de Enquadramento
B29: Engenheiro Pl | C29: Edificação | D29: =COUNTIF('Previsão Custo Enquadramento'!C:C,B29) -> 0 | F29: Área de atenção | G29: Comercial | I29: Marketing | J29: =SUMIFS('Previsão Custo Enquadramento'!L:L,'Previsão Custo Enquadramento'!D:D,I29) -> 0
B30: Engenheiro Sr | C30: Edificação | D30: =COUNTIF('Previsão Custo Enquadramento'!C:C,B30) -> 1 | I30: Inovação | J30: =SUMIFS('Previsão Custo Enquadramento'!L:L,'Previsão Custo Enquadramento'!D:D,I30) -> 0
B31: Gerente Edificações | C31: Edificação | D31: =COUNTIF('Previsão Custo Enquadramento'!C:C,B31) -> 1 | F31: Enquadrar | G31: =COUNTIFS('Previsão Custo Enquadramento'!K:K,">0",'Previsão Custo Enquadramento'!D:D,G29) -> 6 | I31: Legalização | J31: =SUMIFS('Previsão Custo Enquadramento'!L:L,'Previsão Custo Enquadramento'!D:D,I31) -> 0
B32: Técnico Analista Custos | C32: Edificação | D32: =COUNTIF('Previsão Custo Enquadramento'!C:C,B32) -> 1 | F32: Dentro da Estrutura | G32: =COUNTIFS('Previsão Custo Enquadramento'!K:K,"<=0",'Previsão Custo Enquadramento'!D:D,G29) -> 2 | I32: Tecnologia da Informação | J32: =SUMIFS('Previsão Custo Enquadramento'!L:L,'Previsão Custo Enquadramento'!D:D,I32) -> 0
B33: Tecnólogo Construção Edifícios | C33: Edificação | D33: =COUNTIF('Previsão Custo Enquadramento'!C:C,B33) -> 1 | I33: Recepção | J33: =SUMIFS('Previsão Custo Enquadramento'!L:L,'Previsão Custo Enquadramento'!D:D,I33) -> 0
B34: Analista Financeiro Captação Recursos Jr | C34: Financeiro | D34: =COUNTIF('Previsão Custo Enquadramento'!C:C,B34) -> 0 | F34: Valor para 80% | G34: =SUMIFS('Previsão Custo Enquadramento'!L:L,'Previsão Custo Enquadramento'!D:D,G29) -> 40758.68 | I34: Novos Negócios | J34: =SUMIFS('Previsão Custo Enquadramento'!L:L,'Previsão Custo Enquadramento'!D:D,I34) -> 0
B35: Analista Financeiro Captação Recursos Pl | C35: Financeiro | D35: =COUNTIF('Previsão Custo Enquadramento'!C:C,B35) -> 0 | I35: Incorporação | J35: =SUMIFS('Previsão Custo Enquadramento'!L:L,'Previsão Custo Enquadramento'!D:D,I35) -> 0
B36: Analista Financeiro Captação Recursos Sr | C36: Financeiro | D36: =COUNTIF('Previsão Custo Enquadramento'!C:C,B36) -> 1 | I36: Pós Vendas | J36: =SUMIFS('Previsão Custo Enquadramento'!L:L,'Previsão Custo Enquadramento'!D:D,I36) -> 0
B37: Analista Financeiro Comercial Jr | C37: Financeiro | D37: =COUNTIF('Previsão Custo Enquadramento'!C:C,B37) -> 0 | I37: Controladoria | J37: =SUMIFS('Previsão Custo Enquadramento'!L:L,'Previsão Custo Enquadramento'!D:D,I37) -> 1290.17
B38: Analista Financeiro Comercial Pl | C38: Financeiro | D38: =COUNTIF('Previsão Custo Enquadramento'!C:C,B38) -> 0 | I38: Suprimentos | J38: =SUMIFS('Previsão Custo Enquadramento'!L:L,'Previsão Custo Enquadramento'!D:D,I38) -> 0
B39: Analista Financeiro Comercial Sr | C39: Financeiro | D39: =COUNTIF('Previsão Custo Enquadramento'!C:C,B39) -> 1 | I39: Financeiro | J39: =SUMIFS('Previsão Custo Enquadramento'!L:L,'Previsão Custo Enquadramento'!D:D,I39) -> 2314.38
B40: Assistente Financeiro | C40: Financeiro | D40: =COUNTIF('Previsão Custo Enquadramento'!C:C,B40) -> 0 | I40: Administrativo | J40: =SUMIFS('Previsão Custo Enquadramento'!L:L,'Previsão Custo Enquadramento'!D:D,I40) -> 4595.89
B41: Analista Financeiro Jr | C41: Financeiro | D41: =COUNTIF('Previsão Custo Enquadramento'!C:C,B41) -> 1 | I41: DHO | J41: =SUMIFS('Previsão Custo Enquadramento'!L:L,'Previsão Custo Enquadramento'!D:D,I41) -> 2696.17
B42: Analista Financeiro Pl | C42: Financeiro | D42: =COUNTIF('Previsão Custo Enquadramento'!C:C,B42) -> 0 | I42: Edificação | J42: =SUMIFS('Previsão Custo Enquadramento'!L:L,'Previsão Custo Enquadramento'!D:D,I42) -> 1402.17
B43: Analista Financeiro Sr | C43: Financeiro | D43: =COUNTIF('Previsão Custo Enquadramento'!C:C,B43) -> 0 | I43: Urbanismo | J43: =SUMIFS('Previsão Custo Enquadramento'!L:L,'Previsão Custo Enquadramento'!D:D,I43) -> 1854.96
B44: Assistente Financeiro Contas a Pagar | C44: Financeiro | D44: =COUNTIF('Previsão Custo Enquadramento'!C:C,B44) -> 3 | I44: Comercial | J44: =SUMIFS('Previsão Custo Enquadramento'!L:L,'Previsão Custo Enquadramento'!D:D,I44) -> 40758.68
B45: Coordenador Financeiro | C45: Financeiro | D45: =COUNTIF('Previsão Custo Enquadramento'!C:C,B45) -> 1 | I45: Todas
B46: Supervisor Financeiro | C46: Financeiro | D46: =COUNTIF('Previsão Custo Enquadramento'!C:C,B46) -> 1
B47: Analista Inovação | C47: Inovação | D47: =COUNTIF('Previsão Custo Enquadramento'!C:C,B47) -> 1
B48: Assistente Adm Legalização | C48: Legalização | D48: =COUNTIF('Previsão Custo Enquadramento'!C:C,B48) -> 1
B49: Coordenador Legalização | C49: Legalização | D49: =COUNTIF('Previsão Custo Enquadramento'!C:C,B49) -> 1
B50: Analista Criação | C50: Marketing | D50: =COUNTIF('Previsão Custo Enquadramento'!C:C,B50) -> 1
B51: Analista Marketing Jr | C51: Marketing | D51: =COUNTIF('Previsão Custo Enquadramento'!C:C,B51) -> 1
B52: Analista Marketing Pl | C52: Marketing | D52: =COUNTIF('Previsão Custo Enquadramento'!C:C,B52) -> 0
B53: Analista Marketing Sr | C53: Marketing | D53: =COUNTIF('Previsão Custo Enquadramento'!C:C,B53) -> 0
B54: Assistente Marketing | C54: Marketing | D54: =COUNTIF('Previsão Custo Enquadramento'!C:C,B54) -> 1
B55: Coordenador Marketing | C55: Marketing | D55: =COUNTIF('Previsão Custo Enquadramento'!C:C,B55) -> 1
B56: Supervisor Novos Negócios | C56: Novos Negócios | D56: =COUNTIF('Previsão Custo Enquadramento'!C:C,B56) -> 1
B57: Analista Pós-Vendas Jr | C57: Pós Vendas | D57: =COUNTIF('Previsão Custo Enquadramento'!C:C,B57) -> 0
... B79: Analista Arquitetura | C79: Incorporação | D79: =COUNTIF('Previsão Custo Enquadramento'!C:C,B79) -> 0

Sheet Cargos por Grade
B2: Cargo | C2: Área | D2: Grade
B3: Assistente Administrativo | C3: Administrativo | D3: ='Estrutura Salarial'!F7 -> 10
B4: Auxiliar Administrativo | C4: Administrativo | D4: ='Estrutura Salarial'!F8 -> 10
B5: Controller Jurídico | C5: Administrativo | D5: ='Estrutura Salarial'!F9 -> 11
B6: Gerente Administrativo | C6: Administrativo | D6: ='Estrutura Salarial'!F10 -> 11
B7: Diretor | C7: Comercial | D7: ='Estrutura Salarial'!F11 -> 11
B8: Gerente Comercial | C8: Comercial | D8: ='Estrutura Salarial'!F12 -> 11
B9: Gerente House | C9: Comercial | D9: ='Estrutura Salarial'!F13 -> 11
B10: Gerente Imobiliárias Externas | C10: Comercial | D10: ='Estrutura Salarial'!F14 -> 11
B11: Gerente Parcerias | C11: Comercial | D11: ='Estrutura Salarial'!F15 -> 11
B12: Gerente Parcerias Externas | C12: Comercial | D12: ='Estrutura Salarial'!F16 -> 11
B13: Assistente Controladoria | C13: Controladoria | D13: ='Estrutura Salarial'!F17 -> 12
B14: Controller Geral | C14: Controladoria | D14: ='Estrutura Salarial'!F18 -> 12
... B16: Assistente Recursos Humanos | C16: DHO | D16: ='Estrutura Salarial'!F20 -> 12
B17: Coordenador DHO | C17: DHO | D17: ='Estrutura Salarial'!F22 -> 13
B18: Almoxarife | C18: Edificação | D18: ='Estrutura Salarial'!F23 -> 13
B19: Analista Manutenção Jr | C19: Edificação | D19: ='Estrutura Salarial'!F24 -> 13
B20: Analista Manutenção Pl | C20: Edificação | D20: ='Estrutura Salarial'!F25 -> 13
B21: Analista Manutenção Sr | C21: Edificação | D21: ='Estrutura Salarial'!F26 -> 13
B22: Assistente Engenharia | C22: Edificação | D22: ='Estrutura Salarial'!F27 -> 13
B23: Coordenador Obras | C23: Edificação | D23: ='Estrutura Salarial'!F29 -> 14
B24: Encarregado Obras / Manutenção | C24: Edificação | D24: ='Estrutura Salarial'!F30 -> 14
B25: Engenheiro Jr | C25: Edificação | D25: ='Estrutura Salarial'!F31 -> 14
B26: Engenheiro Pl | C26: Edificação | D26: ='Estrutura Salarial'!F32 -> 14
B27: Engenheiro Sr | C27: Edificação | D27: ='Estrutura Salarial'!F33 -> 14
B28: Gerente Edificações | C28: Edificação | D28: ='Estrutura Salarial'!F34 -> 14
B29: Técnico Analista Custos | C29: Edificação | D29: ='Estrutura Salarial'!F35 -> 14
B30: Tecnólogo Construção Edifícios | C30: Edificação | D30: ='Estrutura Salarial'!F36 -> 15
B31: Analista Financeiro Captação Recursos Jr | C31: Financeiro | D31: ='Estrutura Salarial'!F37 -> 15
B32: Analista Financeiro Captação Recursos Pl | C32: Financeiro | D32: ='Estrutura Salarial'!F38 -> 15
B33: Analista Financeiro Captação Recursos Sr | C33: Financeiro | D33: ='Estrutura Salarial'!F39 -> 15
B34: Analista Financeiro Comercial Jr | C34: Financeiro | D34: ='Estrutura Salarial'!F40 -> 15
... B36: Analista Financeiro Comercial Sr | C36: Financeiro | D36: ='Estrutura Salarial'!F42 -> 15
B37: Analista Financeiro Jr | C37: Financeiro | D37: ='Estrutura Salarial'!F44 -> 15
B38: Analista Financeiro Pl | C38: Financeiro | D38: ='Estrutura Salarial'!F45 -> 15
B39: Analista Financeiro Sr | C39: Financeiro | D39: ='Estrutura Salarial'!F46 -> 15
B40: Assistente Financeiro Contas a Pagar | C40: Financeiro | D40: ='Estrutura Salarial'!F47 -> 15
B41: Coordenador Financeiro | C41: Financeiro | D41: ='Estrutura Salarial'!F48 -> 16
B42: Supervisor Financeiro | C42: Financeiro | D42: ='Estrutura Salarial'!F49 -> 16
B43: Analista Inovação | C43: Inovação | D43: ='Estrutura Salarial'!F50 -> 16
B44: Assistente Adm Legalização | C44: Legalização | D44: ='Estrutura Salarial'!F51 -> 16
B45: Coordenador Legalização | C45: Legalização | D45: ='Estrutura Salarial'!F52 -> 16
B46: Analista Criação | C46: Marketing | D46: ='Estrutura Salarial'!F53 -> 17
B47: Analista Marketing Jr | C47: Marketing | D47: ='Estrutura Salarial'!F54 -> 17
B48: Analista Marketing Pl | C48: Marketing | D48: ='Estrutura Salarial'!F55 -> 17
... B55: Analista Pós-Vendas Sr | C55: Pós Vendas | D55: ='Estrutura Salarial'!F62 -> 18
B56: Auxiliar Atendimento | C56: Recepção | D56: ='Estrutura Salarial'!F64 -> 18
B57: Analista Compras Jr | C57: Suprimentos | D57: ='Estrutura Salarial'!F67 -> 18
B58: Analista Compras Pl | C58: Suprimentos | D58: ='Estrutura Salarial'!F68 -> 18
B59: Analista Compras Sr | C59: Suprimentos | D59: ='Estrutura Salarial'!F69 -> 19
B60: Coordenador Suprimentos | C60: Suprimentos | D60: ='Estrutura Salarial'!F70 -> 19
B61: Assistente TI | C61: Tecnologia da Informação | D61: ='Estrutura Salarial'!F71 -> 19
B62: Analista Urbanismo Jr | C62: Urbanismo | D62: ='Estrutura Salarial'!F72 -> 19
B63: Analista Urbanismo Pl | C63: Urbanismo | D63: ='Estrutura Salarial'!F73 -> 19
B64: Analista Urbanismo Sr | C64: Urbanismo | D64: ='Estrutura Salarial'!F74 -> 19
B65: Auxiliar Engenharia | C65: Urbanismo | D65: ='Estrutura Salarial'!F75 -> 19
B66: Encarregado Loteamento | C66: Urbanismo | D66: ='Estrutura Salarial'!F76 -> 20
B67: Engenheiro Urbanismo Jr | C67: Urbanismo | D67: ='Estrutura Salarial'!F77 -> 21
B68: Engenheiro Urbanismo Pl | C68: Urbanismo | D68: ='Estrutura Salarial'!F78 -> 23
... B70: Gerente Urbanismo | C70: Urbanismo | D70: ='Estrutura Salarial'!F80 -> 23
B71: Gerente Incorporação | C71: Incorporação | D71: ='Estrutura Salarial'!F82 -> 20
