Workbook

Sheet Folha de Pagamento
B1: Folha de Pagamento | G1: CNPJ da empresa: Referência da Folha de Pagamento: 09/2025 Quantidade de horas mensais usada: 160h Data de Construção: 06/10/2025
A3: Cod. do cargo | B3: Cod. do funcionário | C3: Cargo atual | D3: Novo Cargo | E3: Senioridade | F3: Nível Organizacional | G3: Área | H3: Carga Horária | I3: Salários | J3: Tipo de Contratação | K3: CBO | L3: Gênero | M3: Data de Admissão | N3: Observações
A4: 3 | B4: 15 | C4: Engenheiro de Software Full Stack | D4: Engenheiro de Software Full Stack Sr | E4: Sênior | F4: Tático | G4: DEV | H4: 160 | I4: 6458.4 | J4: CLT | K4: 81937 | L4: Masculino | M4: 45420
A5: 3 | B5: 50 | C5: Engenheiro de Software Full Stack | D5: Engenheiro de Software Full Stack Sr | E5: Sênior | F5: Tático | G5: DEV | H5: 160 | I5: 6458.4 | J5: CLT | K5: 81937 | L5: Masculino | M5: 45420
A6: 2 | B6: 14 | C6: Engenheiro de Software Full Stack | D6: Engenheiro de Software Full Stack Pl | E6: Pleno | F6: Operacional | G6: DEV | H6: 160 | I6: 4305.6 | J6: CLT | K6: 81937 | L6: Masculino | M6: 1/13/2025
A7: 2 | B7: 42 | C7: Engenheiro de Software Full Stack | D7: Engenheiro de Software Full Stack Pl | E7: Pleno | F7: Operacional | G7: DEV | H7: 160 | I7: 4305.6 | J7: CLT | K7: 81937 | L7: Feminino | M7: 45334
A8: 2 | B8: 36 | C8: Engenheiro de Software Full Stack | D8: Engenheiro de Software Full Stack Pl | E8: Pleno | F8: Operacional | G8: DEV | H8: 160 | I8: 4305.6 | J8: CLT | K8: 81937 | L8: Masculino | M8: 45809
A9: 2 | B9: 37 | C9: Engenheiro de Software Full Stack | D9: Engenheiro de Software Full Stack Pl | E9: Pleno | F9: Operacional | G9: DEV | H9: 160 | I9: 4305.6 | J9: CLT | K9: 81937 | L9: Masculino | M9: 45809
A10: 2 | B10: 38 | C10: Engenheiro de Software Full Stack | D10: Engenheiro de Software Full Stack Pl | E10: Pleno | F10: Operacional | G10: DEV | H10: 160 | I10: 4305.6 | J10: CLT | K10: 81937 | L10: Masculino | M10: 45635
A11: 1 | B11: 20 | C11: Engenheiro de Software Full Stack | D11: Engenheiro de Software Full Stack Jr | E11: Júnior | F11: Operacional | G11: DEV | H11: 160 | I11: 2489.18 | J11: CLT | K11: 81937 | L11: Masculino | M11: 45331
A12: 1 | B12: 54 | C12: Engenheiro de Software Full Stack | D12: Engenheiro de Software Full Stack Jr | E12: Júnior | F12: Operacional | G12: DEV | H12: 160 | I12: 2489.18 | J12: CLT | K12: 81937 | L12: Masculino | M12: 2/19/2024
A13: 1 | B13: 8 | C13: Engenheiro de Software Full Stack | D13: Engenheiro de Software Full Stack Jr | E13: Júnior | F13: Operacional | G13: DEV | H13: 160 | I13: 2489.18 | J13: CLT | K13: 81937 | L13: Masculino | M13: 1/13/2025
A14: 1 | B14: 41 | C14: Engenheiro de Software Full Stack | D14: Engenheiro de Software Full Stack Jr | E14: Júnior | F14: Operacional | G14: DEV | H14: 160 | I14: 2489.18 | J14: CLT | K14: 81937 | L14: Feminino | M14: 45809
A15: 1 | B15: 46 | C15: Engenheiro de Software Full Stack | D15: Engenheiro de Software Full Stack Jr | E15: Júnior | F15: Operacional | G15: DEV | H15: 160 | I15: 2489.18 | J15: CLT | K15: 81937 | L15: Masculino | M15: 1/13/2025
A16: 1 | B16: 40 | C16: Engenheiro de Software Full Stack | D16: Engenheiro de Software Full Stack Jr | E16: Júnior | F16: Operacional | G16: DEV | H16: 160 | I16: 2489.18 | J16: CLT | K16: 81937 | L16: Masculino | M16: 1/13/2025
A17: 1 | B17: 39 | C17: Engenheiro de Software Full Stack | D17: Engenheiro de Software Full Stack Jr | E17: Júnior | F17: Operacional | G17: DEV | H17: 160 | I17: 2489.18 | J17: CLT | K17: 81937 | L17: Masculino | M17: 45809
A18: 1 | B18: 19 | C18: Engenheiro de Software Full Stack | D18: Engenheiro de Software Full Stack Jr | E18: Júnior | F18: Operacional | G18: DEV | H18: 160 | I18: 2489.18 | J18: CLT | K18: 81937 | L18: Masculino | M18: 45421
A19: 1 | B19: 19 | C19: Engenheiro de Software Full Stack | D19: Engenheiro de Software Full Stack Jr | E19: Júnior | F19: Operacional | G19: DEV | H19: 160 | I19: 2489.18 | J19: CLT | K19: 81937 | L19: Masculino | M19: 45635
A20: 1 | B20: 21 | C20: Engenheiro de Software Full Stack | D20: Engenheiro de Software Full Stack Jr | E20: Júnior | F20: Operacional | G20: DEV | H20: 160 | I20: 2489.18 | J20: CLT | K20: 81937 | L20: Masculino | M20: 45809
A21: 1 | B21: 45 | C21: Engenheiro de Software Full Stack | D21: Engenheiro de Software Full Stack Jr | E21: Júnior | F21: Operacional | G21: DEV | H21: 160 | I21: 2489.18 | J21: CLT | K21: 81937 | L21: Masculino | M21: 45511
A22: 1 | B22: 13 | C22: Engenheiro de Software Full Stack | D22: Engenheiro de Software Full Stack Jr | E22: Júnior | F22: Operacional | G22: DEV | H22: 160 | I22: 2489.18 | J22: CLT | K22: 81937 | L22: Masculino | M22: 9/16/2024
A23: 1 | B23: 22 | C23: Engenheiro de Software Full Stack | D23: Engenheiro de Software Full Stack Jr | E23: Júnior | F23: Operacional | G23: DEV | H23: 160 | I23: 2489.18 | J23: CLT | K23: 81937 | L23: Feminino | M23: 44932
A24: 1 | B24: 1 | C24: Engenheiro de Software Full Stack | D24: Engenheiro de Software Full Stack Jr | E24: Júnior | F24: Operacional | G24: DEV | H24: 160 | I24: 2489.18 | J24: CLT | K24: 81937 | L24: Masculino | M24: 2/19/2024
A25: 1 | B25: 9 | C25: Engenheiro de Software Full Stack | D25: Engenheiro de Software Full Stack Jr | E25: Júnior | F25: Operacional | G25: DEV | H25: 160 | I25: 2489.18 | J25: CLT | K25: 81937 | L25: Masculino | M25: 44932
A26: 1 | B26: 2 | C26: Engenheiro de Software Full Stack | D26: Engenheiro de Software Full Stack Jr | E26: Júnior | F26: Operacional | G26: DEV | H26: 160 | I26: 2489.18 | J26: CLT | K26: 81937 | L26: Masculino | M26: 45809
A27: 1 | B27: 43 | C27: Engenheiro de Software Full Stack | D27: Engenheiro de Software Full Stack Jr | E27: Júnior | F27: Operacional | G27: DEV | H27: 160 | I27: 2489.18 | J27: CLT | K27: 81937 | L27: Masculino | M27: 45809
A28: 1 | B28: 44 | C28: Engenheiro de Software Full Stack | D28: Engenheiro de Software Full Stack Jr | E28: Júnior | F28: Operacional | G28: DEV | H28: 160 | I28: 2489.18 | J28: CLT | K28: 81937 | L28: Masculino | M28: 9/16/2024
A29: 1 | B29: 24 | C29: Engenheiro de Software Full Stack | D29: Engenheiro de Software Full Stack Jr | E29: Júnior | F29: Operacional | G29: DEV | H29: 160 | I29: 2489.18 | J29: CLT | K29: 81937 | L29: Masculino | M29: 44932
A30: 1 | B30: 4 | C30: Engenheiro de Software Full Stack | D30: Engenheiro de Software Full Stack Jr | E30: Júnior | F30: Operacional | G30: DEV | H30: 160 | I30: 2489.18 | J30: CLT | K30: 81937 | L30: Masculino | M30: 10/14/2024
A31: 1 | B31: 27 | C31: Engenheiro de Software Full Stack | D31: Engenheiro de Software Full Stack Jr | E31: Júnior | F31: Operacional | G31: DEV | H31: 160 | I31: 2489.18 | J31: CLT | K31: 81937 | L31: Feminino | M31: 44937
A32: 1 | B32: 381 | C32: Engenheiro de Software Full Stack | D32: Engenheiro de Software Full Stack Jr | E32: Júnior | F32: Operacional | G32: DEV | H32: 160 | I32: 2489.18 | J32: CLT | K32: 81937 | L32: Masculino | M32: 45628
A33: 1 | B33: 34 | C33: Engenheiro de Software Full Stack | D33: Engenheiro de Software Full Stack Jr | E33: Júnior | F33: Operacional | G33: DEV | H33: 160 | I33: 2489.18 | J33: CLT | K33: 81937 | L33: Masculino | M33: 45809
A34: 4 | B34: 33 | C34: Analista de Requisitos | E34: Júnior | F34: Operacional | G34: DEV | H34: 160 | I34: 2489.18 | J34: CLT | K34: 81937 | L34: Feminino | M34: 45607
A35: 4 | B35: 49 | C35: Analista de Requisitos | E35: Júnior | F35: Operacional | G35: DEV | H35: 160 | I35: 3229.2 | J35: CLT | K35: 81968 | L35: Masculino | M35: 45809
A36: 5 | B36: 3 | C36: Lider | E36: Sênior | F36: Estratégico | G36: DEV | H36: 160 | I36: 8611.2 | J36: CLT | K36: 464498 | L36: Masculino | M36: 45078

Sheet Jobmatch
A1: Jobmatch
A3: Cod. | B3: Cargos Empresa | C3: Área | D3: Nível Organizacional | E3: Cod. Pesquisa | F3: Cargos Pesquisa | G3: Senioridade | H3: Observações
A4: 1 | B4: Engenheiro de Software Full Stack Jr | C4: DEV | D4: Operacional | E4: 1 | F4: Desenvolvedor | G4: Júnior
A5: 2 | B5: Engenheiro de Software Full Stack Pl | C5: DEV | D5: Operacional | E5: 1 | F5: Desenvolvedor | G5: Pleno
A6: 3 | B6: Engenheiro de Software Full Stack Sr | C6: DEV | D6: Tático | E6: 1 | F6: Desenvolvedor | G6: Sênior
A7: 4 | B7: Analista de Requisitos | C7: DEV | D7: Operacional | E7: 796 | F7: Analista de Requisitos | G7: Júnior
A8: 5 | B8: Lider | C8: DEV | D8: Estratégico | E8: 1016 | F8: Líder Técnico | G8: Indiferente

Sheet Cálculos Comparativos
G1: DADOS PARA COMPARAÇÃO | L1: ='Informações Relevantes Cenários'!A1 -> Cenário 01: Pesquisa TI - Nacional | R1: ="% Distância da "&'Painel Geral'!B5 -> % Distância da Mediana | S1: Posicionamento | T1: ='Informações Relevantes Cenários'!C1 -> Cenário 02: Pesquisa TI - Corte por Santa Catarina | Z1: ="% Distância da "&'Painel Geral'!B5 -> % Distância da Mediana | AA1: Posicionamento
A3: Cod. | B3: Cargos Empresa | C3: Média Empresa | D3: Cod. Área | E3: Área | F3: Nível Organizacional | G3: Cod. Pesquisa | H3: Cargos Pesquisa | I3: Senioridade | J3: Código+Senioridade | K3: Qtd de Colab | L3: Menor Salário | M3: 1º Quartil | N3: Média | O3: Mediana | P3: 3º Quartil | Q3: Maior Salário | R3: C-01 | S3: C-01 (Posicionamento) | T3: Menor Salário | U3: 1º Quartil | V3: Média | W3: Mediana | X3: 3º Quartil | Y3: Maior Salário | Z3: C-02 | AA3: C-02 (Posicionamento)
A4: 1 | B4: =VLOOKUP(A4,Jobmatch!A:F,2,0) -> Engenheiro de Software Full Stack Jr | C4: =IFERROR(AVERAGEIF('Folha de Pagamento'!A:A,A4,'Folha de Pagamento'!I:I),"") -> 2489.18 | D4: 1 | E4: =VLOOKUP(A4,Jobmatch!A:G,3,0) -> DEV | F4: =VLOOKUP(A4,Jobmatch!A:H,4,0) -> Operacional | G4: =VLOOKUP(A4,Jobmatch!A:H,5,0) -> 1 | H4: =VLOOKUP(A4,Jobmatch!A:H,6,0) -> Desenvolvedor | I4: =VLOOKUP(A4,Jobmatch!A:H,7,0) -> Júnior | J4: =G4&I4 -> 1Júnior | K4: =COUNTIF('Folha de Pagamento'!A:A,A4) -> 23 | L4: =IFERROR(VLOOKUP(J4,'C-01'!$D:$L,4,0),"") -> 2030.9 | M4: =IFERROR(VLOOKUP(J4,'C-01'!$D:$L,5,0),"") -> 2706.62 | N4: =IFERROR(VLOOKUP(J4,'C-01'!$D:$L,6,0),"") -> 3370.79 | O4: =IFERROR(VLOOKUP(J4,'C-01'!$D:$L,7,0),"") -> 3379.04 | P4: =IFERROR(VLOOKUP(J4,'C-01'!$D:$L,8,0),"") -> 3870.49 | Q4: =IFERROR(VLOOKUP(J4,'C-01'!$D:$L,9,0),"") -> 5268.74 | R4: =IFS('Painel Geral'!$B$5="Mediana",IFERROR(IF(OR(C4="",O4=0,O4=""),"",($C4/$O4)),""),'Painel Geral'!$B$5="Menor Salário",IFERROR(IF(OR(C4="",O4=0,O4=""),"",($C4/$L4)),""),'Painel Geral'!$B$5="1º Quartil",IFERROR(IF(OR(C4="",O4=0,O4=""),"",($C4/$M4)),""), 'Painel Geral'!$B$5="Média",IFERROR(IF(OR(C4="",O4=0,O4=""),"",($C4/$N4)),""),'Painel Geral'!$B$5="3º Quartil",IFERROR(IF(OR(C4="",O4=0,O4=""),"",($C4/$P4)),""),'Painel Geral'!$B$5="Maior Salário",IFERROR(IF(OR(C4="",O4=0,O4=""),"",($C4/$Q4)),"")) -> 0.73665301 | S4: =IFS(OR(L4="",L4=0,C4="", C4=0),"",R4<=80%,"Muito Defasado",R4<=90%,"Defasado",R4<=100%,"Na Média",R4<=110%,"Competitivo",R4<=120%,"Muito Competitivo",R4>120%,"Agressivo") -> Muito Defasado | T4: =IFERROR(VLOOKUP($J4,'C-02'!$D:$L,4,0),"") -> 2468.17 | U4: =IFERROR(VLOOKUP($J4,'C-02'!$D:$L,5,0),"") -> 2944.09 | V4: =IFERROR(VLOOKUP($J4,'C-02'!$D:$L,6,0),"") -> 3642.17 | W4: =IFERROR(VLOOKUP($J4,'C-02'!$D:$L,7,0),"") -> 3493.9 | X4: =IFERROR(VLOOKUP($J4,'C-02'!$D:$L,8,0),"") -> 4224.13 | Y4: =IFERROR(VLOOKUP($J4,'C-02'!$D:$L,9,0),"") -> 5456.83 | Z4: =IFS('Painel Geral'!$B$5="Mediana",IFERROR(IF(OR(C4="",W4=0,W4=""),"",($C4/$W4)),""),'Painel Geral'!$B$5="Menor Salário",IFERROR(IF(OR(C4="",W4=0,W4=""),"",($C4/$T4)),""),'Painel Geral'!$B$5="1º Quartil",IFERROR(IF(OR(C4="",W4=0,W4=""),"",($C4/$U4)),""),'Painel Geral'!$B$5="Média",IFERROR(IF(OR(C4="",W4=0,W4=""),"",($C4/$V4)),""),'Painel Geral'!$B$5="3º Quartil",IFERROR(IF(OR(C4="",W4=0,W4=""),"",($C4/$X4)),""), 'Painel Geral'!$B$5="Maior Salário",IFERROR(IF(OR(C4="",W4=0,W4=""),"",($C4/$Y4)),"")) -> 0.71243596 | AA4: =IFS(OR(T4="",T4=0,C4="", C4=0),"",Z4<=80%,"Muito Defasado",Z4<=90%,"Defasado",Z4<=100%,"Na Média",Z4<=110%,"Competitivo",Z4<=120%,"Muito Competitivo",Z4>120%,"Agressivo") -> Muito Defasado
A5: 2 | B5: =VLOOKUP(A5,Jobmatch!A:F,2,0) -> Engenheiro de Software Full Stack Pl | C5: =IFERROR(AVERAGEIF('Folha de Pagamento'!A:A,A5,'Folha de Pagamento'!I:I),"") -> 4305.6 | D5: 1 | E5: =VLOOKUP(A5,Jobmatch!A:G,3,0) -> DEV | F5: =VLOOKUP(A5,Jobmatch!A:H,4,0) -> Operacional | G5: =VLOOKUP(A5,Jobmatch!A:H,5,0) -> 1 | H5: =VLOOKUP(A5,Jobmatch!A:H,6,0) -> Desenvolvedor | I5: =VLOOKUP(A5,Jobmatch!A:H,7,0) -> Pleno | J5: =G5&I5 -> 1Pleno | K5: =COUNTIF('Folha de Pagamento'!A:A,A5) -> 5 | L5: =IFERROR(VLOOKUP(J5,'C-01'!$D:$L,4,0),"") -> 3358.05 | M5: =IFERROR(VLOOKUP(J5,'C-01'!$D:$L,5,0),"") -> 4730.15 | N5: =IFERROR(VLOOKUP(J5,'C-01'!$D:$L,6,0),"") -> 5379.82 | O5: =IFERROR(VLOOKUP(J5,'C-01'!$D:$L,7,0),"") -> 5342.35 | P5: =IFERROR(VLOOKUP(J5,'C-01'!$D:$L,8,0),"") -> 5995.34 | Q5: =IFERROR(VLOOKUP(J5,'C-01'!$D:$L,9,0),"") -> 7790.91 | R5: =IFS('Painel Geral'!$B$5="Mediana",IFERROR(IF(OR(C5="",O5=0,O5=""),"",($C5/$O5)),""),'Painel Geral'!$B$5="Menor Salário",IFERROR(IF(OR(C5="",O5=0,O5=""),"",($C5/$L5)),""),'Painel Geral'!$B$5="1º Quartil",IFERROR(IF(OR(C5="",O5=0,O5=""),"",($C5/$M5)),""), 'Painel Geral'!$B$5="Média",IFERROR(IF(OR(C5="",O5=0,O5=""),"",($C5/$N5)),""),'Painel Geral'!$B$5="3º Quartil",IFERROR(IF(OR(C5="",O5=0,O5=""),"",($C5/$P5)),""),'Painel Geral'!$B$5="Maior Salário",IFERROR(IF(OR(C5="",O5=0,O5=""),"",($C5/$Q5)),"")) -> 0.80593746 | S5: =IFS(OR(L5="",L5=0,C5="", C5=0),"",R5<=80%,"Muito Defasado",R5<=90%,"Defasado",R5<=100%,"Na Média",R5<=110%,"Competitivo",R5<=120%,"Muito Competitivo",R5>120%,"Agressivo") -> Defasado | T5: =IFERROR(VLOOKUP($J5,'C-02'!$D:$L,4,0),"") -> 3480.14 | U5: =IFERROR(VLOOKUP($J5,'C-02'!$D:$L,5,0),"") -> 4665.99 | V5: =IFERROR(VLOOKUP($J5,'C-02'!$D:$L,6,0),"") -> 5399.83 | W5: =IFERROR(VLOOKUP($J5,'C-02'!$D:$L,7,0),"") -> 5248.63 | X5: =IFERROR(VLOOKUP($J5,'C-02'!$D:$L,8,0),"") -> 6311.23 | Y5: =IFERROR(VLOOKUP($J5,'C-02'!$D:$L,9,0),"") -> 7135.86 | Z5: =IFS('Painel Geral'!$B$5="Mediana",IFERROR(IF(OR(C5="",W5=0,W5=""),"",($C5/$W5)),""),'Painel Geral'!$B$5="Menor Salário",IFERROR(IF(OR(C5="",W5=0,W5=""),"",($C5/$T5)),""),'Painel Geral'!$B$5="1º Quartil",IFERROR(IF(OR(C5="",W5=0,W5=""),"",($C5/$U5)),""),'Painel Geral'!$B$5="Média",IFERROR(IF(OR(C5="",W5=0,W5=""),"",($C5/$V5)),""),'Painel Geral'!$B$5="3º Quartil",IFERROR(IF(OR(C5="",W5=0,W5=""),"",($C5/$X5)),""), 'Painel Geral'!$B$5="Maior Salário",IFERROR(IF(OR(C5="",W5=0,W5=""),"",($C5/$Y5)),"")) -> 0.82032835 | AA5: =IFS(OR(T5="",T5=0,C5="", C5=0),"",Z5<=80%,"Muito Defasado",Z5<=90%,"Defasado",Z5<=100%,"Na Média",Z5<=110%,"Competitivo",Z5<=120%,"Muito Competitivo",Z5>120%,"Agressivo") -> Defasado
A6: 3 | B6: =VLOOKUP(A6,Jobmatch!A:F,2,0) -> Engenheiro de Software Full Stack Sr | C6: =IFERROR(AVERAGEIF('Folha de Pagamento'!A:A,A6,'Folha de Pagamento'!I:I),"") -> 6458.4 | D6: 1 | E6: =VLOOKUP(A6,Jobmatch!A:G,3,0) -> DEV | F6: =VLOOKUP(A6,Jobmatch!A:H,4,0) -> Tático | G6: =VLOOKUP(A6,Jobmatch!A:H,5,0) -> 1 | H6: =VLOOKUP(A6,Jobmatch!A:H,6,0) -> Desenvolvedor | I6: =VLOOKUP(A6,Jobmatch!A:H,7,0) -> Sênior | J6: =G6&I6 -> 1Sênior | K6: =COUNTIF('Folha de Pagamento'!A:A,A6) -> 2 | L6: =IFERROR(VLOOKUP(J6,'C-01'!$D:$L,4,0),"") -> 5873.21 | M6: =IFERROR(VLOOKUP(J6,'C-01'!$D:$L,5,0),"") -> 7005.56 | N6: =IFERROR(VLOOKUP(J6,'C-01'!$D:$L,6,0),"") -> 8047.78 | O6: =IFERROR(VLOOKUP(J6,'C-01'!$D:$L,7,0),"") -> 7999.87 | P6: =IFERROR(VLOOKUP(J6,'C-01'!$D:$L,8,0),"") -> 9271.4 | Q6: =IFERROR(VLOOKUP(J6,'C-01'!$D:$L,9,0),"") -> 10095.14 | R6: =IFS('Painel Geral'!$B$5="Mediana",IFERROR(IF(OR(C6="",O6=0,O6=""),"",($C6/$O6)),""),'Painel Geral'!$B$5="Menor Salário",IFERROR(IF(OR(C6="",O6=0,O6=""),"",($C6/$L6)),""),'Painel Geral'!$B$5="1º Quartil",IFERROR(IF(OR(C6="",O6=0,O6=""),"",($C6/$M6)),""), 'Painel Geral'!$B$5="Média",IFERROR(IF(OR(C6="",O6=0,O6=""),"",($C6/$N6)),""),'Painel Geral'!$B$5="3º Quartil",IFERROR(IF(OR(C6="",O6=0,O6=""),"",($C6/$P6)),""),'Painel Geral'!$B$5="Maior Salário",IFERROR(IF(OR(C6="",O6=0,O6=""),"",($C6/$Q6)),"")) -> 0.80731312 | S6: =IFS(OR(L6="",L6=0,C6="", C6=0),"",R6<=80%,"Muito Defasado",R6<=90%,"Defasado",R6<=100%,"Na Média",R6<=110%,"Competitivo",R6<=120%,"Muito Competitivo",R6>120%,"Agressivo") -> Defasado | T6: =IFERROR(VLOOKUP($J6,'C-02'!$D:$L,4,0),"") -> 5928.64 | U6: =IFERROR(VLOOKUP($J6,'C-02'!$D:$L,5,0),"") -> 6791.87 | V6: =IFERROR(VLOOKUP($J6,'C-02'!$D:$L,6,0),"") -> 7984.54 | W6: =IFERROR(VLOOKUP($J6,'C-02'!$D:$L,7,0),"") -> 7851.14 | X6: =IFERROR(VLOOKUP($J6,'C-02'!$D:$L,8,0),"") -> 9534.06 | Y6: =IFERROR(VLOOKUP($J6,'C-02'!$D:$L,9,0),"") -> 9921.51 | Z6: =IFS('Painel Geral'!$B$5="Mediana",IFERROR(IF(OR(C6="",W6=0,W6=""),"",($C6/$W6)),""),'Painel Geral'!$B$5="Menor Salário",IFERROR(IF(OR(C6="",W6=0,W6=""),"",($C6/$T6)),""),'Painel Geral'!$B$5="1º Quartil",IFERROR(IF(OR(C6="",W6=0,W6=""),"",($C6/$U6)),""),'Painel Geral'!$B$5="Média",IFERROR(IF(OR(C6="",W6=0,W6=""),"",($C6/$V6)),""),'Painel Geral'!$B$5="3º Quartil",IFERROR(IF(OR(C6="",W6=0,W6=""),"",($C6/$X6)),""), 'Painel Geral'!$B$5="Maior Salário",IFERROR(IF(OR(C6="",W6=0,W6=""),"",($C6/$Y6)),"")) -> 0.82260665 | AA6: =IFS(OR(T6="",T6=0,C6="", C6=0),"",Z6<=80%,"Muito Defasado",Z6<=90%,"Defasado",Z6<=100%,"Na Média",Z6<=110%,"Competitivo",Z6<=120%,"Muito Competitivo",Z6>120%,"Agressivo") -> Defasado
A7: 4 | B7: =VLOOKUP(A7,Jobmatch!A:F,2,0) -> Analista de Requisitos | C7: =IFERROR(AVERAGEIF('Folha de Pagamento'!A:A,A7,'Folha de Pagamento'!I:I),"") -> 2859.19 | D7: 1 | E7: =VLOOKUP(A7,Jobmatch!A:G,3,0) -> DEV | F7: =VLOOKUP(A7,Jobmatch!A:H,4,0) -> Operacional | G7: =VLOOKUP(A7,Jobmatch!A:H,5,0) -> 796 | H7: =VLOOKUP(A7,Jobmatch!A:H,6,0) -> Analista de Requisitos | I7: =VLOOKUP(A7,Jobmatch!A:H,7,0) -> Júnior | J7: =G7&I7 -> 796Júnior | K7: =COUNTIF('Folha de Pagamento'!A:A,A7) -> 2 | L7: =IFERROR(VLOOKUP(J7,'C-01'!$D:$L,4,0),"") -> 2626.68 | M7: =IFERROR(VLOOKUP(J7,'C-01'!$D:$L,5,0),"") -> 3508.61 | N7: =IFERROR(VLOOKUP(J7,'C-01'!$D:$L,6,0),"") -> 4174.12 | O7: =IFERROR(VLOOKUP(J7,'C-01'!$D:$L,7,0),"") -> 3618.72 | P7: =IFERROR(VLOOKUP(J7,'C-01'!$D:$L,8,0),"") -> 5081.15 | Q7: =IFERROR(VLOOKUP(J7,'C-01'!$D:$L,9,0),"") -> 5977.75 | R7: =IFS('Painel Geral'!$B$5="Mediana",IFERROR(IF(OR(C7="",O7=0,O7=""),"",($C7/$O7)),""),'Painel Geral'!$B$5="Menor Salário",IFERROR(IF(OR(C7="",O7=0,O7=""),"",($C7/$L7)),""),'Painel Geral'!$B$5="1º Quartil",IFERROR(IF(OR(C7="",O7=0,O7=""),"",($C7/$M7)),""), 'Painel Geral'!$B$5="Média",IFERROR(IF(OR(C7="",O7=0,O7=""),"",($C7/$N7)),""),'Painel Geral'!$B$5="3º Quartil",IFERROR(IF(OR(C7="",O7=0,O7=""),"",($C7/$P7)),""),'Painel Geral'!$B$5="Maior Salário",IFERROR(IF(OR(C7="",O7=0,O7=""),"",($C7/$Q7)),"")) -> 0.79011087 | S7: =IFS(OR(L7="",L7=0,C7="", C7=0),"",R7<=80%,"Muito Defasado",R7<=90%,"Defasado",R7<=100%,"Na Média",R7<=110%,"Competitivo",R7<=120%,"Muito Competitivo",R7>120%,"Agressivo") -> Muito Defasado | T7: =IFERROR(VLOOKUP($J7,'C-02'!$D:$L,4,0),"") -> 0 | U7: =IFERROR(VLOOKUP($J7,'C-02'!$D:$L,5,0),"") -> 0 | V7: =IFERROR(VLOOKUP($J7,'C-02'!$D:$L,6,0),"") -> 0 | W7: =IFERROR(VLOOKUP($J7,'C-02'!$D:$L,7,0),"") -> 0 | X7: =IFERROR(VLOOKUP($J7,'C-02'!$D:$L,8,0),"") -> 0 | Y7: =IFERROR(VLOOKUP($J7,'C-02'!$D:$L,9,0),"") -> 0 | Z7: =IFS('Painel Geral'!$B$5="Mediana",IFERROR(IF(OR(C7="",W7=0,W7=""),"",($C7/$W7)),""),'Painel Geral'!$B$5="Menor Salário",IFERROR(IF(OR(C7="",W7=0,W7=""),"",($C7/$T7)),""),'Painel Geral'!$B$5="1º Quartil",IFERROR(IF(OR(C7="",W7=0,W7=""),"",($C7/$U7)),""),'Painel Geral'!$B$5="Média",IFERROR(IF(OR(C7="",W7=0,W7=""),"",($C7/$V7)),""),'Painel Geral'!$B$5="3º Quartil",IFERROR(IF(OR(C7="",W7=0,W7=""),"",($C7/$X7)),""), 'Painel Geral'!$B$5="Maior Salário",IFERROR(IF(OR(C7="",W7=0,W7=""),"",($C7/$Y7)),"")) | AA7: =IFS(OR(T7="",T7=0,C7="", C7=0),"",Z7<=80%,"Muito Defasado",Z7<=90%,"Defasado",Z7<=100%,"Na Média",Z7<=110%,"Competitivo",Z7<=120%,"Muito Competitivo",Z7>120%,"Agressivo")
A8: 5 | B8: =VLOOKUP(A8,Jobmatch!A:F,2,0) -> Lider | C8: =IFERROR(AVERAGEIF('Folha de Pagamento'!A:A,A8,'Folha de Pagamento'!I:I),"") -> 8611.2 | D8: 1 | E8: =VLOOKUP(A8,Jobmatch!A:G,3,0) -> DEV | F8: =VLOOKUP(A8,Jobmatch!A:H,4,0) -> Estratégico | G8: =VLOOKUP(A8,Jobmatch!A:H,5,0) -> 1016 | H8: =VLOOKUP(A8,Jobmatch!A:H,6,0) -> Líder Técnico | I8: =VLOOKUP(A8,Jobmatch!A:H,7,0) -> Indiferente | J8: =G8&I8 -> 1016Indiferente | K8: =COUNTIF('Folha de Pagamento'!A:A,A8) -> 1 | L8: =IFERROR(VLOOKUP(J8,'C-01'!$D:$L,4,0),"") -> 5639.53 | M8: =IFERROR(VLOOKUP(J8,'C-01'!$D:$L,5,0),"") -> 7452.03 | N8: =IFERROR(VLOOKUP(J8,'C-01'!$D:$L,6,0),"") -> 8919.44 | O8: =IFERROR(VLOOKUP(J8,'C-01'!$D:$L,7,0),"") -> 8929.22 | P8: =IFERROR(VLOOKUP(J8,'C-01'!$D:$L,8,0),"") -> 10057.47 | Q8: =IFERROR(VLOOKUP(J8,'C-01'!$D:$L,9,0),"") -> 12817.68 | R8: =IFS('Painel Geral'!$B$5="Mediana",IFERROR(IF(OR(C8="",O8=0,O8=""),"",($C8/$O8)),""),'Painel Geral'!$B$5="Menor Salário",IFERROR(IF(OR(C8="",O8=0,O8=""),"",($C8/$L8)),""),'Painel Geral'!$B$5="1º Quartil",IFERROR(IF(OR(C8="",O8=0,O8=""),"",($C8/$M8)),""), 'Painel Geral'!$B$5="Média",IFERROR(IF(OR(C8="",O8=0,O8=""),"",($C8/$N8)),""),'Painel Geral'!$B$5="3º Quartil",IFERROR(IF(OR(C8="",O8=0,O8=""),"",($C8/$P8)),""),'Painel Geral'!$B$5="Maior Salário",IFERROR(IF(OR(C8="",O8=0,O8=""),"",($C8/$Q8)),"")) -> 0.96438435 | S8: =IFS(OR(L8="",L8=0,C8="", C8=0),"",R8<=80%,"Muito Defasado",R8<=90%,"Defasado",R8<=100%,"Na Média",R8<=110%,"Competitivo",R8<=120%,"Muito Competitivo",R8>120%,"Agressivo") -> Na Média | T8: =IFERROR(VLOOKUP($J8,'C-02'!$D:$L,4,0),"") -> 5288.93 | U8: =IFERROR(VLOOKUP($J8,'C-02'!$D:$L,5,0),"") -> 7107.92 | V8: =IFERROR(VLOOKUP($J8,'C-02'!$D:$L,6,0),"") -> 8904.46 | W8: =IFERROR(VLOOKUP($J8,'C-02'!$D:$L,7,0),"") -> 9047.66 | X8: =IFERROR(VLOOKUP($J8,'C-02'!$D:$L,8,0),"") -> 10074.15 | Y8: =IFERROR(VLOOKUP($J8,'C-02'!$D:$L,9,0),"") -> 12817.68 | Z8: =IFS('Painel Geral'!$B$5="Mediana",IFERROR(IF(OR(C8="",W8=0,W8=""),"",($C8/$W8)),""),'Painel Geral'!$B$5="Menor Salário",IFERROR(IF(OR(C8="",W8=0,W8=""),"",($C8/$T8)),""),'Painel Geral'!$B$5="1º Quartil",IFERROR(IF(OR(C8="",W8=0,W8=""),"",($C8/$U8)),""),'Painel Geral'!$B$5="Média",IFERROR(IF(OR(C8="",W8=0,W8=""),"",($C8/$V8)),""),'Painel Geral'!$B$5="3º Quartil",IFERROR(IF(OR(C8="",W8=0,W8=""),"",($C8/$X8)),""), 'Painel Geral'!$B$5="Maior Salário",IFERROR(IF(OR(C8="",W8=0,W8=""),"",($C8/$Y8)),"")) -> 0.9517599 | AA8: =IFS(OR(T8="",T8=0,C8="", C8=0),"",Z8<=80%,"Muito Defasado",Z8<=90%,"Defasado",Z8<=100%,"Na Média",Z8<=110%,"Competitivo",Z8<=120%,"Muito Competitivo",Z8>120%,"Agressivo") -> Na Média

Sheet Painel Geral
B3: Posicionamento e Gráficos em Relação à: | F3: ="Legenda (em relação à "&B5&"):" -> Legenda (em relação à Mediana):
F4: ▇ | G4: <=80% | H4: Muito Defasado
B5: Mediana | F5: ▇ | G5: 80% - 90% | H5: Defasado
F6: ▇ | G6: 90% - 100% | H6: Na Média
F7: ▇ | G7: 100% - 110% | H7: Competitivo
F8: ▇ | G8: 110% - 120% | H8: Muito Competitivo
F9: ▇ | G9: >120% | H9: Agressivo
B12: Cenário 1 | F12: Cenário 2
D15: =D42 -> 5 | J15: =J42 -> 4
D17: cargos com amostra | J17: cargos com amostra
D24: =IF(SUM(C36:C38)>SUM(C39:C41),SUM(C36:C38),SUM(C39:C41)) -> 1 | J24: =IF(SUM(H36:H38)>SUM(H39:H41),SUM(H36:H38),SUM(H39:H41)) -> 1
D26: =IF(SUM(C36:C38)>SUM(C39:C41),"dos cargos abaixo "&IF(B5="Mediana","da ",IF(B5="Média","da ","do "))&B5,"dos cargos acima "&IF(B5="Mediana","da ",IF(B5="Média","da ","do "))&B5) -> dos cargos abaixo da Mediana | J26: =IF(SUM(H36:H38)>SUM(H39:H41),"dos cargos abaixo "&IF(B5="Mediana","da ",IF(B5="Média","da ","do "))&B5,"dos cargos acima "&IF(B5="Mediana","da ",IF(B5="Média","da ","do "))&B5) -> dos cargos abaixo da Mediana
B35: Posição | C35: Percentual | D35: Qtde de Cargos | F35: Posição | H35: Percentual | J35: Qtde de Cargos
B36: Muito Defasado | C36: =IFERROR(D36/$D$42,0) -> 0.4 | D36: =COUNTIF('Cálculos Comparativos'!S:S,$B36) -> 2 | F36: Muito Defasado | H36: =iferror(J36/J$42,0) -> 0.25 | J36: =COUNTIF('Cálculos Comparativos'!AA:AA,$F36) -> 1
B37: Defasado | C37: =IFERROR(D37/$D$42,0) -> 0.4 | D37: =COUNTIF('Cálculos Comparativos'!S:S,$B37) -> 2 | F37: Defasado | H37: =iferror(J37/J$42,0) -> 0.5 | J37: =COUNTIF('Cálculos Comparativos'!AA:AA,$F37) -> 2
B38: Na Média | C38: =IFERROR(D38/$D$42,0) -> 0.2 | D38: =COUNTIF('Cálculos Comparativos'!S:S,$B38) -> 1 | F38: Na Média | H38: =iferror(J38/J$42,0) -> 0.25 | J38: =COUNTIF('Cálculos Comparativos'!AA:AA,$F38) -> 1
B39: Competitivo | C39: =IFERROR(D39/$D$42,0) -> 0 | D39: =COUNTIF('Cálculos Comparativos'!S:S,$B39) -> 0 | F39: Competitivo | H39: =iferror(J39/J$42,0) -> 0 | J39: =COUNTIF('Cálculos Comparativos'!AA:AA,$F39) -> 0
B40: Muito Competitivo | C40: =IFERROR(D40/$D$42,0) -> 0 | D40: =COUNTIF('Cálculos Comparativos'!S:S,$B40) -> 0 | F40: Muito Competitivo | H40: =iferror(J40/J$42,0) -> 0 | J40: =COUNTIF('Cálculos Comparativos'!AA:AA,$F40) -> 0
B41: Agressivo | C41: =IFERROR(D41/$D$42,0) -> 0 | D41: =COUNTIF('Cálculos Comparativos'!S:S,$B41) -> 0 | F41: Agressivo | H41: =iferror(J41/J$42,0) -> 0 | J41: =COUNTIF('Cálculos Comparativos'!AA:AA,$F41) -> 0
B42: Total Geral | C42: =SUM(C36:C41) -> 1 | D42: =SUM(D36:D41) -> 5 | F42: Total Geral | H42: =SUM(H36:H41) -> 1 | J42: =SUM(J36:J41) -> 4
B45: ANÁLISE DE SALÁRIOS
B46: NÍVEIS ORGANIZACIONAIS
L48: =IF(SUM(C53:C55)>SUM(C56:C58),SUM(C53:C55),SUM(C56:C58)) -> 1 | M48: =IF(SUM(C53:C55)>SUM(C56:C58),"dos cargos abaixo "&IF(B5="Mediana","da ",IF(B5="Média","da ","do "))&B5,"dos cargos acima "&IF(B5="Mediana","da ",IF(B5="Média","da ","do "))&B5) -> dos cargos abaixo da Mediana
B49: Operacional
B52: Posição | C52: C1 | D52: C2
B53: Muito Defasado | C53: =IFERROR(COUNTIFS('Cálculos Comparativos'!F:F,$B$49,'Cálculos Comparativos'!S:S,$B53)/C$59, 0) -> 0.66666667 | D53: =IFERROR(COUNTIFS('Cálculos Comparativos'!F:F,$B$49,'Cálculos Comparativos'!AA:AA,$B53)/D$59, 0) -> 0.5 | L53: =IF(SUM(D53:D55)>SUM(D56:D58),SUM(D53:D55),SUM(D56:D58)) -> 1 | M53: =IF(SUM(D53:D55)>SUM(D56:D58),"dos cargos abaixo "&IF(B5="Mediana","da ",IF(B5="Média","da ","do "))&B5,"dos cargos acima "&IF(B5="Mediana","da ",IF(B5="Média","da ","do "))&B5) -> dos cargos abaixo da Mediana
B54: Defasado | C54: =IFERROR(COUNTIFS('Cálculos Comparativos'!F:F,$B$49,'Cálculos Comparativos'!S:S,$B54)/C$59, 0) -> 0.33333333 | D54: =IFERROR(COUNTIFS('Cálculos Comparativos'!F:F,$B$49,'Cálculos Comparativos'!AA:AA,$B54)/D$59, 0) -> 0.5
B55: Na Média | C55: =IFERROR(COUNTIFS('Cálculos Comparativos'!F:F,$B$49,'Cálculos Comparativos'!S:S,$B55)/C$59, 0) -> 0 | D55: =IFERROR(COUNTIFS('Cálculos Comparativos'!F:F,$B$49,'Cálculos Comparativos'!AA:AA,$B55)/D$59, 0) -> 0
B56: Competitivo | C56: =IFERROR(COUNTIFS('Cálculos Comparativos'!F:F,$B$49,'Cálculos Comparativos'!S:S,$B56)/C$59, 0) -> 0 | D56: =IFERROR(COUNTIFS('Cálculos Comparativos'!F:F,$B$49,'Cálculos Comparativos'!AA:AA,$B56)/D$59, 0) -> 0
B57: Muito Competitivo | C57: =IFERROR(COUNTIFS('Cálculos Comparativos'!F:F,$B$49,'Cálculos Comparativos'!S:S,$B57)/C$59, 0) -> 0 | D57: =IFERROR(COUNTIFS('Cálculos Comparativos'!F:F,$B$49,'Cálculos Comparativos'!AA:AA,$B57)/D$59, 0) -> 0
B58: Agressivo | C58: =IFERROR(COUNTIFS('Cálculos Comparativos'!F:F,$B$49,'Cálculos Comparativos'!S:S,$B58)/C$59, 0) -> 0 | D58: =IFERROR(COUNTIFS('Cálculos Comparativos'!F:F,$B$49,'Cálculos Comparativos'!AA:AA,$B58)/D$59, 0) -> 0
B59: Nº de Cargos Total | C59: =COUNTIFS('Cálculos Comparativos'!F:F,B49,'Cálculos Comparativos'!S:S,"?*") -> 3 | D59: =COUNTIFS('Cálculos Comparativos'!F:F, B49,'Cálculos Comparativos'!AA:AA,"?*") -> 2
B72: ="5 Maiores Salários acima "&IF(B5="Mediana","da ",IF(B5="Média","da ","do "))&B5 -> 5 Maiores Salários acima da Mediana
B74: Classificado pelo C-01 | E74: Cenário 1 | G74: Cenário 2
B75: Cargos Empresa | C75: Cargos Pesquisa | D75: Média empresa | E75: =$B$5 -> Mediana | F75: Posição | G75: =$B$5 -> Mediana | H75: Posição
A76: {=INDEX('Cálculos Comparativos'!A:A, MATCH(LARGE('Cálculos Comparativos'!R:R, ROW(A1)), 'Cálculos Comparativos'!R:R, 0))} -> 5 | B76: =iferror(VLOOKUP($A76,'Cálculos Comparativos'!$A:$AA,2,0),"") -> Lider | C76: =iferror(VLOOKUP($A76,'Cálculos Comparativos'!$A:$AA,8,0)&" "&if(VLOOKUP($A76,'Cálculos Comparativos'!$A:$AA,9,0)="Indiferente","",VLOOKUP($A76,'Cálculos Comparativos'!$A:$AA,9,0)),"") -> Líder Técnico | D76: =VLOOKUP(A76,'Cálculos Comparativos'!$A:$AA,3,0) -> 8611.2 | E76: =IFS($B$5="Mediana",VLOOKUP(A76,'Cálculos Comparativos'!A:AA,15,0),$B$5="Menor Salário",VLOOKUP(A76,'Cálculos Comparativos'!A:AA,12,0),$B$5="1º Quartil",VLOOKUP(A76,'Cálculos Comparativos'!A:AA,13,0),$B$5="Média",VLOOKUP(A76,'Cálculos Comparativos'!A:AA,14,0),$B$5="3º Quartil",VLOOKUP(A76,'Cálculos Comparativos'!A:AA,16,0),$B$5="Maior Salário",VLOOKUP(A76,'Cálculos Comparativos'!A:AA,17,0)) -> 8929.22 | F76: =VLOOKUP(A76,'Cálculos Comparativos'!$A:$AA,18,0) -> 0.96438435 | G76: =IFS($B$5="Mediana",VLOOKUP(A76,'Cálculos Comparativos'!A:AA,23,0),$B$5="Menor Salário",VLOOKUP(A76,'Cálculos Comparativos'!A:AA,20,0),$B$5="1º Quartil",VLOOKUP(A76,'Cálculos Comparativos'!A:AA,21,0),$B$5="Média",VLOOKUP(A76,'Cálculos Comparativos'!A:AA,22,0),$B$5="3º Quartil",VLOOKUP(A76,'Cálculos Comparativos'!A:AA,24,0),$B$5="Maior Salário",VLOOKUP(A76,'Cálculos Comparativos'!A:AA,25,0)) -> 9047.66 | H76: =VLOOKUP(A76,'Cálculos Comparativos'!$A:$AA,26,0) -> 0.9517599
A77: {=INDEX('Cálculos Comparativos'!A:A, MATCH(LARGE('Cálculos Comparativos'!R:R, ROW(A2)), 'Cálculos Comparativos'!R:R, 0))} -> 3 | B77: =iferror(VLOOKUP($A77,'Cálculos Comparativos'!$A:$AA,2,0),"") -> Engenheiro de Software Full Stack Sr | C77: =iferror(VLOOKUP($A77,'Cálculos Comparativos'!$A:$AA,8,0)&" "&if(VLOOKUP($A77,'Cálculos Comparativos'!$A:$AA,9,0)="Indiferente","",VLOOKUP($A77,'Cálculos Comparativos'!$A:$AA,9,0)),"") -> Desenvolvedor Sênior | D77: =VLOOKUP(A77,'Cálculos Comparativos'!$A:$AA,3,0) -> 6458.4 | E77: =IFS($B$5="Mediana",VLOOKUP(A77,'Cálculos Comparativos'!A:AA,15,0),$B$5="Menor Salário",VLOOKUP(A77,'Cálculos Comparativos'!A:AA,12,0),$B$5="1º Quartil",VLOOKUP(A77,'Cálculos Comparativos'!A:AA,13,0),$B$5="Média",VLOOKUP(A77,'Cálculos Comparativos'!A:AA,14,0),$B$5="3º Quartil",VLOOKUP(A77,'Cálculos Comparativos'!A:AA,16,0),$B$5="Maior Salário",VLOOKUP(A77,'Cálculos Comparativos'!A:AA,17,0)) -> 7999.87 | F77: =VLOOKUP(A77,'Cálculos Comparativos'!$A:$AA,18,0) -> 0.80731312 | G77: =IFS($B$5="Mediana",VLOOKUP(A77,'Cálculos Comparativos'!A:AA,23,0),$B$5="Menor Salário",VLOOKUP(A77,'Cálculos Comparativos'!A:AA,20,0),$B$5="1º Quartil",VLOOKUP(A77,'Cálculos Comparativos'!A:AA,21,0),$B$5="Média",VLOOKUP(A77,'Cálculos Comparativos'!A:AA,22,0),$B$5="3º Quartil",VLOOKUP(A77,'Cálculos Comparativos'!A:AA,24,0),$B$5="Maior Salário",VLOOKUP(A77,'Cálculos Comparativos'!A:AA,25,0)) -> 7851.14 | H77: =VLOOKUP(A77,'Cálculos Comparativos'!$A:$AA,26,0) -> 0.82260665
A78: {=INDEX('Cálculos Comparativos'!A:A, MATCH(LARGE('Cálculos Comparativos'!R:R, ROW(A3)), 'Cálculos Comparativos'!R:R, 0))} -> 2 | B78: =iferror(VLOOKUP($A78,'Cálculos Comparativos'!$A:$AA,2,0),"") -> Engenheiro de Software Full Stack Pl | C78: =iferror(VLOOKUP($A78,'Cálculos Comparativos'!$A:$AA,8,0)&" "&if(VLOOKUP($A78,'Cálculos Comparativos'!$A:$AA,9,0)="Indiferente","",VLOOKUP($A78,'Cálculos Comparativos'!$A:$AA,9,0)),"") -> Desenvolvedor Pleno | D78: =VLOOKUP(A78,'Cálculos Comparativos'!$A:$AA,3,0) -> 4305.6 | E78: =IFS($B$5="Mediana",VLOOKUP(A78,'Cálculos Comparativos'!A:AA,15,0),$B$5="Menor Salário",VLOOKUP(A78,'Cálculos Comparativos'!A:AA,12,0),$B$5="1º Quartil",VLOOKUP(A78,'Cálculos Comparativos'!A:AA,13,0),$B$5="Média",VLOOKUP(A78,'Cálculos Comparativos'!A:AA,14,0),$B$5="3º Quartil",VLOOKUP(A78,'Cálculos Comparativos'!A:AA,16,0),$B$5="Maior Salário",VLOOKUP(A78,'Cálculos Comparativos'!A:AA,17,0)) -> 5342.35 | F78: =VLOOKUP(A78,'Cálculos Comparativos'!$A:$AA,18,0) -> 0.80593746 | G78: =IFS($B$5="Mediana",VLOOKUP(A78,'Cálculos Comparativos'!A:AA,23,0),$B$5="Menor Salário",VLOOKUP(A78,'Cálculos Comparativos'!A:AA,20,0),$B$5="1º Quartil",VLOOKUP(A78,'Cálculos Comparativos'!A:AA,21,0),$B$5="Média",VLOOKUP(A78,'Cálculos Comparativos'!A:AA,22,0),$B$5="3º Quartil",VLOOKUP(A78,'Cálculos Comparativos'!A:AA,24,0),$B$5="Maior Salário",VLOOKUP(A78,'Cálculos Comparativos'!A:AA,25,0)) -> 5248.63 | H78: =VLOOKUP(A78,'Cálculos Comparativos'!$A:$AA,26,0) -> 0.82032835
A79: {=INDEX('Cálculos Comparativos'!A:A, MATCH(LARGE('Cálculos Comparativos'!R:R, ROW(A4)), 'Cálculos Comparativos'!R:R, 0))} -> 4 | B79: =iferror(VLOOKUP($A79,'Cálculos Comparativos'!$A:$AA,2,0),"") -> Analista de Requisitos | C79: =iferror(VLOOKUP($A79,'Cálculos Comparativos'!$A:$AA,8,0)&" "&if(VLOOKUP($A79,'Cálculos Comparativos'!$A:$AA,9,0)="Indiferente","",VLOOKUP($A79,'Cálculos Comparativos'!$A:$AA,9,0)),"") -> Analista de Requisitos Júnior | D79: =VLOOKUP(A79,'Cálculos Comparativos'!$A:$AA,3,0) -> 2859.19 | E79: =IFS($B$5="Mediana",VLOOKUP(A79,'Cálculos Comparativos'!A:AA,15,0),$B$5="Menor Salário",VLOOKUP(A79,'Cálculos Comparativos'!A:AA,12,0),$B$5="1º Quartil",VLOOKUP(A79,'Cálculos Comparativos'!A:AA,13,0),$B$5="Média",VLOOKUP(A79,'Cálculos Comparativos'!A:AA,14,0),$B$5="3º Quartil",VLOOKUP(A79,'Cálculos Comparativos'!A:AA,16,0),$B$5="Maior Salário",VLOOKUP(A79,'Cálculos Comparativos'!A:AA,17,0)) -> 3618.72 | F79: =VLOOKUP(A79,'Cálculos Comparativos'!$A:$AA,18,0) -> 0.79011087 | G79: =IFS($B$5="Mediana",VLOOKUP(A79,'Cálculos Comparativos'!A:AA,23,0),$B$5="Menor Salário",VLOOKUP(A79,'Cálculos Comparativos'!A:AA,20,0),$B$5="1º Quartil",VLOOKUP(A79,'Cálculos Comparativos'!A:AA,21,0),$B$5="Média",VLOOKUP(A79,'Cálculos Comparativos'!A:AA,22,0),$B$5="3º Quartil",VLOOKUP(A79,'Cálculos Comparativos'!A:AA,24,0),$B$5="Maior Salário",VLOOKUP(A79,'Cálculos Comparativos'!A:AA,25,0)) -> 0 | H79: =VLOOKUP(A79,'Cálculos Comparativos'!$A:$AA,26,0)
A80: {=INDEX('Cálculos Comparativos'!A:A, MATCH(LARGE('Cálculos Comparativos'!R:R, ROW(A5)), 'Cálculos Comparativos'!R:R, 0))} -> 1 | B80: =iferror(VLOOKUP($A80,'Cálculos Comparativos'!$A:$AA,2,0),"") -> Engenheiro de Software Full Stack Jr | C80: =iferror(VLOOKUP($A80,'Cálculos Comparativos'!$A:$AA,8,0)&" "&if(VLOOKUP($A80,'Cálculos Comparativos'!$A:$AA,9,0)="Indiferente","",VLOOKUP($A80,'Cálculos Comparativos'!$A:$AA,9,0)),"") -> Desenvolvedor Júnior | D80: =VLOOKUP(A80,'Cálculos Comparativos'!$A:$AA,3,0) -> 2489.18 | E80: =IFS($B$5="Mediana",VLOOKUP(A80,'Cálculos Comparativos'!A:AA,15,0),$B$5="Menor Salário",VLOOKUP(A80,'Cálculos Comparativos'!A:AA,12,0),$B$5="1º Quartil",VLOOKUP(A80,'Cálculos Comparativos'!A:AA,13,0),$B$5="Média",VLOOKUP(A80,'Cálculos Comparativos'!A:AA,14,0),$B$5="3º Quartil",VLOOKUP(A80,'Cálculos Comparativos'!A:AA,16,0),$B$5="Maior Salário",VLOOKUP(A80,'Cálculos Comparativos'!A:AA,17,0)) -> 3379.04 | F80: =VLOOKUP(A80,'Cálculos Comparativos'!$A:$AA,18,0) -> 0.73665301 | G80: =IFS($B$5="Mediana",VLOOKUP(A80,'Cálculos Comparativos'!A:AA,23,0),$B$5="Menor Salário",VLOOKUP(A80,'Cálculos Comparativos'!A:AA,20,0),$B$5="1º Quartil",VLOOKUP(A80,'Cálculos Comparativos'!A:AA,21,0),$B$5="Média",VLOOKUP(A80,'Cálculos Comparativos'!A:AA,22,0),$B$5="3º Quartil",VLOOKUP(A80,'Cálculos Comparativos'!A:AA,24,0),$B$5="Maior Salário",VLOOKUP(A80,'Cálculos Comparativos'!A:AA,25,0)) -> 3493.9 | H80: =VLOOKUP(A80,'Cálculos Comparativos'!$A:$AA,26,0) -> 0.71243596
B82: Classificado pelo C-02 | E82: Cenário 1 | G82: Cenário 2
B83: Cargos Empresa | C83: Cargos Pesquisa | D83: Média empresa | E83: =$B$5 -> Mediana | F83: Posição | G83: =$B$5 -> Mediana | H83: Posição
A84: {=INDEX('Cálculos Comparativos'!A:A, MATCH(LARGE('Cálculos Comparativos'!Z:Z, ROW(A1)), 'Cálculos Comparativos'!Z:Z, 0))} -> 5 | B84: =iferror(VLOOKUP($A84,'Cálculos Comparativos'!$A:$AA,2,0),"") -> Lider | C84: =iferror(VLOOKUP($A84,'Cálculos Comparativos'!$A:$AA,8,0)&" "&if(VLOOKUP($A84,'Cálculos Comparativos'!$A:$AA,9,0)="Indiferente","",VLOOKUP($A84,'Cálculos Comparativos'!$A:$AA,9,0)),"") -> Líder Técnico | D84: =VLOOKUP(A84,'Cálculos Comparativos'!$A:$AA,3,0) -> 8611.2 | E84: =IFS($B$5="Mediana",VLOOKUP(A84,'Cálculos Comparativos'!A:AA,15,0),$B$5="Menor Salário",VLOOKUP(A84,'Cálculos Comparativos'!A:AA,12,0),$B$5="1º Quartil",VLOOKUP(A84,'Cálculos Comparativos'!A:AA,13,0),$B$5="Média",VLOOKUP(A84,'Cálculos Comparativos'!A:AA,14,0),$B$5="3º Quartil",VLOOKUP(A84,'Cálculos Comparativos'!A:AA,16,0),$B$5="Maior Salário",VLOOKUP(A84,'Cálculos Comparativos'!A:AA,17,0)) -> 8929.22 | F84: =VLOOKUP(A84,'Cálculos Comparativos'!$A:$AA,18,0) -> 0.96438435 | G84: =IFS($B$5="Mediana",VLOOKUP(A84,'Cálculos Comparativos'!A:AA,23,0),$B$5="Menor Salário",VLOOKUP(A84,'Cálculos Comparativos'!A:AA,20,0),$B$5="1º Quartil",VLOOKUP(A84,'Cálculos Comparativos'!A:AA,21,0),$B$5="Média",VLOOKUP(A84,'Cálculos Comparativos'!A:AA,22,0),$B$5="3º Quartil",VLOOKUP(A84,'Cálculos Comparativos'!A:AA,24,0),$B$5="Maior Salário",VLOOKUP(A84,'Cálculos Comparativos'!A:AA,25,0)) -> 9047.66 | H84: =VLOOKUP(A84,'Cálculos Comparativos'!$A:$AA,26,0) -> 0.9517599
A85: {=INDEX('Cálculos Comparativos'!A:A, MATCH(LARGE('Cálculos Comparativos'!Z:Z, ROW(A2)), 'Cálculos Comparativos'!Z:Z, 0))} -> 3 | B85: =iferror(VLOOKUP($A85,'Cálculos Comparativos'!$A:$AA,2,0),"") -> Engenheiro de Software Full Stack Sr | C85: =iferror(VLOOKUP($A85,'Cálculos Comparativos'!$A:$AA,8,0)&" "&if(VLOOKUP($A85,'Cálculos Comparativos'!$A:$AA,9,0)="Indiferente","",VLOOKUP($A85,'Cálculos Comparativos'!$A:$AA,9,0)),"") -> Desenvolvedor Sênior | D85: =VLOOKUP(A85,'Cálculos Comparativos'!$A:$AA,3,0) -> 6458.4 | E85: =IFS($B$5="Mediana",VLOOKUP(A85,'Cálculos Comparativos'!A:AA,15,0),$B$5="Menor Salário",VLOOKUP(A85,'Cálculos Comparativos'!A:AA,12,0),$B$5="1º Quartil",VLOOKUP(A85,'Cálculos Comparativos'!A:AA,13,0),$B$5="Média",VLOOKUP(A85,'Cálculos Comparativos'!A:AA,14,0),$B$5="3º Quartil",VLOOKUP(A85,'Cálculos Comparativos'!A:AA,16,0),$B$5="Maior Salário",VLOOKUP(A85,'Cálculos Comparativos'!A:AA,17,0)) -> 7999.87 | F85: =VLOOKUP(A85,'Cálculos Comparativos'!$A:$AA,18,0) -> 0.80731312 | G85: =IFS($B$5="Mediana",VLOOKUP(A85,'Cálculos Comparativos'!A:AA,23,0),$B$5="Menor Salário",VLOOKUP(A85,'Cálculos Comparativos'!A:AA,20,0),$B$5="1º Quartil",VLOOKUP(A85,'Cálculos Comparativos'!A:AA,21,0),$B$5="Média",VLOOKUP(A85,'Cálculos Comparativos'!A:AA,22,0),$B$5="3º Quartil",VLOOKUP(A85,'Cálculos Comparativos'!A:AA,24,0),$B$5="Maior Salário",VLOOKUP(A85,'Cálculos Comparativos'!A:AA,25,0)) -> 7851.14 | H85: =VLOOKUP(A85,'Cálculos Comparativos'!$A:$AA,26,0) -> 0.82260665
A86: {=INDEX('Cálculos Comparativos'!A:A, MATCH(LARGE('Cálculos Comparativos'!Z:Z, ROW(A3)), 'Cálculos Comparativos'!Z:Z, 0))} -> 2 | B86: =iferror(VLOOKUP($A86,'Cálculos Comparativos'!$A:$AA,2,0),"") -> Engenheiro de Software Full Stack Pl | C86: =iferror(VLOOKUP($A86,'Cálculos Comparativos'!$A:$AA,8,0)&" "&if(VLOOKUP($A86,'Cálculos Comparativos'!$A:$AA,9,0)="Indiferente","",VLOOKUP($A86,'Cálculos Comparativos'!$A:$AA,9,0)),"") -> Desenvolvedor Pleno | D86: =VLOOKUP(A86,'Cálculos Comparativos'!$A:$AA,3,0) -> 4305.6 | E86: =IFS($B$5="Mediana",VLOOKUP(A86,'Cálculos Comparativos'!A:AA,15,0),$B$5="Menor Salário",VLOOKUP(A86,'Cálculos Comparativos'!A:AA,12,0),$B$5="1º Quartil",VLOOKUP(A86,'Cálculos Comparativos'!A:AA,13,0),$B$5="Média",VLOOKUP(A86,'Cálculos Comparativos'!A:AA,14,0),$B$5="3º Quartil",VLOOKUP(A86,'Cálculos Comparativos'!A:AA,16,0),$B$5="Maior Salário",VLOOKUP(A86,'Cálculos Comparativos'!A:AA,17,0)) -> 5342.35 | F86: =VLOOKUP(A86,'Cálculos Comparativos'!$A:$AA,18,0) -> 0.80593746 | G86: =IFS($B$5="Mediana",VLOOKUP(A86,'Cálculos Comparativos'!A:AA,23,0),$B$5="Menor Salário",VLOOKUP(A86,'Cálculos Comparativos'!A:AA,20,0),$B$5="1º Quartil",VLOOKUP(A86,'Cálculos Comparativos'!A:AA,21,0),$B$5="Média",VLOOKUP(A86,'Cálculos Comparativos'!A:AA,22,0),$B$5="3º Quartil",VLOOKUP(A86,'Cálculos Comparativos'!A:AA,24,0),$B$5="Maior Salário",VLOOKUP(A86,'Cálculos Comparativos'!A:AA,25,0)) -> 5248.63 | H86: =VLOOKUP(A86,'Cálculos Comparativos'!$A:$AA,26,0) -> 0.82032835
A87: {=INDEX('Cálculos Comparativos'!A:A, MATCH(LARGE('Cálculos Comparativos'!Z:Z, ROW(A4)), 'Cálculos Comparativos'!Z:Z, 0))} -> 1 | B87: =iferror(VLOOKUP($A87,'Cálculos Comparativos'!$A:$AA,2,0),"") -> Engenheiro de Software Full Stack Jr | C87: =iferror(VLOOKUP($A87,'Cálculos Comparativos'!$A:$AA,8,0)&" "&if(VLOOKUP($A87,'Cálculos Comparativos'!$A:$AA,9,0)="Indiferente","",VLOOKUP($A87,'Cálculos Comparativos'!$A:$AA,9,0)),"") -> Desenvolvedor Júnior | D87: =VLOOKUP(A87,'Cálculos Comparativos'!$A:$AA,3,0) -> 2489.18 | E87: =IFS($B$5="Mediana",VLOOKUP(A87,'Cálculos Comparativos'!A:AA,15,0),$B$5="Menor Salário",VLOOKUP(A87,'Cálculos Comparativos'!A:AA,12,0),$B$5="1º Quartil",VLOOKUP(A87,'Cálculos Comparativos'!A:AA,13,0),$B$5="Média",VLOOKUP(A87,'Cálculos Comparativos'!A:AA,14,0),$B$5="3º Quartil",VLOOKUP(A87,'Cálculos Comparativos'!A:AA,16,0),$B$5="Maior Salário",VLOOKUP(A87,'Cálculos Comparativos'!A:AA,17,0)) -> 3379.04 | F87: =VLOOKUP(A87,'Cálculos Comparativos'!$A:$AA,18,0) -> 0.73665301 | G87: =IFS($B$5="Mediana",VLOOKUP(A87,'Cálculos Comparativos'!A:AA,23,0),$B$5="Menor Salário",VLOOKUP(A87,'Cálculos Comparativos'!A:AA,20,0),$B$5="1º Quartil",VLOOKUP(A87,'Cálculos Comparativos'!A:AA,21,0),$B$5="Média",VLOOKUP(A87,'Cálculos Comparativos'!A:AA,22,0),$B$5="3º Quartil",VLOOKUP(A87,'Cálculos Comparativos'!A:AA,24,0),$B$5="Maior Salário",VLOOKUP(A87,'Cálculos Comparativos'!A:AA,25,0)) -> 3493.9 | H87: =VLOOKUP(A87,'Cálculos Comparativos'!$A:$AA,26,0) -> 0.71243596
B90: ="5 Menores Salários abaixo "&IF(B5="Mediana","da ",IF(B5="Média","da ","do "))&B5 -> 5 Menores Salários abaixo da Mediana
B92: Classificado pelo C-01 | E92: Cenário 1 | G92: Cenário 2
B93: Cargos Empresa | C93: Cargos Pesquisa | D93: Média empresa | E93: =$B$5 -> Mediana | F93: Posição | G93: =$B$5 -> Mediana | H93: Posição
A94: {=INDEX('Cálculos Comparativos'!A:A, MATCH(SMALL('Cálculos Comparativos'!R:R, ROW(A1)), 'Cálculos Comparativos'!R:R, 0))} -> 1 | B94: =iferror(VLOOKUP($A94,'Cálculos Comparativos'!$A:$AA,2,0),"") -> Engenheiro de Software Full Stack Jr | C94: =iferror(VLOOKUP($A94,'Cálculos Comparativos'!$A:$AA,8,0)&" "&if(VLOOKUP($A94,'Cálculos Comparativos'!$A:$AA,9,0)="Indiferente","",VLOOKUP($A94,'Cálculos Comparativos'!$A:$AA,9,0)),"") -> Desenvolvedor Júnior | D94: =VLOOKUP(A94,'Cálculos Comparativos'!$A:$AA,3,0) -> 2489.18 | E94: =IFS($B$5="Mediana",VLOOKUP(A94,'Cálculos Comparativos'!A:AA,15,0),$B$5="Menor Salário",VLOOKUP(A94,'Cálculos Comparativos'!A:AA,12,0),$B$5="1º Quartil",VLOOKUP(A94,'Cálculos Comparativos'!A:AA,13,0),$B$5="Média",VLOOKUP(A94,'Cálculos Comparativos'!A:AA,14,0),$B$5="3º Quartil",VLOOKUP(A94,'Cálculos Comparativos'!A:AA,16,0),$B$5="Maior Salário",VLOOKUP(A94,'Cálculos Comparativos'!A:AA,17,0)) -> 3379.04 | F94: =VLOOKUP(A94,'Cálculos Comparativos'!$A:$AA,18,0) -> 0.73665301 | G94: =IFS($B$5="Mediana",VLOOKUP(A94,'Cálculos Comparativos'!A:AA,23,0),$B$5="Menor Salário",VLOOKUP(A94,'Cálculos Comparativos'!A:AA,20,0),$B$5="1º Quartil",VLOOKUP(A94,'Cálculos Comparativos'!A:AA,21,0),$B$5="Média",VLOOKUP(A94,'Cálculos Comparativos'!A:AA,22,0),$B$5="3º Quartil",VLOOKUP(A94,'Cálculos Comparativos'!A:AA,24,0),$B$5="Maior Salário",VLOOKUP(A94,'Cálculos Comparativos'!A:AA,25,0)) -> 3493.9 | H94: =VLOOKUP(A94,'Cálculos Comparativos'!$A:$AA,26,0) -> 0.71243596
A95: {=INDEX('Cálculos Comparativos'!A:A, MATCH(SMALL('Cálculos Comparativos'!R:R, ROW(A2)), 'Cálculos Comparativos'!R:R, 0))} -> 4 | B95: =iferror(VLOOKUP($A95,'Cálculos Comparativos'!$A:$AA,2,0),"") -> Analista de Requisitos | C95: =iferror(VLOOKUP($A95,'Cálculos Comparativos'!$A:$AA,8,0)&" "&if(VLOOKUP($A95,'Cálculos Comparativos'!$A:$AA,9,0)="Indiferente","",VLOOKUP($A95,'Cálculos Comparativos'!$A:$AA,9,0)),"") -> Analista de Requisitos Júnior | D95: =VLOOKUP(A95,'Cálculos Comparativos'!$A:$AA,3,0) -> 2859.19 | E95: =IFS($B$5="Mediana",VLOOKUP(A95,'Cálculos Comparativos'!A:AA,15,0),$B$5="Menor Salário",VLOOKUP(A95,'Cálculos Comparativos'!A:AA,12,0),$B$5="1º Quartil",VLOOKUP(A95,'Cálculos Comparativos'!A:AA,13,0),$B$5="Média",VLOOKUP(A95,'Cálculos Comparativos'!A:AA,14,0),$B$5="3º Quartil",VLOOKUP(A95,'Cálculos Comparativos'!A:AA,16,0),$B$5="Maior Salário",VLOOKUP(A95,'Cálculos Comparativos'!A:AA,17,0)) -> 3618.72 | F95: =VLOOKUP(A95,'Cálculos Comparativos'!$A:$AA,18,0) -> 0.79011087 | G95: =IFS($B$5="Mediana",VLOOKUP(A95,'Cálculos Comparativos'!A:AA,23,0),$B$5="Menor Salário",VLOOKUP(A95,'Cálculos Comparativos'!A:AA,20,0),$B$5="1º Quartil",VLOOKUP(A95,'Cálculos Comparativos'!A:AA,21,0),$B$5="Média",VLOOKUP(A95,'Cálculos Comparativos'!A:AA,22,0),$B$5="3º Quartil",VLOOKUP(A95,'Cálculos Comparativos'!A:AA,24,0),$B$5="Maior Salário",VLOOKUP(A95,'Cálculos Comparativos'!A:AA,25,0)) -> 0 | H95: =VLOOKUP(A95,'Cálculos Comparativos'!$A:$AA,26,0)
A96: {=INDEX('Cálculos Comparativos'!A:A, MATCH(SMALL('Cálculos Comparativos'!R:R, ROW(A3)), 'Cálculos Comparativos'!R:R, 0))} -> 2 | B96: =iferror(VLOOKUP($A96,'Cálculos Comparativos'!$A:$AA,2,0),"") -> Engenheiro de Software Full Stack Pl | C96: =iferror(VLOOKUP($A96,'Cálculos Comparativos'!$A:$AA,8,0)&" "&if(VLOOKUP($A96,'Cálculos Comparativos'!$A:$AA,9,0)="Indiferente","",VLOOKUP($A96,'Cálculos Comparativos'!$A:$AA,9,0)),"") -> Desenvolvedor Pleno | D96: =VLOOKUP(A96,'Cálculos Comparativos'!$A:$AA,3,0) -> 4305.6 | E96: =IFS($B$5="Mediana",VLOOKUP(A96,'Cálculos Comparativos'!A:AA,15,0),$B$5="Menor Salário",VLOOKUP(A96,'Cálculos Comparativos'!A:AA,12,0),$B$5="1º Quartil",VLOOKUP(A96,'Cálculos Comparativos'!A:AA,13,0),$B$5="Média",VLOOKUP(A96,'Cálculos Comparativos'!A:AA,14,0),$B$5="3º Quartil",VLOOKUP(A96,'Cálculos Comparativos'!A:AA,16,0),$B$5="Maior Salário",VLOOKUP(A96,'Cálculos Comparativos'!A:AA,17,0)) -> 5342.35 | F96: =VLOOKUP(A96,'Cálculos Comparativos'!$A:$AA,18,0) -> 0.80593746 | G96: =IFS($B$5="Mediana",VLOOKUP(A96,'Cálculos Comparativos'!A:AA,23,0),$B$5="Menor Salário",VLOOKUP(A96,'Cálculos Comparativos'!A:AA,20,0),$B$5="1º Quartil",VLOOKUP(A96,'Cálculos Comparativos'!A:AA,21,0),$B$5="Média",VLOOKUP(A96,'Cálculos Comparativos'!A:AA,22,0),$B$5="3º Quartil",VLOOKUP(A96,'Cálculos Comparativos'!A:AA,24,0),$B$5="Maior Salário",VLOOKUP(A96,'Cálculos Comparativos'!A:AA,25,0)) -> 5248.63 | H96: =VLOOKUP(A96,'Cálculos Comparativos'!$A:$AA,26,0) -> 0.82032835
A97: {=INDEX('Cálculos Comparativos'!A:A, MATCH(SMALL('Cálculos Comparativos'!R:R, ROW(A4)), 'Cálculos Comparativos'!R:R, 0))} -> 3 | B97: =iferror(VLOOKUP($A97,'Cálculos Comparativos'!$A:$AA,2,0),"") -> Engenheiro de Software Full Stack Sr | C97: =iferror(VLOOKUP($A97,'Cálculos Comparativos'!$A:$AA,8,0)&" "&if(VLOOKUP($A97,'Cálculos Comparativos'!$A:$AA,9,0)="Indiferente","",VLOOKUP($A97,'Cálculos Comparativos'!$A:$AA,9,0)),"") -> Desenvolvedor Sênior | D97: =VLOOKUP(A97,'Cálculos Comparativos'!$A:$AA,3,0) -> 6458.4 | E97: =IFS($B$5="Mediana",VLOOKUP(A97,'Cálculos Comparativos'!A:AA,15,0),$B$5="Menor Salário",VLOOKUP(A97,'Cálculos Comparativos'!A:AA,12,0),$B$5="1º Quartil",VLOOKUP(A97,'Cálculos Comparativos'!A:AA,13,0),$B$5="Média",VLOOKUP(A97,'Cálculos Comparativos'!A:AA,14,0),$B$5="3º Quartil",VLOOKUP(A97,'Cálculos Comparativos'!A:AA,16,0),$B$5="Maior Salário",VLOOKUP(A97,'Cálculos Comparativos'!A:AA,17,0)) -> 7999.87 | F97: =VLOOKUP(A97,'Cálculos Comparativos'!$A:$AA,18,0) -> 0.80731312 | G97: =IFS($B$5="Mediana",VLOOKUP(A97,'Cálculos Comparativos'!A:AA,23,0),$B$5="Menor Salário",VLOOKUP(A97,'Cálculos Comparativos'!A:AA,20,0),$B$5="1º Quartil",VLOOKUP(A97,'Cálculos Comparativos'!A:AA,21,0),$B$5="Média",VLOOKUP(A97,'Cálculos Comparativos'!A:AA,22,0),$B$5="3º Quartil",VLOOKUP(A97,'Cálculos Comparativos'!A:AA,24,0),$B$5="Maior Salário",VLOOKUP(A97,'Cálculos Comparativos'!A:AA,25,0)) -> 7851.14 | H97: =VLOOKUP(A97,'Cálculos Comparativos'!$A:$AA,26,0) -> 0.82260665
A98: {=INDEX('Cálculos Comparativos'!A:A, MATCH(SMALL('Cálculos Comparativos'!R:R, ROW(A5)), 'Cálculos Comparativos'!R:R, 0))} -> 5 | B98: =iferror(VLOOKUP($A98,'Cálculos Comparativos'!$A:$AA,2,0),"") -> Lider | C98: =iferror(VLOOKUP($A98,'Cálculos Comparativos'!$A:$AA,8,0)&" "&if(VLOOKUP($A98,'Cálculos Comparativos'!$A:$AA,9,0)="Indiferente","",VLOOKUP($A98,'Cálculos Comparativos'!$A:$AA,9,0)),"") -> Líder Técnico | D98: =VLOOKUP(A98,'Cálculos Comparativos'!$A:$AA,3,0) -> 8611.2 | E98: =IFS($B$5="Mediana",VLOOKUP(A98,'Cálculos Comparativos'!A:AA,15,0),$B$5="Menor Salário",VLOOKUP(A98,'Cálculos Comparativos'!A:AA,12,0),$B$5="1º Quartil",VLOOKUP(A98,'Cálculos Comparativos'!A:AA,13,0),$B$5="Média",VLOOKUP(A98,'Cálculos Comparativos'!A:AA,14,0),$B$5="3º Quartil",VLOOKUP(A98,'Cálculos Comparativos'!A:AA,16,0),$B$5="Maior Salário",VLOOKUP(A98,'Cálculos Comparativos'!A:AA,17,0)) -> 8929.22 | F98: =VLOOKUP(A98,'Cálculos Comparativos'!$A:$AA,18,0) -> 0.96438435 | G98: =IFS($B$5="Mediana",VLOOKUP(A98,'Cálculos Comparativos'!A:AA,23,0),$B$5="Menor Salário",VLOOKUP(A98,'Cálculos Comparativos'!A:AA,20,0),$B$5="1º Quartil",VLOOKUP(A98,'Cálculos Comparativos'!A:AA,21,0),$B$5="Média",VLOOKUP(A98,'Cálculos Comparativos'!A:AA,22,0),$B$5="3º Quartil",VLOOKUP(A98,'Cálculos Comparativos'!A:AA,24,0),$B$5="Maior Salário",VLOOKUP(A98,'Cálculos Comparativos'!A:AA,25,0)) -> 9047.66 | H98: =VLOOKUP(A98,'Cálculos Comparativos'!$A:$AA,26,0) -> 0.9517599
B100: Classificado pelo C-02 | E100: Cenário 1 | G100: Cenário 2
B101: Cargos Empresa | C101: Cargos Pesquisa | D101: Média empresa | E101: =$B$5 -> Mediana | F101: Posição | G101: =$B$5 -> Mediana | H101: Posição
A102: {=INDEX('Cálculos Comparativos'!A:A, MATCH(SMALL('Cálculos Comparativos'!Z:Z, ROW(A1)), 'Cálculos Comparativos'!Z:Z, 0))} -> 1 | B102: =iferror(VLOOKUP($A102,'Cálculos Comparativos'!$A:$AA,2,0),"") -> Engenheiro de Software Full Stack Jr | C102: =iferror(VLOOKUP($A102,'Cálculos Comparativos'!$A:$AA,8,0)&" "&if(VLOOKUP($A102,'Cálculos Comparativos'!$A:$AA,9,0)="Indiferente","",VLOOKUP($A102,'Cálculos Comparativos'!$A:$AA,9,0)),"") -> Desenvolvedor Júnior | D102: =VLOOKUP(A102,'Cálculos Comparativos'!$A:$AA,3,0) -> 2489.18 | E102: =IFS($B$5="Mediana",VLOOKUP(A102,'Cálculos Comparativos'!A:AA,15,0),$B$5="Menor Salário",VLOOKUP(A102,'Cálculos Comparativos'!A:AA,12,0),$B$5="1º Quartil",VLOOKUP(A102,'Cálculos Comparativos'!A:AA,13,0),$B$5="Média",VLOOKUP(A102,'Cálculos Comparativos'!A:AA,14,0),$B$5="3º Quartil",VLOOKUP(A102,'Cálculos Comparativos'!A:AA,16,0),$B$5="Maior Salário",VLOOKUP(A102,'Cálculos Comparativos'!A:AA,17,0)) -> 3379.04 | F102: =VLOOKUP(A102,'Cálculos Comparativos'!$A:$AA,18,0) -> 0.73665301 | G102: =IFS($B$5="Mediana",VLOOKUP(A102,'Cálculos Comparativos'!A:AA,23,0),$B$5="Menor Salário",VLOOKUP(A102,'Cálculos Comparativos'!A:AA,20,0),$B$5="1º Quartil",VLOOKUP(A102,'Cálculos Comparativos'!A:AA,21,0),$B$5="Média",VLOOKUP(A102,'Cálculos Comparativos'!A:AA,22,0),$B$5="3º Quartil",VLOOKUP(A102,'Cálculos Comparativos'!A:AA,24,0),$B$5="Maior Salário",VLOOKUP(A102,'Cálculos Comparativos'!A:AA,25,0)) -> 3493.9 | H102: =VLOOKUP(A102,'Cálculos Comparativos'!$A:$AA,26,0) -> 0.71243596
A103: {=INDEX('Cálculos Comparativos'!A:A, MATCH(SMALL('Cálculos Comparativos'!Z:Z, ROW(A2)), 'Cálculos Comparativos'!Z:Z, 0))} -> 2 | B103: =iferror(VLOOKUP($A103,'Cálculos Comparativos'!$A:$AA,2,0),"") -> Engenheiro de Software Full Stack Pl | C103: =iferror(VLOOKUP($A103,'Cálculos Comparativos'!$A:$AA,8,0)&" "&if(VLOOKUP($A103,'Cálculos Comparativos'!$A:$AA,9,0)="Indiferente","",VLOOKUP($A103,'Cálculos Comparativos'!$A:$AA,9,0)),"") -> Desenvolvedor Pleno | D103: =VLOOKUP(A103,'Cálculos Comparativos'!$A:$AA,3,0) -> 4305.6 | E103: =IFS($B$5="Mediana",VLOOKUP(A103,'Cálculos Comparativos'!A:AA,15,0),$B$5="Menor Salário",VLOOKUP(A103,'Cálculos Comparativos'!A:AA,12,0),$B$5="1º Quartil",VLOOKUP(A103,'Cálculos Comparativos'!A:AA,13,0),$B$5="Média",VLOOKUP(A103,'Cálculos Comparativos'!A:AA,14,0),$B$5="3º Quartil",VLOOKUP(A103,'Cálculos Comparativos'!A:AA,16,0),$B$5="Maior Salário",VLOOKUP(A103,'Cálculos Comparativos'!A:AA,17,0)) -> 5342.35 | F103: =VLOOKUP(A103,'Cálculos Comparativos'!$A:$AA,18,0) -> 0.80593746 | G103: =IFS($B$5="Mediana",VLOOKUP(A103,'Cálculos Comparativos'!A:AA,23,0),$B$5="Menor Salário",VLOOKUP(A103,'Cálculos Comparativos'!A:AA,20,0),$B$5="1º Quartil",VLOOKUP(A103,'Cálculos Comparativos'!A:AA,21,0),$B$5="Média",VLOOKUP(A103,'Cálculos Comparativos'!A:AA,22,0),$B$5="3º Quartil",VLOOKUP(A103,'Cálculos Comparativos'!A:AA,24,0),$B$5="Maior Salário",VLOOKUP(A103,'Cálculos Comparativos'!A:AA,25,0)) -> 5248.63 | H103: =VLOOKUP(A103,'Cálculos Comparativos'!$A:$AA,26,0) -> 0.82032835
A104: {=INDEX('Cálculos Comparativos'!A:A, MATCH(SMALL('Cálculos Comparativos'!Z:Z, ROW(A3)), 'Cálculos Comparativos'!Z:Z, 0))} -> 3 | B104: =iferror(VLOOKUP($A104,'Cálculos Comparativos'!$A:$AA,2,0),"") -> Engenheiro de Software Full Stack Sr | C104: =iferror(VLOOKUP($A104,'Cálculos Comparativos'!$A:$AA,8,0)&" "&if(VLOOKUP($A104,'Cálculos Comparativos'!$A:$AA,9,0)="Indiferente","",VLOOKUP($A104,'Cálculos Comparativos'!$A:$AA,9,0)),"") -> Desenvolvedor Sênior | D104: =VLOOKUP(A104,'Cálculos Comparativos'!$A:$AA,3,0) -> 6458.4 | E104: =IFS($B$5="Mediana",VLOOKUP(A104,'Cálculos Comparativos'!A:AA,15,0),$B$5="Menor Salário",VLOOKUP(A104,'Cálculos Comparativos'!A:AA,12,0),$B$5="1º Quartil",VLOOKUP(A104,'Cálculos Comparativos'!A:AA,13,0),$B$5="Média",VLOOKUP(A104,'Cálculos Comparativos'!A:AA,14,0),$B$5="3º Quartil",VLOOKUP(A104,'Cálculos Comparativos'!A:AA,16,0),$B$5="Maior Salário",VLOOKUP(A104,'Cálculos Comparativos'!A:AA,17,0)) -> 7999.87 | F104: =VLOOKUP(A104,'Cálculos Comparativos'!$A:$AA,18,0) -> 0.80731312 | G104: =IFS($B$5="Mediana",VLOOKUP(A104,'Cálculos Comparativos'!A:AA,23,0),$B$5="Menor Salário",VLOOKUP(A104,'Cálculos Comparativos'!A:AA,20,0),$B$5="1º Quartil",VLOOKUP(A104,'Cálculos Comparativos'!A:AA,21,0),$B$5="Média",VLOOKUP(A104,'Cálculos Comparativos'!A:AA,22,0),$B$5="3º Quartil",VLOOKUP(A104,'Cálculos Comparativos'!A:AA,24,0),$B$5="Maior Salário",VLOOKUP(A104,'Cálculos Comparativos'!A:AA,25,0)) -> 7851.14 | H104: =VLOOKUP(A104,'Cálculos Comparativos'!$A:$AA,26,0) -> 0.82260665
A105: {=INDEX('Cálculos Comparativos'!A:A, MATCH(SMALL('Cálculos Comparativos'!Z:Z, ROW(A4)), 'Cálculos Comparativos'!Z:Z, 0))} -> 5 | B105: =iferror(VLOOKUP($A105,'Cálculos Comparativos'!$A:$AA,2,0),"") -> Lider | C105: =iferror(VLOOKUP($A105,'Cálculos Comparativos'!$A:$AA,8,0)&" "&if(VLOOKUP($A105,'Cálculos Comparativos'!$A:$AA,9,0)="Indiferente","",VLOOKUP($A105,'Cálculos Comparativos'!$A:$AA,9,0)),"") -> Líder Técnico | D105: =VLOOKUP(A105,'Cálculos Comparativos'!$A:$AA,3,0) -> 8611.2 | E105: =IFS($B$5="Mediana",VLOOKUP(A105,'Cálculos Comparativos'!A:AA,15,0),$B$5="Menor Salário",VLOOKUP(A105,'Cálculos Comparativos'!A:AA,12,0),$B$5="1º Quartil",VLOOKUP(A105,'Cálculos Comparativos'!A:AA,13,0),$B$5="Média",VLOOKUP(A105,'Cálculos Comparativos'!A:AA,14,0),$B$5="3º Quartil",VLOOKUP(A105,'Cálculos Comparativos'!A:AA,16,0),$B$5="Maior Salário",VLOOKUP(A105,'Cálculos Comparativos'!A:AA,17,0)) -> 8929.22 | F105: =VLOOKUP(A105,'Cálculos Comparativos'!$A:$AA,18,0) -> 0.96438435 | G105: =IFS($B$5="Mediana",VLOOKUP(A105,'Cálculos Comparativos'!A:AA,23,0),$B$5="Menor Salário",VLOOKUP(A105,'Cálculos Comparativos'!A:AA,20,0),$B$5="1º Quartil",VLOOKUP(A105,'Cálculos Comparativos'!A:AA,21,0),$B$5="Média",VLOOKUP(A105,'Cálculos Comparativos'!A:AA,22,0),$B$5="3º Quartil",VLOOKUP(A105,'Cálculos Comparativos'!A:AA,24,0),$B$5="Maior Salário",VLOOKUP(A105,'Cálculos Comparativos'!A:AA,25,0)) -> 9047.66 | H105: =VLOOKUP(A105,'Cálculos Comparativos'!$A:$AA,26,0) -> 0.9517599

Sheet Painel Áreas
E1: Cenário 1 | K1: Cenário 2 | P1: DEV | Q1: 1
B3: Posicionamento e Gráficos em Relação à:
E4: =$D$28 -> 5 | N4: =$F$28 -> 4
B5: ='Painel Geral'!$B$5 -> Mediana
E6: cargos com amostra | N6: cargos com amostra
B7: (Para alterar o dado de comparação use a aba Painel Geral)
B9: ANÁLISE DE
B10: COMPARATIVOS SALARIAIS
B11: POR ÁREAS | E11: =IF(SUM(C22:C24)>SUM(C25:C27),SUM(C22:C24),SUM(C25:C27)) -> 1 | N11: =IF(SUM(E22:E24)>SUM(E25:E27),SUM(E22:E24),SUM(E25:E27)) -> 1
B13: DEV | E13: =IF(SUM(C22:C24)>SUM(C25:C27),"dos cargos abaixo "&IF(B5="Mediana","da ",IF(B5="Média","da ","do "))&B5,"dos cargos acima "&IF(B5="Mediana","da ",IF(B5="Média","da ","do "))&B5) -> dos cargos abaixo da Mediana | N13: =IF(SUM(E22:E24)>SUM(E25:E27),"dos cargos abaixo "&IF(B5="Mediana","da ",IF(B5="Média","da ","do "))&B5,"dos cargos acima "&IF(B5="Mediana","da ",IF(B5="Média","da ","do "))&B5) -> dos cargos abaixo da Mediana
B15: =VLOOKUP(B13,P:Q,2,0) -> 1
A20: 2 | C20: Cenário 1 | E20: Cenário 2 | H20: Posição | I20: Percentual C-01 | J20: Percentual C-02
B21: Posição | C21: Percentual | D21: Qtd Cargos | E21: Percentual | F21: Qtd Cargos | H21: Muito Defasado | I21: =C22 -> 0.4 | J21: =E22 -> 0.25
B22: Muito Defasado | C22: =iferror(D22/D$28,0) -> 0.4 | D22: =COUNTIFS('Cálculos Comparativos'!S:S,$B22,'Cálculos Comparativos'!D:D,$B$15) -> 2 | E22: =iferror(F22/F$28,0) -> 0.25 | F22: =COUNTIFS('Cálculos Comparativos'!AA:AA,$B22,'Cálculos Comparativos'!D:D,$B$15) -> 1 | H22: Defasado | I22: =C23 -> 0.4 | J22: =E23 -> 0.5
B23: Defasado | C23: =iferror(D23/D$28,0) -> 0.4 | D23: =COUNTIFS('Cálculos Comparativos'!S:S,$B23,'Cálculos Comparativos'!D:D,$B$15) -> 2 | E23: =iferror(F23/F$28,0) -> 0.5 | F23: =COUNTIFS('Cálculos Comparativos'!AA:AA,$B23,'Cálculos Comparativos'!D:D,$B$15) -> 2 | H23: Na Média | I23: =C24 -> 0.2 | J23: =E24 -> 0.25
B24: Na Média | C24: =iferror(D24/D$28,0) -> 0.2 | D24: =COUNTIFS('Cálculos Comparativos'!S:S,$B24,'Cálculos Comparativos'!D:D,$B$15) -> 1 | E24: =iferror(F24/F$28,0) -> 0.25 | F24: =COUNTIFS('Cálculos Comparativos'!AA:AA,$B24,'Cálculos Comparativos'!D:D,$B$15) -> 1 | H24: Competitivo | I24: =C25 -> 0 | J24: =E25 -> 0
B25: Competitivo | C25: =iferror(D25/D$28,0) -> 0 | D25: =COUNTIFS('Cálculos Comparativos'!S:S,$B25,'Cálculos Comparativos'!D:D,$B$15) -> 0 | E25: =iferror(F25/F$28,0) -> 0 | F25: =COUNTIFS('Cálculos Comparativos'!AA:AA,$B25,'Cálculos Comparativos'!D:D,$B$15) -> 0 | H25: Muito Competitivo | I25: =C26 -> 0 | J25: =E26 -> 0
B26: Muito Competitivo | C26: =iferror(D26/D$28,0) -> 0 | D26: =COUNTIFS('Cálculos Comparativos'!S:S,$B26,'Cálculos Comparativos'!D:D,$B$15) -> 0 | E26: =iferror(F26/F$28,0) -> 0 | F26: =COUNTIFS('Cálculos Comparativos'!AA:AA,$B26,'Cálculos Comparativos'!D:D,$B$15) -> 0 | H26: Agressivo | I26: =C27 -> 0 | J26: =E27 -> 0
A27: 2 | B27: Agressivo | C27: =iferror(D27/D$28,0) -> 0 | D27: =COUNTIFS('Cálculos Comparativos'!S:S,$B27,'Cálculos Comparativos'!D:D,$B$15) -> 0 | E27: =iferror(F27/F$28,0) -> 0 | F27: =COUNTIFS('Cálculos Comparativos'!AA:AA,$B27,'Cálculos Comparativos'!D:D,$B$15) -> 0 | H27: Total Geral | I27: =SUM(I21:I26) -> 1 | J27: =SUM(J21:J26) -> 1
B28: Total Geral | C28: =SUM(C22:C27) -> 1 | D28: =SUM(D22:D27) -> 5 | E28: =SUM(E22:E27) -> 1 | F28: =SUM(F22:F27) -> 4
E30: Cenário 1 | H30: Cenário 2
B31: Cargos Empresa | C31: Cargos Pesquisa | D31: Média Empresa | E31: =B5 -> Mediana | F31: Posição | H31: =B5 -> Mediana | I31: Posição
A32: =IFERROR(__xludf.DUMMYFUNCTION("FILTER('Cálculos Comparativos'!A:A,'Cálculos Comparativos'!D:D=$B$15,'Cálculos Comparativos'!S:S<>"""")"),1.0) -> 1 | B32: =IFERROR(VLOOKUP($A32,'Cálculos Comparativos'!$A:$AA,2,0),"") -> Engenheiro de Software Full Stack Jr | C32: =IFERROR(VLOOKUP($A32,'Cálculos Comparativos'!$A:$AA,8,0)&" "&if(VLOOKUP($A32,'Cálculos Comparativos'!$A:$AA,9,0)="Indiferente","",VLOOKUP($A32,'Cálculos Comparativos'!$A:$AA,9,0)),"") -> Desenvolvedor Júnior | D32: =IFERROR(VLOOKUP(A32,'Cálculos Comparativos'!A:K,3,0),"") -> 2489.18 | E32: =IFERROR(IFS($B$5="Mediana",VLOOKUP(A32,'Cálculos Comparativos'!A:AA,15,0),$B$5="Menor Salário",VLOOKUP(A32,'Cálculos Comparativos'!A:AA,12,0),$B$5="1º Quartil",VLOOKUP(A32,'Cálculos Comparativos'!A:AA,13,0),$B$5="Média",VLOOKUP(A32,'Cálculos Comparativos'!A:AA,14,0),$B$5="3º Quartil",VLOOKUP(A32,'Cálculos Comparativos'!A:AA,16,0),$B$5="Maior Salário",VLOOKUP(A32,'Cálculos Comparativos'!A:AA,17,0)),"") -> 3379.04 | F32: =IFERROR(VLOOKUP($A32,'Cálculos Comparativos'!$A:$AA,18,0),"") -> 0.73665301 | G32: =IFERROR(VLOOKUP($A32,'Cálculos Comparativos'!$A:$AA,19,0),"") -> Muito Defasado | H32: =iferror(IFS($B$5="Mediana",VLOOKUP(A32,'Cálculos Comparativos'!A:AB,23,0),$B$5="Menor Salário",VLOOKUP(A32,'Cálculos Comparativos'!A:AB,20,0),$B$5="1º Quartil",VLOOKUP(A32,'Cálculos Comparativos'!A:AB,21,0),$B$5="Média",VLOOKUP(A32,'Cálculos Comparativos'!A:AB,22,0),$B$5="3º Quartil",VLOOKUP(O32,'Cálculos Comparativos'!S:AB,24,0),$B$5="Maior Salário",VLOOKUP(A32,'Cálculos Comparativos'!A:AB,25,0)),"") -> 3493.9 | I32: =iferror(VLOOKUP($A32,'Cálculos Comparativos'!$A:$AA,26,0),"") -> 0.71243596 | J32: =iferror(VLOOKUP($A32,'Cálculos Comparativos'!$A:$AA,27,0),"") -> Muito Defasado
A33: =IFERROR(__xludf.DUMMYFUNCTION("""COMPUTED_VALUE"""),2.0) -> 2 | B33: =IFERROR(VLOOKUP($A33,'Cálculos Comparativos'!$A:$AA,2,0),"") -> Engenheiro de Software Full Stack Pl | C33: =IFERROR(VLOOKUP($A33,'Cálculos Comparativos'!$A:$AA,8,0)&" "&if(VLOOKUP($A33,'Cálculos Comparativos'!$A:$AA,9,0)="Indiferente","",VLOOKUP($A33,'Cálculos Comparativos'!$A:$AA,9,0)),"") -> Desenvolvedor Pleno | D33: =IFERROR(VLOOKUP(A33,'Cálculos Comparativos'!A:K,3,0),"") -> 4305.6 | E33: =IFERROR(IFS($B$5="Mediana",VLOOKUP(A33,'Cálculos Comparativos'!A:AA,15,0),$B$5="Menor Salário",VLOOKUP(A33,'Cálculos Comparativos'!A:AA,12,0),$B$5="1º Quartil",VLOOKUP(A33,'Cálculos Comparativos'!A:AA,13,0),$B$5="Média",VLOOKUP(A33,'Cálculos Comparativos'!A:AA,14,0),$B$5="3º Quartil",VLOOKUP(A33,'Cálculos Comparativos'!A:AA,16,0),$B$5="Maior Salário",VLOOKUP(A33,'Cálculos Comparativos'!A:AA,17,0)),"") -> 5342.35 | F33: =IFERROR(VLOOKUP($A33,'Cálculos Comparativos'!$A:$AA,18,0),"") -> 0.80593746 | G33: =IFERROR(VLOOKUP($A33,'Cálculos Comparativos'!$A:$AA,19,0),"") -> Defasado | H33: =iferror(IFS($B$5="Mediana",VLOOKUP(A33,'Cálculos Comparativos'!A:AB,23,0),$B$5="Menor Salário",VLOOKUP(A33,'Cálculos Comparativos'!A:AB,20,0),$B$5="1º Quartil",VLOOKUP(A33,'Cálculos Comparativos'!A:AB,21,0),$B$5="Média",VLOOKUP(A33,'Cálculos Comparativos'!A:AB,22,0),$B$5="3º Quartil",VLOOKUP(O33,'Cálculos Comparativos'!S:AB,24,0),$B$5="Maior Salário",VLOOKUP(A33,'Cálculos Comparativos'!A:AB,25,0)),"") -> 5248.63 | I33: =iferror(VLOOKUP($A33,'Cálculos Comparativos'!$A:$AA,26,0),"") -> 0.82032835 | J33: =iferror(VLOOKUP($A33,'Cálculos Comparativos'!$A:$AA,27,0),"") -> Defasado
A34: =IFERROR(__xludf.DUMMYFUNCTION("""COMPUTED_VALUE"""),3.0) -> 3 | B34: =IFERROR(VLOOKUP($A34,'Cálculos Comparativos'!$A:$AA,2,0),"") -> Engenheiro de Software Full Stack Sr | C34: =IFERROR(VLOOKUP($A34,'Cálculos Comparativos'!$A:$AA,8,0)&" "&if(VLOOKUP($A34,'Cálculos Comparativos'!$A:$AA,9,0)="Indiferente","",VLOOKUP($A34,'Cálculos Comparativos'!$A:$AA,9,0)),"") -> Desenvolvedor Sênior | D34: =IFERROR(VLOOKUP(A34,'Cálculos Comparativos'!A:K,3,0),"") -> 6458.4 | E34: =IFERROR(IFS($B$5="Mediana",VLOOKUP(A34,'Cálculos Comparativos'!A:AA,15,0),$B$5="Menor Salário",VLOOKUP(A34,'Cálculos Comparativos'!A:AA,12,0),$B$5="1º Quartil",VLOOKUP(A34,'Cálculos Comparativos'!A:AA,13,0),$B$5="Média",VLOOKUP(A34,'Cálculos Comparativos'!A:AA,14,0),$B$5="3º Quartil",VLOOKUP(A34,'Cálculos Comparativos'!A:AA,16,0),$B$5="Maior Salário",VLOOKUP(A34,'Cálculos Comparativos'!A:AA,17,0)),"") -> 7999.87 | F34: =IFERROR(VLOOKUP($A34,'Cálculos Comparativos'!$A:$AA,18,0),"") -> 0.80731312 | G34: =IFERROR(VLOOKUP($A34,'Cálculos Comparativos'!$A:$AA,19,0),"") -> Defasado | H34: =iferror(IFS($B$5="Mediana",VLOOKUP(A34,'Cálculos Comparativos'!A:AB,23,0),$B$5="Menor Salário",VLOOKUP(A34,'Cálculos Comparativos'!A:AB,20,0),$B$5="1º Quartil",VLOOKUP(A34,'Cálculos Comparativos'!A:AB,21,0),$B$5="Média",VLOOKUP(A34,'Cálculos Comparativos'!A:AB,22,0),$B$5="3º Quartil",VLOOKUP(O34,'Cálculos Comparativos'!S:AB,24,0),$B$5="Maior Salário",VLOOKUP(A34,'Cálculos Comparativos'!A:AB,25,0)),"") -> 7851.14 | I34: =iferror(VLOOKUP($A34,'Cálculos Comparativos'!$A:$AA,26,0),"") -> 0.82260665 | J34: =iferror(VLOOKUP($A34,'Cálculos Comparativos'!$A:$AA,27,0),"") -> Defasado
A35: =IFERROR(__xludf.DUMMYFUNCTION("""COMPUTED_VALUE"""),4.0) -> 4 | B35: =IFERROR(VLOOKUP($A35,'Cálculos Comparativos'!$A:$AA,2,0),"") -> Analista de Requisitos | C35: =IFERROR(VLOOKUP($A35,'Cálculos Comparativos'!$A:$AA,8,0)&" "&if(VLOOKUP($A35,'Cálculos Comparativos'!$A:$AA,9,0)="Indiferente","",VLOOKUP($A35,'Cálculos Comparativos'!$A:$AA,9,0)),"") -> Analista de Requisitos Júnior | D35: =IFERROR(VLOOKUP(A35,'Cálculos Comparativos'!A:K,3,0),"") -> 2859.19 | E35: =IFERROR(IFS($B$5="Mediana",VLOOKUP(A35,'Cálculos Comparativos'!A:AA,15,0),$B$5="Menor Salário",VLOOKUP(A35,'Cálculos Comparativos'!A:AA,12,0),$B$5="1º Quartil",VLOOKUP(A35,'Cálculos Comparativos'!A:AA,13,0),$B$5="Média",VLOOKUP(A35,'Cálculos Comparativos'!A:AA,14,0),$B$5="3º Quartil",VLOOKUP(A35,'Cálculos Comparativos'!A:AA,16,0),$B$5="Maior Salário",VLOOKUP(A35,'Cálculos Comparativos'!A:AA,17,0)),"") -> 3618.72 | F35: =IFERROR(VLOOKUP($A35,'Cálculos Comparativos'!$A:$AA,18,0),"") -> 0.79011087 | G35: =IFERROR(VLOOKUP($A35,'Cálculos Comparativos'!$A:$AA,19,0),"") -> Muito Defasado | H35: =iferror(IFS($B$5="Mediana",VLOOKUP(A35,'Cálculos Comparativos'!A:AB,23,0),$B$5="Menor Salário",VLOOKUP(A35,'Cálculos Comparativos'!A:AB,20,0),$B$5="1º Quartil",VLOOKUP(A35,'Cálculos Comparativos'!A:AB,21,0),$B$5="Média",VLOOKUP(A35,'Cálculos Comparativos'!A:AB,22,0),$B$5="3º Quartil",VLOOKUP(O35,'Cálculos Comparativos'!S:AB,24,0),$B$5="Maior Salário",VLOOKUP(A35,'Cálculos Comparativos'!A:AB,25,0)),"") -> 0 | I35: =iferror(VLOOKUP($A35,'Cálculos Comparativos'!$A:$AA,26,0),"") | J35: =iferror(VLOOKUP($A35,'Cálculos Comparativos'!$A:$AA,27,0),"")
A36: =IFERROR(__xludf.DUMMYFUNCTION("""COMPUTED_VALUE"""),5.0) -> 5 | B36: =IFERROR(VLOOKUP($A36,'Cálculos Comparativos'!$A:$AA,2,0),"") -> Lider | C36: =IFERROR(VLOOKUP($A36,'Cálculos Comparativos'!$A:$AA,8,0)&" "&if(VLOOKUP($A36,'Cálculos Comparativos'!$A:$AA,9,0)="Indiferente","",VLOOKUP($A36,'Cálculos Comparativos'!$A:$AA,9,0)),"") -> Líder Técnico | D36: =IFERROR(VLOOKUP(A36,'Cálculos Comparativos'!A:K,3,0),"") -> 8611.2 | E36: =IFERROR(IFS($B$5="Mediana",VLOOKUP(A36,'Cálculos Comparativos'!A:AA,15,0),$B$5="Menor Salário",VLOOKUP(A36,'Cálculos Comparativos'!A:AA,12,0),$B$5="1º Quartil",VLOOKUP(A36,'Cálculos Comparativos'!A:AA,13,0),$B$5="Média",VLOOKUP(A36,'Cálculos Comparativos'!A:AA,14,0),$B$5="3º Quartil",VLOOKUP(A36,'Cálculos Comparativos'!A:AA,16,0),$B$5="Maior Salário",VLOOKUP(A36,'Cálculos Comparativos'!A:AA,17,0)),"") -> 8929.22 | F36: =IFERROR(VLOOKUP($A36,'Cálculos Comparativos'!$A:$AA,18,0),"") -> 0.96438435 | G36: =IFERROR(VLOOKUP($A36,'Cálculos Comparativos'!$A:$AA,19,0),"") -> Na Média | H36: =iferror(IFS($B$5="Mediana",VLOOKUP(A36,'Cálculos Comparativos'!A:AB,23,0),$B$5="Menor Salário",VLOOKUP(A36,'Cálculos Comparativos'!A:AB,20,0),$B$5="1º Quartil",VLOOKUP(A36,'Cálculos Comparativos'!A:AB,21,0),$B$5="Média",VLOOKUP(A36,'Cálculos Comparativos'!A:AB,22,0),$B$5="3º Quartil",VLOOKUP(O36,'Cálculos Comparativos'!S:AB,24,0),$B$5="Maior Salário",VLOOKUP(A36,'Cálculos Comparativos'!A:AB,25,0)),"") -> 9047.66 | I36: =iferror(VLOOKUP($A36,'Cálculos Comparativos'!$A:$AA,26,0),"") -> 0.9517599 | J36: =iferror(VLOOKUP($A36,'Cálculos Comparativos'!$A:$AA,27,0),"") -> Na Média
B65: Cód Cargo | C65: Cargo Empresa | F65: Muito Defasado | G65: Defasado | H65: Na Média | I65: Competitivo | J65: Muito Competitivo | K65: Agressivo
B66: =A32 -> 1 | C66: =IFERROR(VLOOKUP(B66,'Cálculos Comparativos'!A:B,2,0),"") -> Engenheiro de Software Full Stack Jr | D66: - C-01 | E66: =IF(C66="","",C66&" "&D66) -> Engenheiro de Software Full Stack Jr - C-01 | F66: =IF(E66="","",IFERROR(COUNTIFS('Comparativo por Funcionário'!A:A,B66,'Comparativo por Funcionário'!R:R,F$65),0)) -> 23 | G66: =IF(E66="","",IFERROR(COUNTIFS('Comparativo por Funcionário'!$A:$A,$B66,'Comparativo por Funcionário'!$R:$R,G$65),0)) -> 0 | H66: =IF(E66="","",IFERROR(COUNTIFS('Comparativo por Funcionário'!$A:$A,$B66,'Comparativo por Funcionário'!$R:$R,H$65),0)) -> 0 | I66: =IF(E66="","",IFERROR(COUNTIFS('Comparativo por Funcionário'!$A:$A,$B66,'Comparativo por Funcionário'!$R:$R,I$65),0)) -> 0 | J66: =IF(E66="","",IFERROR(COUNTIFS('Comparativo por Funcionário'!$A:$A,$B66,'Comparativo por Funcionário'!$R:$R,J$65),0)) -> 0 | K66: =IF(E66="","",IFERROR(COUNTIFS('Comparativo por Funcionário'!$A:$A,$B66,'Comparativo por Funcionário'!$R:$R,K$65),0)) -> 0
B67: =A32 -> 1 | C67: =IFERROR(VLOOKUP(B67,'Cálculos Comparativos'!A:B,2,0),"") -> Engenheiro de Software Full Stack Jr | D67: - C-02 | E67: =IF(C67="","",C67&" "&D67) -> Engenheiro de Software Full Stack Jr - C-02 | F67: =IF(E67="","",IFERROR(COUNTIFS('Comparativo por Funcionário'!A:A,B67,'Comparativo por Funcionário'!Z:Z,F$65),0)) -> 23 | G67: =IF(E67="","",IFERROR(COUNTIFS('Comparativo por Funcionário'!$A:$A,$B67,'Comparativo por Funcionário'!$Z:$Z,G$65),0)) -> 0 | H67: =IF(E67="","",IFERROR(COUNTIFS('Comparativo por Funcionário'!$A:$A,$B67,'Comparativo por Funcionário'!$Z:$Z,H$65),0)) -> 0 | I67: =IF(E67="","",IFERROR(COUNTIFS('Comparativo por Funcionário'!$A:$A,$B67,'Comparativo por Funcionário'!$Z:$Z,I$65),0)) -> 0 | J67: =IF(E67="","",IFERROR(COUNTIFS('Comparativo por Funcionário'!$A:$A,$B67,'Comparativo por Funcionário'!$Z:$Z,J$65),0)) -> 0 | K67: =IF(E67="","",IFERROR(COUNTIFS('Comparativo por Funcionário'!$A:$A,$B67,'Comparativo por Funcionário'!$Z:$Z,K$65),0)) -> 0
B68: =A33 -> 2 | C68: =IFERROR(VLOOKUP(B68,'Cálculos Comparativos'!A:B,2,0),"") -> Engenheiro de Software Full Stack Pl | D68: - C-01 | E68: =IF(C68="","",C68&" "&D68) -> Engenheiro de Software Full Stack Pl - C-01 | F68: =IF(E68="","",IFERROR(COUNTIFS('Comparativo por Funcionário'!A:A,B68,'Comparativo por Funcionário'!R:R,F$65),0)) -> 0 | G68: =IF(E68="","",IFERROR(COUNTIFS('Comparativo por Funcionário'!$A:$A,$B68,'Comparativo por Funcionário'!$R:$R,G$65),0)) -> 5 | H68: =IF(E68="","",IFERROR(COUNTIFS('Comparativo por Funcionário'!$A:$A,$B68,'Comparativo por Funcionário'!$R:$R,H$65),0)) -> 0 | I68: =IF(E68="","",IFERROR(COUNTIFS('Comparativo por Funcionário'!$A:$A,$B68,'Comparativo por Funcionário'!$R:$R,I$65),0)) -> 0 | J68: =IF(E68="","",IFERROR(COUNTIFS('Comparativo por Funcionário'!$A:$A,$B68,'Comparativo por Funcionário'!$R:$R,J$65),0)) -> 0 | K68: =IF(E68="","",IFERROR(COUNTIFS('Comparativo por Funcionário'!$A:$A,$B68,'Comparativo por Funcionário'!$R:$R,K$65),0)) -> 0
B69: =A33 -> 2 | C69: =IFERROR(VLOOKUP(B69,'Cálculos Comparativos'!A:B,2,0),"") -> Engenheiro de Software Full Stack Pl | D69: - C-02 | E69: =IF(C69="","",C69&" "&D69) -> Engenheiro de Software Full Stack Pl - C-02 | F69: =IF(E69="","",IFERROR(COUNTIFS('Comparativo por Funcionário'!A:A,B69,'Comparativo por Funcionário'!Z:Z,F$65),0)) -> 0 | G69: =IF(E69="","",IFERROR(COUNTIFS('Comparativo por Funcionário'!$A:$A,$B69,'Comparativo por Funcionário'!$Z:$Z,G$65),0)) -> 5 | H69: =IF(E69="","",IFERROR(COUNTIFS('Comparativo por Funcionário'!$A:$A,$B69,'Comparativo por Funcionário'!$Z:$Z,H$65),0)) -> 0 | I69: =IF(E69="","",IFERROR(COUNTIFS('Comparativo por Funcionário'!$A:$A,$B69,'Comparativo por Funcionário'!$Z:$Z,I$65),0)) -> 0 | J69: =IF(E69="","",IFERROR(COUNTIFS('Comparativo por Funcionário'!$A:$A,$B69,'Comparativo por Funcionário'!$Z:$Z,J$65),0)) -> 0 | K69: =IF(E69="","",IFERROR(COUNTIFS('Comparativo por Funcionário'!$A:$A,$B69,'Comparativo por Funcionário'!$Z:$Z,K$65),0)) -> 0
B70: =A34 -> 3 | C70: =IFERROR(VLOOKUP(B70,'Cálculos Comparativos'!A:B,2,0),"") -> Engenheiro de Software Full Stack Sr | D70: - C-01 | E70: =IF(C70="","",C70&" "&D70) -> Engenheiro de Software Full Stack Sr - C-01 | F70: =IF(E70="","",IFERROR(COUNTIFS('Comparativo por Funcionário'!A:A,B70,'Comparativo por Funcionário'!R:R,F$65),0)) -> 0 | G70: =IF(E70="","",IFERROR(COUNTIFS('Comparativo por Funcionário'!$A:$A,$B70,'Comparativo por Funcionário'!$R:$R,G$65),0)) -> 2 | H70: =IF(E70="","",IFERROR(COUNTIFS('Comparativo por Funcionário'!$A:$A,$B70,'Comparativo por Funcionário'!$R:$R,H$65),0)) -> 0 | I70: =IF(E70="","",IFERROR(COUNTIFS('Comparativo por Funcionário'!$A:$A,$B70,'Comparativo por Funcionário'!$R:$R,I$65),0)) -> 0 | J70: =IF(E70="","",IFERROR(COUNTIFS('Comparativo por Funcionário'!$A:$A,$B70,'Comparativo por Funcionário'!$R:$R,J$65),0)) -> 0 | K70: =IF(E70="","",IFERROR(COUNTIFS('Comparativo por Funcionário'!$A:$A,$B70,'Comparativo por Funcionário'!$R:$R,K$65),0)) -> 0
B71: =A34 -> 3 | C71: =IFERROR(VLOOKUP(B71,'Cálculos Comparativos'!A:B,2,0),"") -> Engenheiro de Software Full Stack Sr | D71: - C-02 | E71: =IF(C71="","",C71&" "&D71) -> Engenheiro de Software Full Stack Sr - C-02 | F71: =IF(E71="","",IFERROR(COUNTIFS('Comparativo por Funcionário'!A:A,B71,'Comparativo por Funcionário'!Z:Z,F$65),0)) -> 0 | G71: =IF(E71="","",IFERROR(COUNTIFS('Comparativo por Funcionário'!$A:$A,$B71,'Comparativo por Funcionário'!$Z:$Z,G$65),0)) -> 2 | H71: =IF(E71="","",IFERROR(COUNTIFS('Comparativo por Funcionário'!$A:$A,$B71,'Comparativo por Funcionário'!$Z:$Z,H$65),0)) -> 0 | I71: =IF(E71="","",IFERROR(COUNTIFS('Comparativo por Funcionário'!$A:$A,$B71,'Comparativo por Funcionário'!$Z:$Z,I$65),0)) -> 0 | J71: =IF(E71="","",IFERROR(COUNTIFS('Comparativo por Funcionário'!$A:$A,$B71,'Comparativo por Funcionário'!$Z:$Z,J$65),0)) -> 0 | K71: =IF(E71="","",IFERROR(COUNTIFS('Comparativo por Funcionário'!$A:$A,$B71,'Comparativo por Funcionário'!$Z:$Z,K$65),0)) -> 0
B72: =A35 -> 4 | C72: =IFERROR(VLOOKUP(B72,'Cálculos Comparativos'!A:B,2,0),"") -> Analista de Requisitos | D72: - C-01 | E72: =IF(C72="","",C72&" "&D72) -> Analista de Requisitos - C-01 | F72: =IF(E72="","",IFERROR(COUNTIFS('Comparativo por Funcionário'!A:A,B72,'Comparativo por Funcionário'!R:R,F$65),0)) -> 1 | G72: =IF(E72="","",IFERROR(COUNTIFS('Comparativo por Funcionário'!$A:$A,$B72,'Comparativo por Funcionário'!$R:$R,G$65),0)) -> 1 | H72: =IF(E72="","",IFERROR(COUNTIFS('Comparativo por Funcionário'!$A:$A,$B72,'Comparativo por Funcionário'!$R:$R,H$65),0)) -> 0 | I72: =IF(E72="","",IFERROR(COUNTIFS('Comparativo por Funcionário'!$A:$A,$B72,'Comparativo por Funcionário'!$R:$R,I$65),0)) -> 0 | J72: =IF(E72="","",IFERROR(COUNTIFS('Comparativo por Funcionário'!$A:$A,$B72,'Comparativo por Funcionário'!$R:$R,J$65),0)) -> 0 | K72: =IF(E72="","",IFERROR(COUNTIFS('Comparativo por Funcionário'!$A:$A,$B72,'Comparativo por Funcionário'!$R:$R,K$65),0)) -> 0
B73: =A35 -> 4 | C73: =IFERROR(VLOOKUP(B73,'Cálculos Comparativos'!A:B,2,0),"") -> Analista de Requisitos | D73: - C-02 | E73: =IF(C73="","",C73&" "&D73) -> Analista de Requisitos - C-02 | F73: =IF(E73="","",IFERROR(COUNTIFS('Comparativo por Funcionário'!A:A,B73,'Comparativo por Funcionário'!Z:Z,F$65),0)) -> 0 | G73: =IF(E73="","",IFERROR(COUNTIFS('Comparativo por Funcionário'!$A:$A,$B73,'Comparativo por Funcionário'!$Z:$Z,G$65),0)) -> 0 | H73: =IF(E73="","",IFERROR(COUNTIFS('Comparativo por Funcionário'!$A:$A,$B73,'Comparativo por Funcionário'!$Z:$Z,H$65),0)) -> 0 | I73: =IF(E73="","",IFERROR(COUNTIFS('Comparativo por Funcionário'!$A:$A,$B73,'Comparativo por Funcionário'!$Z:$Z,I$65),0)) -> 0 | J73: =IF(E73="","",IFERROR(COUNTIFS('Comparativo por Funcionário'!$A:$A,$B73,'Comparativo por Funcionário'!$Z:$Z,J$65),0)) -> 0 | K73: =IF(E73="","",IFERROR(COUNTIFS('Comparativo por Funcionário'!$A:$A,$B73,'Comparativo por Funcionário'!$Z:$Z,K$65),0)) -> 0
B74: =A36 -> 5 | C74: =IFERROR(VLOOKUP(B74,'Cálculos Comparativos'!A:B,2,0),"") -> Lider | D74: - C-01 | E74: =IF(C74="","",C74&" "&D74) -> Lider - C-01 | F74: =IF(E74="","",IFERROR(COUNTIFS('Comparativo por Funcionário'!A:A,B74,'Comparativo por Funcionário'!R:R,F$65),0)) -> 0 | G74: =IF(E74="","",IFERROR(COUNTIFS('Comparativo por Funcionário'!$A:$A,$B74,'Comparativo por Funcionário'!$R:$R,G$65),0)) -> 0 | H74: =IF(E74="","",IFERROR(COUNTIFS('Comparativo por Funcionário'!$A:$A,$B74,'Comparativo por Funcionário'!$R:$R,H$65),0)) -> 1 | I74: =IF(E74="","",IFERROR(COUNTIFS('Comparativo por Funcionário'!$A:$A,$B74,'Comparativo por Funcionário'!$R:$R,I$65),0)) -> 0 | J74: =IF(E74="","",IFERROR(COUNTIFS('Comparativo por Funcionário'!$A:$A,$B74,'Comparativo por Funcionário'!$R:$R,J$65),0)) -> 0 | K74: =IF(E74="","",IFERROR(COUNTIFS('Comparativo por Funcionário'!$A:$A,$B74,'Comparativo por Funcionário'!$R:$R,K$65),0)) -> 0
B75: =A36 -> 5 | C75: =IFERROR(VLOOKUP(B75,'Cálculos Comparativos'!A:B,2,0),"") -> Lider | D75: - C-02 | E75: =IF(C75="","",C75&" "&D75) -> Lider - C-02 | F75: =IF(E75="","",IFERROR(COUNTIFS('Comparativo por Funcionário'!A:A,B75,'Comparativo por Funcionário'!Z:Z,F$65),0)) -> 0 | G75: =IF(E75="","",IFERROR(COUNTIFS('Comparativo por Funcionário'!$A:$A,$B75,'Comparativo por Funcionário'!$Z:$Z,G$65),0)) -> 0 | H75: =IF(E75="","",IFERROR(COUNTIFS('Comparativo por Funcionário'!$A:$A,$B75,'Comparativo por Funcionário'!$Z:$Z,H$65),0)) -> 1 | I75: =IF(E75="","",IFERROR(COUNTIFS('Comparativo por Funcionário'!$A:$A,$B75,'Comparativo por Funcionário'!$Z:$Z,I$65),0)) -> 0 | J75: =IF(E75="","",IFERROR(COUNTIFS('Comparativo por Funcionário'!$A:$A,$B75,'Comparativo por Funcionário'!$Z:$Z,J$65),0)) -> 0 | K75: =IF(E75="","",IFERROR(COUNTIFS('Comparativo por Funcionário'!$A:$A,$B75,'Comparativo por Funcionário'!$Z:$Z,K$65),0)) -> 0

Sheet Informações Relevantes Cenários
A1: Cenário 01: Pesquisa TI - Nacional | C1: Cenário 02: Pesquisa TI - Corte por Santa Catarina
A2: Plooral Salary Research :: Remuneração Inteligente | C2: Plooral Salary Research :: Remuneração Inteligente
A4: 11º Pesquisa Salarial Nacional de Tecnologia - 2024 | C4: 11º Pesquisa Salarial Nacional de Tecnologia - 2024
A5: Período de Coleta: 11/07/2024 à 20/09/2024 | C5: Período de Coleta: 11/07/2024 à 20/09/2024
A6: Divulgação dos Resultados: 23/10/2024 | C6: Divulgação dos Resultados: 23/10/2024
A7: Carga Horária: 160 horas | C7: Carga Horária: 160 horas
A8: INPC Acumulado Aplicado: 4,94% | C8: INPC Acumulado Aplicado: 4,94%
A9: * O índice acumulado aplicado pode variar havendo diferentes coletas no escopo da pesquisa. | C9: * O índice acumulado aplicado pode variar havendo diferentes coletas no escopo da pesquisa.
A11: FILTROS UTILIZADOS | C11: FILTROS UTILIZADOS
A12: Segmentos de Negócio: Não Definido | C12: Segmentos de Negócio: Não Definido
A13: Áreas de Atuação: Não Definido | C13: Áreas de Atuação: Não Definido
A14: Formas de Contratação: CLT | C14: Formas de Contratação: CLT
... A23: © 2015-2025 Plooral Salary Research | C23: © 2015-2025 Plooral Salary Research

Sheet C-01
A1: Código do Cargo | B1: Nome do Cargo | C1: Senioridade | D1: Código do CargoSenioridade | E1: Dados Estatísticos - Empresas | F1: Dados Estatísticos - Salários | G1: Menor Salário | H1: 1o Quartil | I1: Média | J1: Mediana | K1: 3o Quartil | L1: Maior Salário
A2: 1 | B2: Desenvolvedor | C2: Indiferente | D2: =A2&C2 -> 1Indiferente | E2: 117 | F2: 2117 | G2: 2893.86 | H2: 3926.72 | I2: 5272.43 | J2: 5105.88 | K2: 6380.3 | L2: 8466.57
A3: 1 | B3: Desenvolvedor | C3: Júnior | D3: =A3&C3 -> 1Júnior | E3: 91 | F3: 883 | G3: 2030.9 | H3: 2706.62 | I3: 3370.79 | J3: 3379.04 | K3: 3870.49 | L3: 5268.74
A4: 1 | B4: Desenvolvedor | C4: Pleno | D4: =A4&C4 -> 1Pleno | E4: 84 | F4: 836 | G4: 3358.05 | H4: 4730.15 | I4: 5379.82 | J4: 5342.35 | K4: 5995.34 | L4: 7790.91
A5: 1 | B5: Desenvolvedor | C5: Sênior | D5: =A5&C5 -> 1Sênior | E5: 64 | F5: 613 | G5: 5873.21 | H5: 7005.56 | I5: 8047.78 | J5: 7999.87 | K5: 9271.4 | L5: 10095.14
A6: 1 | B6: Desenvolvedor | C6: Master | D6: =A6&C6 -> 1Master | E6: 2 | F6: 6 | G6: 0 | H6: 0 | I6: 0 | J6: 0 | K6: 0 | L6: 0
A7: 1 | B7: Desenvolvedor | C7: Especialista | D7: =A7&C7 -> 1Especialista | E7: 15 | F7: 40 | G7: 8294.38 | H7: 10078.94 | I7: 11458.76 | J7: 11626.1 | K7: 12714.48 | L7: 14476.68
A8: 1016 | B8: Líder Técnico | C8: Indiferente | D8: =A8&C8 -> 1016Indiferente | E8: 28 | F8: 71 | G8: 5639.53 | H8: 7452.03 | I8: 8919.44 | J8: 8929.22 | K8: 10057.47 | L8: 12817.68
A9: 1016 | B9: Líder Técnico | C9: Júnior | D9: =A9&C9 -> 1016Júnior | E9: 5 | F9: 6 | G9: 4848.58 | H9: 5725.38 | I9: 6258.83 | J9: 6038.19 | K9: 7160.54 | L9: 7472.24
A10: 1016 | B10: Líder Técnico | C10: Pleno | D10: =A10&C10 -> 1016Pleno | E10: 5 | F10: 14 | G10: 4960.76 | H10: 6756.91 | I10: 8222.66 | J10: 8364.84 | K10: 10040.79 | L10: 11026.42
A11: 1016 | B11: Líder Técnico | C11: Sênior | D11: =A11&C11 -> 1016Sênior | E11: 5 | F11: 9 | G11: 7250.34 | H11: 8906.82 | I11: 9300.57 | J11: 9082 | K11: 9530.31 | L11: 11415.69
A12: 1016 | B12: Líder Técnico | C12: Master | D12: =A12&C12 -> 1016Master | E12: 1 | F12: 5 | G12: 0 | H12: 0 | I12: 0 | J12: 0 | K12: 0 | L12: 0
A13: 1016 | B13: Líder Técnico | C13: Especialista | D13: =A13&C13 -> 1016Especialista | E13: 4 | F13: 10 | G13: 6802.45 | H13: 8300.18 | I13: 10158.38 | J13: 9512.13 | K13: 10950.64 | L13: 16404.08
... A19: 796 | B19: Analista de Requisitos | C19: Especialista | D19: =A19&C19 -> 796Especialista | E19: 0 | F19: 0 | G19: 0 | H19: 0 | I19: 0 | J19: 0 | K19: 0 | L19: 0
D20: =A20&C20
D21: =A21&C21
D22: =A22&C22
D23: =A23&C23
D24: =A24&C24
D25: =A25&C25
D26: =A26&C26
D27: =A27&C27
D28: =A28&C28
D29: =A29&C29
D30: =A30&C30
D31: =A31&C31
... D535: =A535&C535

Sheet C-02
A1: Código do Cargo | B1: Nome do Cargo | C1: Senioridade | D1: Código do CargoSenioridade | E1: Dados Estatísticos - Empresas | F1: Dados Estatísticos - Salários | G1: Menor Salário | H1: 1o Quartil | I1: Média | J1: Mediana | K1: 3o Quartil | L1: Maior Salário
A2: 1 | B2: Desenvolvedor | C2: Indiferente | D2: =A2&C2 -> 1Indiferente | E2: 61 | F2: 351 | G2: 2747.5 | H2: 3758.73 | I2: 5006.49 | J2: 5052 | K2: 6189.59 | L2: 7922.79
A3: 1 | B3: Desenvolvedor | C3: Júnior | D3: =A3&C3 -> 1Júnior | E3: 40 | F3: 130 | G3: 2468.17 | H3: 2944.09 | I3: 3642.17 | J3: 3493.9 | K3: 4224.13 | L3: 5456.83
A4: 1 | B4: Desenvolvedor | C4: Pleno | D4: =A4&C4 -> 1Pleno | E4: 38 | F4: 128 | G4: 3480.14 | H4: 4665.99 | I4: 5399.83 | J4: 5248.63 | K4: 6311.23 | L4: 7135.86
A5: 1 | B5: Desenvolvedor | C5: Sênior | D5: =A5&C5 -> 1Sênior | E5: 23 | F5: 52 | G5: 5928.64 | H5: 6791.87 | I5: 7984.54 | J5: 7851.14 | K5: 9534.06 | L5: 9921.51
A6: 1 | B6: Desenvolvedor | C6: Master | D6: =A6&C6 -> 1Master | E6: 1 | F6: 1 | G6: 0 | H6: 0 | I6: 0 | J6: 0 | K6: 0 | L6: 0
A7: 1 | B7: Desenvolvedor | C7: Especialista | D7: =A7&C7 -> 1Especialista | E7: 4 | F7: 12 | G7: 8294.38 | H7: 10580.85 | I7: 12969.46 | J7: 13201.08 | K7: 15243.04 | L7: 16888.61
A8: 1016 | B8: Líder Técnico | C8: Indiferente | D8: =A8&C8 -> 1016Indiferente | E8: 11 | F8: 17 | G8: 5288.93 | H8: 7107.92 | I8: 8904.46 | J8: 9047.66 | K8: 10074.15 | L8: 12817.68
A9: 1016 | B9: Líder Técnico | C9: Júnior | D9: =A9&C9 -> 1016Júnior | E9: 0 | F9: 0 | G9: 0 | H9: 0 | I9: 0 | J9: 0 | K9: 0 | L9: 0
A10: 1016 | B10: Líder Técnico | C10: Pleno | D10: =A10&C10 -> 1016Pleno | E10: 2 | F10: 6 | G10: 0 | H10: 0 | I10: 0 | J10: 0 | K10: 0 | L10: 0
A11: 1016 | B11: Líder Técnico | C11: Sênior | D11: =A11&C11 -> 1016Sênior | E11: 4 | F11: 6 | G11: 3771.28 | H11: 6461.25 | I11: 8003.44 | J11: 9082 | K11: 9082 | L11: 11415.69
A12: 1016 | B12: Líder Técnico | C12: Master | D12: =A12&C12 -> 1016Master | E12: 0 | F12: 0 | G12: 0 | H12: 0 | I12: 0 | J12: 0 | K12: 0 | L12: 0
A13: 1016 | B13: Líder Técnico | C13: Especialista | D13: =A13&C13 -> 1016Especialista | E13: 2 | F13: 3 | G13: 0 | H13: 0 | I13: 0 | J13: 0 | K13: 0 | L13: 0
... A19: 796 | B19: Analista de Requisitos | C19: Especialista | D19: =A19&C19 -> 796Especialista | E19: 0 | F19: 0 | G19: 0 | H19: 0 | I19: 0 | J19: 0 | K19: 0 | L19: 0
D20: =A20&C20
D21: =A21&C21
D22: =A22&C22
D23: =A23&C23
D24: =A24&C24
D25: =A25&C25
D26: =A26&C26
D27: =A27&C27
D28: =A28&C28
D29: =A29&C29
D30: =A30&C30
D31: =A31&C31
... D535: =A535&C535

Sheet Comparativo por Funcionário
A1: DADOS PARA COMPARAÇÃO - POR FUNCIONÁRIO | K1: ='Informações Relevantes Cenários'!A1 -> Cenário 01: Pesquisa TI - Nacional | Q1: ="% da "&'Painel Geral'!B5 -> % da Mediana | R1: Posicionamento | S1: ='Informações Relevantes Cenários'!C1 -> Cenário 02: Pesquisa TI - Corte por Santa Catarina | Y1: ="% da "&'Painel Geral'!B5 -> % da Mediana | Z1: Posicionamento
A3: Cod. | B3: Cod. do funcionário | C3: Cargos Empresa | D3: Área | E3: Nível Organizacional | F3: Cod. Pesquisa | G3: Cargos Pesquisa | H3: Senioridade | I3: Código+Senioridade | J3: Salário Funcionário | K3: Menor Salário | L3: 1º Quartil | M3: Média | N3: Mediana | O3: 3º Quartil | P3: Maior Salário | Q3: C-01 | R3: C-01 (Posicionamento) | S3: Menor Salário | T3: 1º Quartil | U3: Média | V3: Mediana | W3: 3º Quartil | X3: Maior Salário | Y3: C-02 | Z3: C-02 (Posicionamento) | AA3: Cod. Setor
A4: 3 | B4: 15 | C4: =VLOOKUP(A4,Jobmatch!A:E,2,0) -> Engenheiro de Software Full Stack Sr | D4: =VLOOKUP(B4,'Folha de Pagamento'!B:G,6,0) -> DEV | E4: =VLOOKUP(A4,Jobmatch!A:E,4,0) -> Tático | F4: =VLOOKUP(A4,Jobmatch!A:F,5,0) -> 1 | G4: =VLOOKUP(A4,Jobmatch!A:G,6,0) -> Desenvolvedor | H4: =VLOOKUP(A4,Jobmatch!A:H,7,0) -> Sênior | I4: =F4&H4 -> 1Sênior | J4: =IFERROR(VLOOKUP(B4,'Folha de Pagamento'!B:I,8,0),"") -> 6458.4 | K4: =IFERROR(VLOOKUP(I4,'C-01'!$D:$L,4,0),"") -> 5873.21 | L4: =IFERROR(VLOOKUP(I4,'C-01'!$D:$L,5,0),"") -> 7005.56 | M4: =IFERROR(VLOOKUP(I4,'C-01'!$D:$L,6,0),"") -> 8047.78 | N4: =IFERROR(VLOOKUP(I4,'C-01'!$D:$L,7,0),"") -> 7999.87 | O4: =IFERROR(VLOOKUP(I4,'C-01'!$D:$L,8,0),"") -> 9271.4 | P4: =IFERROR(VLOOKUP(I4,'C-01'!$D:$L,9,0),"") -> 10095.14 | Q4: =IFS('Painel Geral'!$B$5="Mediana",IFERROR(IF(OR(J4="",N4=0,N4=""),"",($J4/$N4)),""),'Painel Geral'!$B$5="Menor Salário",IFERROR(IF(OR(J4="",N4=0,N4=""),"",($J4/$K4)),""),'Painel Geral'!$B$5="1º Quartil",IFERROR(IF(OR(J4="",N4=0,N4=""),"",($J4/$L4)),""),'Painel Geral'!$B$5="Média",IFERROR(IF(OR(J4="",N4=0,N4=""),"",($J4/$M4)),""),'Painel Geral'!$B$5="3º Quartil",IFERROR(IF(OR(J4="",N4=0,N4=""),"",($J4/$O4)),""),'Painel Geral'!$B$5="Maior Salário",IFERROR(IF(OR(J4="",N4=0,N4=""),"",($J4/$P4)),"")) -> 0.80731312 | R4: =IFS(OR(K4="",K4=0,J4="", J4=0),"",Q4<=80%,"Muito Defasado",Q4<=90%,"Defasado",Q4<=100%,"Na Média",Q4<=110%,"Competitivo",Q4<=120%,"Muito Competitivo",Q4>120%,"Agressivo") -> Defasado | S4: =IFERROR(VLOOKUP($I4,'C-02'!$D:$L,4,0),"") -> 5928.64 | T4: =IFERROR(VLOOKUP($I4,'C-02'!$D:$L,5,FALSE),"") -> 6791.87 | U4: =IFERROR(VLOOKUP($I4,'C-02'!$D:$L,6,FALSE),"") -> 7984.54 | V4: =IFERROR(VLOOKUP($I4,'C-02'!$D:$L,7,FALSE),"") -> 7851.14 | W4: =IFERROR(VLOOKUP($I4,'C-02'!$D:$L,8,FALSE),"") -> 9534.06 | X4: =IFERROR(VLOOKUP($I4,'C-02'!$D:$L,9,FALSE),"") -> 9921.51 | Y4: =IFS('Painel Geral'!$B$5="Mediana",IFERROR(IF(OR(J4="",V4=0,V4=""),"",($J4/$V4)),""),'Painel Geral'!$B$5="Menor Salário",IFERROR(IF(OR(J4="",V4=0,V4=""),"",($J4/$S4)),""),'Painel Geral'!$B$5="1º Quartil",IFERROR(IF(OR(J4="",V4=0,V4=""),"",($J4/$T4)),""),'Painel Geral'!$B$5="Média",IFERROR(IF(OR(J4="",V4=0,V4=""),"",($J4/$U4)),""),'Painel Geral'!$B$5="3º Quartil",IFERROR(IF(OR(J4="",V4=0,V4=""),"",($J4/$W4)),""),'Painel Geral'!$B$5="Maior Salário",IFERROR(IF(OR(J4="",V4=0,V4=""),"",($J4/$X4)),"")) -> 0.82260665 | Z4: =IFS(OR(S4="",S4=0,J4="", J4=0),"",Y4<=80%,"Muito Defasado",Y4<=90%,"Defasado",Y4<=100%,"Na Média",Y4<=110%,"Competitivo",Y4<=120%,"Muito Competitivo",Y4>120%,"Agressivo") -> Defasado | AA4: =VLOOKUP(A4,'Cálculos Comparativos'!$A:$E,4,0) -> 1
A5: 3 | B5: 50 | C5: =VLOOKUP(A5,Jobmatch!A:E,2,0) -> Engenheiro de Software Full Stack Sr | D5: =VLOOKUP(B5,'Folha de Pagamento'!B:G,6,0) -> DEV | E5: =VLOOKUP(A5,Jobmatch!A:E,4,0) -> Tático | F5: =VLOOKUP(A5,Jobmatch!A:F,5,0) -> 1 | G5: =VLOOKUP(A5,Jobmatch!A:G,6,0) -> Desenvolvedor | H5: =VLOOKUP(A5,Jobmatch!A:H,7,0) -> Sênior | I5: =F5&H5 -> 1Sênior | J5: =IFERROR(VLOOKUP(B5,'Folha de Pagamento'!B:I,8,0),"") -> 6458.4 | K5: =IFERROR(VLOOKUP(I5,'C-01'!$D:$L,4,0),"") -> 5873.21 | L5: =IFERROR(VLOOKUP(I5,'C-01'!$D:$L,5,0),"") -> 7005.56 | M5: =IFERROR(VLOOKUP(I5,'C-01'!$D:$L,6,0),"") -> 8047.78 | N5: =IFERROR(VLOOKUP(I5,'C-01'!$D:$L,7,0),"") -> 7999.87 | O5: =IFERROR(VLOOKUP(I5,'C-01'!$D:$L,8,0),"") -> 9271.4 | P5: =IFERROR(VLOOKUP(I5,'C-01'!$D:$L,9,0),"") -> 10095.14 | Q5: =IFS('Painel Geral'!$B$5="Mediana",IFERROR(IF(OR(J5="",N5=0,N5=""),"",($J5/$N5)),""),'Painel Geral'!$B$5="Menor Salário",IFERROR(IF(OR(J5="",N5=0,N5=""),"",($J5/$K5)),""),'Painel Geral'!$B$5="1º Quartil",IFERROR(IF(OR(J5="",N5=0,N5=""),"",($J5/$L5)),""),'Painel Geral'!$B$5="Média",IFERROR(IF(OR(J5="",N5=0,N5=""),"",($J5/$M5)),""),'Painel Geral'!$B$5="3º Quartil",IFERROR(IF(OR(J5="",N5=0,N5=""),"",($J5/$O5)),""),'Painel Geral'!$B$5="Maior Salário",IFERROR(IF(OR(J5="",N5=0,N5=""),"",($J5/$P5)),"")) -> 0.80731312 | R5: =IFS(OR(K5="",K5=0,J5="", J5=0),"",Q5<=80%,"Muito Defasado",Q5<=90%,"Defasado",Q5<=100%,"Na Média",Q5<=110%,"Competitivo",Q5<=120%,"Muito Competitivo",Q5>120%,"Agressivo") -> Defasado | S5: =IFERROR(VLOOKUP($I5,'C-02'!$D:$L,4,0),"") -> 5928.64 | T5: =IFERROR(VLOOKUP($I5,'C-02'!$D:$L,5,FALSE),"") -> 6791.87 | U5: =IFERROR(VLOOKUP($I5,'C-02'!$D:$L,6,FALSE),"") -> 7984.54 | V5: =IFERROR(VLOOKUP($I5,'C-02'!$D:$L,7,FALSE),"") -> 7851.14 | W5: =IFERROR(VLOOKUP($I5,'C-02'!$D:$L,8,FALSE),"") -> 9534.06 | X5: =IFERROR(VLOOKUP($I5,'C-02'!$D:$L,9,FALSE),"") -> 9921.51 | Y5: =IFS('Painel Geral'!$B$5="Mediana",IFERROR(IF(OR(J5="",V5=0,V5=""),"",($J5/$V5)),""),'Painel Geral'!$B$5="Menor Salário",IFERROR(IF(OR(J5="",V5=0,V5=""),"",($J5/$S5)),""),'Painel Geral'!$B$5="1º Quartil",IFERROR(IF(OR(J5="",V5=0,V5=""),"",($J5/$T5)),""),'Painel Geral'!$B$5="Média",IFERROR(IF(OR(J5="",V5=0,V5=""),"",($J5/$U5)),""),'Painel Geral'!$B$5="3º Quartil",IFERROR(IF(OR(J5="",V5=0,V5=""),"",($J5/$W5)),""),'Painel Geral'!$B$5="Maior Salário",IFERROR(IF(OR(J5="",V5=0,V5=""),"",($J5/$X5)),"")) -> 0.82260665 | Z5: =IFS(OR(S5="",S5=0,J5="", J5=0),"",Y5<=80%,"Muito Defasado",Y5<=90%,"Defasado",Y5<=100%,"Na Média",Y5<=110%,"Competitivo",Y5<=120%,"Muito Competitivo",Y5>120%,"Agressivo") -> Defasado | AA5: =VLOOKUP(A5,'Cálculos Comparativos'!$A:$E,4,0) -> 1
A6: 2 | B6: 14 | C6: =VLOOKUP(A6,Jobmatch!A:E,2,0) -> Engenheiro de Software Full Stack Pl | D6: =VLOOKUP(B6,'Folha de Pagamento'!B:G,6,0) -> DEV | E6: =VLOOKUP(A6,Jobmatch!A:E,4,0) -> Operacional | F6: =VLOOKUP(A6,Jobmatch!A:F,5,0) -> 1 | G6: =VLOOKUP(A6,Jobmatch!A:G,6,0) -> Desenvolvedor | H6: =VLOOKUP(A6,Jobmatch!A:H,7,0) -> Pleno | I6: =F6&H6 -> 1Pleno | J6: =IFERROR(VLOOKUP(B6,'Folha de Pagamento'!B:I,8,0),"") -> 4305.6 | K6: =IFERROR(VLOOKUP(I6,'C-01'!$D:$L,4,0),"") -> 3358.05 | L6: =IFERROR(VLOOKUP(I6,'C-01'!$D:$L,5,0),"") -> 4730.15 | M6: =IFERROR(VLOOKUP(I6,'C-01'!$D:$L,6,0),"") -> 5379.82 | N6: =IFERROR(VLOOKUP(I6,'C-01'!$D:$L,7,0),"") -> 5342.35 | O6: =IFERROR(VLOOKUP(I6,'C-01'!$D:$L,8,0),"") -> 5995.34 | P6: =IFERROR(VLOOKUP(I6,'C-01'!$D:$L,9,0),"") -> 7790.91 | Q6: =IFS('Painel Geral'!$B$5="Mediana",IFERROR(IF(OR(J6="",N6=0,N6=""),"",($J6/$N6)),""),'Painel Geral'!$B$5="Menor Salário",IFERROR(IF(OR(J6="",N6=0,N6=""),"",($J6/$K6)),""),'Painel Geral'!$B$5="1º Quartil",IFERROR(IF(OR(J6="",N6=0,N6=""),"",($J6/$L6)),""),'Painel Geral'!$B$5="Média",IFERROR(IF(OR(J6="",N6=0,N6=""),"",($J6/$M6)),""),'Painel Geral'!$B$5="3º Quartil",IFERROR(IF(OR(J6="",N6=0,N6=""),"",($J6/$O6)),""),'Painel Geral'!$B$5="Maior Salário",IFERROR(IF(OR(J6="",N6=0,N6=""),"",($J6/$P6)),"")) -> 0.80593746 | R6: =IFS(OR(K6="",K6=0,J6="", J6=0),"",Q6<=80%,"Muito Defasado",Q6<=90%,"Defasado",Q6<=100%,"Na Média",Q6<=110%,"Competitivo",Q6<=120%,"Muito Competitivo",Q6>120%,"Agressivo") -> Defasado | S6: =IFERROR(VLOOKUP($I6,'C-02'!$D:$L,4,0),"") -> 3480.14 | T6: =IFERROR(VLOOKUP($I6,'C-02'!$D:$L,5,FALSE),"") -> 4665.99 | U6: =IFERROR(VLOOKUP($I6,'C-02'!$D:$L,6,FALSE),"") -> 5399.83 | V6: =IFERROR(VLOOKUP($I6,'C-02'!$D:$L,7,FALSE),"") -> 5248.63 | W6: =IFERROR(VLOOKUP($I6,'C-02'!$D:$L,8,FALSE),"") -> 6311.23 | X6: =IFERROR(VLOOKUP($I6,'C-02'!$D:$L,9,FALSE),"") -> 7135.86 | Y6: =IFS('Painel Geral'!$B$5="Mediana",IFERROR(IF(OR(J6="",V6=0,V6=""),"",($J6/$V6)),""),'Painel Geral'!$B$5="Menor Salário",IFERROR(IF(OR(J6="",V6=0,V6=""),"",($J6/$S6)),""),'Painel Geral'!$B$5="1º Quartil",IFERROR(IF(OR(J6="",V6=0,V6=""),"",($J6/$T6)),""),'Painel Geral'!$B$5="Média",IFERROR(IF(OR(J6="",V6=0,V6=""),"",($J6/$U6)),""),'Painel Geral'!$B$5="3º Quartil",IFERROR(IF(OR(J6="",V6=0,V6=""),"",($J6/$W6)),""),'Painel Geral'!$B$5="Maior Salário",IFERROR(IF(OR(J6="",V6=0,V6=""),"",($J6/$X6)),"")) -> 0.82032835 | Z6: =IFS(OR(S6="",S6=0,J6="", J6=0),"",Y6<=80%,"Muito Defasado",Y6<=90%,"Defasado",Y6<=100%,"Na Média",Y6<=110%,"Competitivo",Y6<=120%,"Muito Competitivo",Y6>120%,"Agressivo") -> Defasado | AA6: =VLOOKUP(A6,'Cálculos Comparativos'!$A:$E,4,0) -> 1
A7: 2 | B7: 42 | C7: =VLOOKUP(A7,Jobmatch!A:E,2,0) -> Engenheiro de Software Full Stack Pl | D7: =VLOOKUP(B7,'Folha de Pagamento'!B:G,6,0) -> DEV | E7: =VLOOKUP(A7,Jobmatch!A:E,4,0) -> Operacional | F7: =VLOOKUP(A7,Jobmatch!A:F,5,0) -> 1 | G7: =VLOOKUP(A7,Jobmatch!A:G,6,0) -> Desenvolvedor | H7: =VLOOKUP(A7,Jobmatch!A:H,7,0) -> Pleno | I7: =F7&H7 -> 1Pleno | J7: =IFERROR(VLOOKUP(B7,'Folha de Pagamento'!B:I,8,0),"") -> 4305.6 | K7: =IFERROR(VLOOKUP(I7,'C-01'!$D:$L,4,0),"") -> 3358.05 | L7: =IFERROR(VLOOKUP(I7,'C-01'!$D:$L,5,0),"") -> 4730.15 | M7: =IFERROR(VLOOKUP(I7,'C-01'!$D:$L,6,0),"") -> 5379.82 | N7: =IFERROR(VLOOKUP(I7,'C-01'!$D:$L,7,0),"") -> 5342.35 | O7: =IFERROR(VLOOKUP(I7,'C-01'!$D:$L,8,0),"") -> 5995.34 | P7: =IFERROR(VLOOKUP(I7,'C-01'!$D:$L,9,0),"") -> 7790.91 | Q7: =IFS('Painel Geral'!$B$5="Mediana",IFERROR(IF(OR(J7="",N7=0,N7=""),"",($J7/$N7)),""),'Painel Geral'!$B$5="Menor Salário",IFERROR(IF(OR(J7="",N7=0,N7=""),"",($J7/$K7)),""),'Painel Geral'!$B$5="1º Quartil",IFERROR(IF(OR(J7="",N7=0,N7=""),"",($J7/$L7)),""),'Painel Geral'!$B$5="Média",IFERROR(IF(OR(J7="",N7=0,N7=""),"",($J7/$M7)),""),'Painel Geral'!$B$5="3º Quartil",IFERROR(IF(OR(J7="",N7=0,N7=""),"",($J7/$O7)),""),'Painel Geral'!$B$5="Maior Salário",IFERROR(IF(OR(J7="",N7=0,N7=""),"",($J7/$P7)),"")) -> 0.80593746 | R7: =IFS(OR(K7="",K7=0,J7="", J7=0),"",Q7<=80%,"Muito Defasado",Q7<=90%,"Defasado",Q7<=100%,"Na Média",Q7<=110%,"Competitivo",Q7<=120%,"Muito Competitivo",Q7>120%,"Agressivo") -> Defasado | S7: =IFERROR(VLOOKUP($I7,'C-02'!$D:$L,4,0),"") -> 3480.14 | T7: =IFERROR(VLOOKUP($I7,'C-02'!$D:$L,5,FALSE),"") -> 4665.99 | U7: =IFERROR(VLOOKUP($I7,'C-02'!$D:$L,6,FALSE),"") -> 5399.83 | V7: =IFERROR(VLOOKUP($I7,'C-02'!$D:$L,7,FALSE),"") -> 5248.63 | W7: =IFERROR(VLOOKUP($I7,'C-02'!$D:$L,8,FALSE),"") -> 6311.23 | X7: =IFERROR(VLOOKUP($I7,'C-02'!$D:$L,9,FALSE),"") -> 7135.86 | Y7: =IFS('Painel Geral'!$B$5="Mediana",IFERROR(IF(OR(J7="",V7=0,V7=""),"",($J7/$V7)),""),'Painel Geral'!$B$5="Menor Salário",IFERROR(IF(OR(J7="",V7=0,V7=""),"",($J7/$S7)),""),'Painel Geral'!$B$5="1º Quartil",IFERROR(IF(OR(J7="",V7=0,V7=""),"",($J7/$T7)),""),'Painel Geral'!$B$5="Média",IFERROR(IF(OR(J7="",V7=0,V7=""),"",($J7/$U7)),""),'Painel Geral'!$B$5="3º Quartil",IFERROR(IF(OR(J7="",V7=0,V7=""),"",($J7/$W7)),""),'Painel Geral'!$B$5="Maior Salário",IFERROR(IF(OR(J7="",V7=0,V7=""),"",($J7/$X7)),"")) -> 0.82032835 | Z7: =IFS(OR(S7="",S7=0,J7="", J7=0),"",Y7<=80%,"Muito Defasado",Y7<=90%,"Defasado",Y7<=100%,"Na Média",Y7<=110%,"Competitivo",Y7<=120%,"Muito Competitivo",Y7>120%,"Agressivo") -> Defasado | AA7: =VLOOKUP(A7,'Cálculos Comparativos'!$A:$E,4,0) -> 1
A8: 2 | B8: 36 | C8: =VLOOKUP(A8,Jobmatch!A:E,2,0) -> Engenheiro de Software Full Stack Pl | D8: =VLOOKUP(B8,'Folha de Pagamento'!B:G,6,0) -> DEV | E8: =VLOOKUP(A8,Jobmatch!A:E,4,0) -> Operacional | F8: =VLOOKUP(A8,Jobmatch!A:F,5,0) -> 1 | G8: =VLOOKUP(A8,Jobmatch!A:G,6,0) -> Desenvolvedor | H8: =VLOOKUP(A8,Jobmatch!A:H,7,0) -> Pleno | I8: =F8&H8 -> 1Pleno | J8: =IFERROR(VLOOKUP(B8,'Folha de Pagamento'!B:I,8,0),"") -> 4305.6 | K8: =IFERROR(VLOOKUP(I8,'C-01'!$D:$L,4,0),"") -> 3358.05 | L8: =IFERROR(VLOOKUP(I8,'C-01'!$D:$L,5,0),"") -> 4730.15 | M8: =IFERROR(VLOOKUP(I8,'C-01'!$D:$L,6,0),"") -> 5379.82 | N8: =IFERROR(VLOOKUP(I8,'C-01'!$D:$L,7,0),"") -> 5342.35 | O8: =IFERROR(VLOOKUP(I8,'C-01'!$D:$L,8,0),"") -> 5995.34 | P8: =IFERROR(VLOOKUP(I8,'C-01'!$D:$L,9,0),"") -> 7790.91 | Q8: =IFS('Painel Geral'!$B$5="Mediana",IFERROR(IF(OR(J8="",N8=0,N8=""),"",($J8/$N8)),""),'Painel Geral'!$B$5="Menor Salário",IFERROR(IF(OR(J8="",N8=0,N8=""),"",($J8/$K8)),""),'Painel Geral'!$B$5="1º Quartil",IFERROR(IF(OR(J8="",N8=0,N8=""),"",($J8/$L8)),""),'Painel Geral'!$B$5="Média",IFERROR(IF(OR(J8="",N8=0,N8=""),"",($J8/$M8)),""),'Painel Geral'!$B$5="3º Quartil",IFERROR(IF(OR(J8="",N8=0,N8=""),"",($J8/$O8)),""),'Painel Geral'!$B$5="Maior Salário",IFERROR(IF(OR(J8="",N8=0,N8=""),"",($J8/$P8)),"")) -> 0.80593746 | R8: =IFS(OR(K8="",K8=0,J8="", J8=0),"",Q8<=80%,"Muito Defasado",Q8<=90%,"Defasado",Q8<=100%,"Na Média",Q8<=110%,"Competitivo",Q8<=120%,"Muito Competitivo",Q8>120%,"Agressivo") -> Defasado | S8: =IFERROR(VLOOKUP($I8,'C-02'!$D:$L,4,0),"") -> 3480.14 | T8: =IFERROR(VLOOKUP($I8,'C-02'!$D:$L,5,FALSE),"") -> 4665.99 | U8: =IFERROR(VLOOKUP($I8,'C-02'!$D:$L,6,FALSE),"") -> 5399.83 | V8: =IFERROR(VLOOKUP($I8,'C-02'!$D:$L,7,FALSE),"") -> 5248.63 | W8: =IFERROR(VLOOKUP($I8,'C-02'!$D:$L,8,FALSE),"") -> 6311.23 | X8: =IFERROR(VLOOKUP($I8,'C-02'!$D:$L,9,FALSE),"") -> 7135.86 | Y8: =IFS('Painel Geral'!$B$5="Mediana",IFERROR(IF(OR(J8="",V8=0,V8=""),"",($J8/$V8)),""),'Painel Geral'!$B$5="Menor Salário",IFERROR(IF(OR(J8="",V8=0,V8=""),"",($J8/$S8)),""),'Painel Geral'!$B$5="1º Quartil",IFERROR(IF(OR(J8="",V8=0,V8=""),"",($J8/$T8)),""),'Painel Geral'!$B$5="Média",IFERROR(IF(OR(J8="",V8=0,V8=""),"",($J8/$U8)),""),'Painel Geral'!$B$5="3º Quartil",IFERROR(IF(OR(J8="",V8=0,V8=""),"",($J8/$W8)),""),'Painel Geral'!$B$5="Maior Salário",IFERROR(IF(OR(J8="",V8=0,V8=""),"",($J8/$X8)),"")) -> 0.82032835 | Z8: =IFS(OR(S8="",S8=0,J8="", J8=0),"",Y8<=80%,"Muito Defasado",Y8<=90%,"Defasado",Y8<=100%,"Na Média",Y8<=110%,"Competitivo",Y8<=120%,"Muito Competitivo",Y8>120%,"Agressivo") -> Defasado | AA8: =VLOOKUP(A8,'Cálculos Comparativos'!$A:$E,4,0) -> 1
A9: 2 | B9: 37 | C9: =VLOOKUP(A9,Jobmatch!A:E,2,0) -> Engenheiro de Software Full Stack Pl | D9: =VLOOKUP(B9,'Folha de Pagamento'!B:G,6,0) -> DEV | E9: =VLOOKUP(A9,Jobmatch!A:E,4,0) -> Operacional | F9: =VLOOKUP(A9,Jobmatch!A:F,5,0) -> 1 | G9: =VLOOKUP(A9,Jobmatch!A:G,6,0) -> Desenvolvedor | H9: =VLOOKUP(A9,Jobmatch!A:H,7,0) -> Pleno | I9: =F9&H9 -> 1Pleno | J9: =IFERROR(VLOOKUP(B9,'Folha de Pagamento'!B:I,8,0),"") -> 4305.6 | K9: =IFERROR(VLOOKUP(I9,'C-01'!$D:$L,4,0),"") -> 3358.05 | L9: =IFERROR(VLOOKUP(I9,'C-01'!$D:$L,5,0),"") -> 4730.15 | M9: =IFERROR(VLOOKUP(I9,'C-01'!$D:$L,6,0),"") -> 5379.82 | N9: =IFERROR(VLOOKUP(I9,'C-01'!$D:$L,7,0),"") -> 5342.35 | O9: =IFERROR(VLOOKUP(I9,'C-01'!$D:$L,8,0),"") -> 5995.34 | P9: =IFERROR(VLOOKUP(I9,'C-01'!$D:$L,9,0),"") -> 7790.91 | Q9: =IFS('Painel Geral'!$B$5="Mediana",IFERROR(IF(OR(J9="",N9=0,N9=""),"",($J9/$N9)),""),'Painel Geral'!$B$5="Menor Salário",IFERROR(IF(OR(J9="",N9=0,N9=""),"",($J9/$K9)),""),'Painel Geral'!$B$5="1º Quartil",IFERROR(IF(OR(J9="",N9=0,N9=""),"",($J9/$L9)),""),'Painel Geral'!$B$5="Média",IFERROR(IF(OR(J9="",N9=0,N9=""),"",($J9/$M9)),""),'Painel Geral'!$B$5="3º Quartil",IFERROR(IF(OR(J9="",N9=0,N9=""),"",($J9/$O9)),""),'Painel Geral'!$B$5="Maior Salário",IFERROR(IF(OR(J9="",N9=0,N9=""),"",($J9/$P9)),"")) -> 0.80593746 | R9: =IFS(OR(K9="",K9=0,J9="", J9=0),"",Q9<=80%,"Muito Defasado",Q9<=90%,"Defasado",Q9<=100%,"Na Média",Q9<=110%,"Competitivo",Q9<=120%,"Muito Competitivo",Q9>120%,"Agressivo") -> Defasado | S9: =IFERROR(VLOOKUP($I9,'C-02'!$D:$L,4,0),"") -> 3480.14 | T9: =IFERROR(VLOOKUP($I9,'C-02'!$D:$L,5,FALSE),"") -> 4665.99 | U9: =IFERROR(VLOOKUP($I9,'C-02'!$D:$L,6,FALSE),"") -> 5399.83 | V9: =IFERROR(VLOOKUP($I9,'C-02'!$D:$L,7,FALSE),"") -> 5248.63 | W9: =IFERROR(VLOOKUP($I9,'C-02'!$D:$L,8,FALSE),"") -> 6311.23 | X9: =IFERROR(VLOOKUP($I9,'C-02'!$D:$L,9,FALSE),"") -> 7135.86 | Y9: =IFS('Painel Geral'!$B$5="Mediana",IFERROR(IF(OR(J9="",V9=0,V9=""),"",($J9/$V9)),""),'Painel Geral'!$B$5="Menor Salário",IFERROR(IF(OR(J9="",V9=0,V9=""),"",($J9/$S9)),""),'Painel Geral'!$B$5="1º Quartil",IFERROR(IF(OR(J9="",V9=0,V9=""),"",($J9/$T9)),""),'Painel Geral'!$B$5="Média",IFERROR(IF(OR(J9="",V9=0,V9=""),"",($J9/$U9)),""),'Painel Geral'!$B$5="3º Quartil",IFERROR(IF(OR(J9="",V9=0,V9=""),"",($J9/$W9)),""),'Painel Geral'!$B$5="Maior Salário",IFERROR(IF(OR(J9="",V9=0,V9=""),"",($J9/$X9)),"")) -> 0.82032835 | Z9: =IFS(OR(S9="",S9=0,J9="", J9=0),"",Y9<=80%,"Muito Defasado",Y9<=90%,"Defasado",Y9<=100%,"Na Média",Y9<=110%,"Competitivo",Y9<=120%,"Muito Competitivo",Y9>120%,"Agressivo") -> Defasado | AA9: =VLOOKUP(A9,'Cálculos Comparativos'!$A:$E,4,0) -> 1
A10: 2 | B10: 38 | C10: =VLOOKUP(A10,Jobmatch!A:E,2,0) -> Engenheiro de Software Full Stack Pl | D10: =VLOOKUP(B10,'Folha de Pagamento'!B:G,6,0) -> DEV | E10: =VLOOKUP(A10,Jobmatch!A:E,4,0) -> Operacional | F10: =VLOOKUP(A10,Jobmatch!A:F,5,0) -> 1 | G10: =VLOOKUP(A10,Jobmatch!A:G,6,0) -> Desenvolvedor | H10: =VLOOKUP(A10,Jobmatch!A:H,7,0) -> Pleno | I10: =F10&H10 -> 1Pleno | J10: =IFERROR(VLOOKUP(B10,'Folha de Pagamento'!B:I,8,0),"") -> 4305.6 | K10: =IFERROR(VLOOKUP(I10,'C-01'!$D:$L,4,0),"") -> 3358.05 | L10: =IFERROR(VLOOKUP(I10,'C-01'!$D:$L,5,0),"") -> 4730.15 | M10: =IFERROR(VLOOKUP(I10,'C-01'!$D:$L,6,0),"") -> 5379.82 | N10: =IFERROR(VLOOKUP(I10,'C-01'!$D:$L,7,0),"") -> 5342.35 | O10: =IFERROR(VLOOKUP(I10,'C-01'!$D:$L,8,0),"") -> 5995.34 | P10: =IFERROR(VLOOKUP(I10,'C-01'!$D:$L,9,0),"") -> 7790.91 | Q10: =IFS('Painel Geral'!$B$5="Mediana",IFERROR(IF(OR(J10="",N10=0,N10=""),"",($J10/$N10)),""),'Painel Geral'!$B$5="Menor Salário",IFERROR(IF(OR(J10="",N10=0,N10=""),"",($J10/$K10)),""),'Painel Geral'!$B$5="1º Quartil",IFERROR(IF(OR(J10="",N10=0,N10=""),"",($J10/$L10)),""),'Painel Geral'!$B$5="Média",IFERROR(IF(OR(J10="",N10=0,N10=""),"",($J10/$M10)),""),'Painel Geral'!$B$5="3º Quartil",IFERROR(IF(OR(J10="",N10=0,N10=""),"",($J10/$O10)),""),'Painel Geral'!$B$5="Maior Salário",IFERROR(IF(OR(J10="",N10=0,N10=""),"",($J10/$P10)),"")) -> 0.80593746 | R10: =IFS(OR(K10="",K10=0,J10="", J10=0),"",Q10<=80%,"Muito Defasado",Q10<=90%,"Defasado",Q10<=100%,"Na Média",Q10<=110%,"Competitivo",Q10<=120%,"Muito Competitivo",Q10>120%,"Agressivo") -> Defasado | S10: =IFERROR(VLOOKUP($I10,'C-02'!$D:$L,4,0),"") -> 3480.14 | T10: =IFERROR(VLOOKUP($I10,'C-02'!$D:$L,5,FALSE),"") -> 4665.99 | U10: =IFERROR(VLOOKUP($I10,'C-02'!$D:$L,6,FALSE),"") -> 5399.83 | V10: =IFERROR(VLOOKUP($I10,'C-02'!$D:$L,7,FALSE),"") -> 5248.63 | W10: =IFERROR(VLOOKUP($I10,'C-02'!$D:$L,8,FALSE),"") -> 6311.23 | X10: =IFERROR(VLOOKUP($I10,'C-02'!$D:$L,9,FALSE),"") -> 7135.86 | Y10: =IFS('Painel Geral'!$B$5="Mediana",IFERROR(IF(OR(J10="",V10=0,V10=""),"",($J10/$V10)),""),'Painel Geral'!$B$5="Menor Salário",IFERROR(IF(OR(J10="",V10=0,V10=""),"",($J10/$S10)),""),'Painel Geral'!$B$5="1º Quartil",IFERROR(IF(OR(J10="",V10=0,V10=""),"",($J10/$T10)),""),'Painel Geral'!$B$5="Média",IFERROR(IF(OR(J10="",V10=0,V10=""),"",($J10/$U10)),""),'Painel Geral'!$B$5="3º Quartil",IFERROR(IF(OR(J10="",V10=0,V10=""),"",($J10/$W10)),""),'Painel Geral'!$B$5="Maior Salário",IFERROR(IF(OR(J10="",V10=0,V10=""),"",($J10/$X10)),"")) -> 0.82032835 | Z10: =IFS(OR(S10="",S10=0,J10="", J10=0),"",Y10<=80%,"Muito Defasado",Y10<=90%,"Defasado",Y10<=100%,"Na Média",Y10<=110%,"Competitivo",Y10<=120%,"Muito Competitivo",Y10>120%,"Agressivo") -> Defasado | AA10: =VLOOKUP(A10,'Cálculos Comparativos'!$A:$E,4,0) -> 1
A11: 1 | B11: 20 | C11: =VLOOKUP(A11,Jobmatch!A:E,2,0) -> Engenheiro de Software Full Stack Jr | D11: =VLOOKUP(B11,'Folha de Pagamento'!B:G,6,0) -> DEV | E11: =VLOOKUP(A11,Jobmatch!A:E,4,0) -> Operacional | F11: =VLOOKUP(A11,Jobmatch!A:F,5,0) -> 1 | G11: =VLOOKUP(A11,Jobmatch!A:G,6,0) -> Desenvolvedor | H11: =VLOOKUP(A11,Jobmatch!A:H,7,0) -> Júnior | I11: =F11&H11 -> 1Júnior | J11: =IFERROR(VLOOKUP(B11,'Folha de Pagamento'!B:I,8,0),"") -> 2489.18 | K11: =IFERROR(VLOOKUP(I11,'C-01'!$D:$L,4,0),"") -> 2030.9 | L11: =IFERROR(VLOOKUP(I11,'C-01'!$D:$L,5,0),"") -> 2706.62 | M11: =IFERROR(VLOOKUP(I11,'C-01'!$D:$L,6,0),"") -> 3370.79 | N11: =IFERROR(VLOOKUP(I11,'C-01'!$D:$L,7,0),"") -> 3379.04 | O11: =IFERROR(VLOOKUP(I11,'C-01'!$D:$L,8,0),"") -> 3870.49 | P11: =IFERROR(VLOOKUP(I11,'C-01'!$D:$L,9,0),"") -> 5268.74 | Q11: =IFS('Painel Geral'!$B$5="Mediana",IFERROR(IF(OR(J11="",N11=0,N11=""),"",($J11/$N11)),""),'Painel Geral'!$B$5="Menor Salário",IFERROR(IF(OR(J11="",N11=0,N11=""),"",($J11/$K11)),""),'Painel Geral'!$B$5="1º Quartil",IFERROR(IF(OR(J11="",N11=0,N11=""),"",($J11/$L11)),""),'Painel Geral'!$B$5="Média",IFERROR(IF(OR(J11="",N11=0,N11=""),"",($J11/$M11)),""),'Painel Geral'!$B$5="3º Quartil",IFERROR(IF(OR(J11="",N11=0,N11=""),"",($J11/$O11)),""),'Painel Geral'!$B$5="Maior Salário",IFERROR(IF(OR(J11="",N11=0,N11=""),"",($J11/$P11)),"")) -> 0.73665301 | R11: =IFS(OR(K11="",K11=0,J11="", J11=0),"",Q11<=80%,"Muito Defasado",Q11<=90%,"Defasado",Q11<=100%,"Na Média",Q11<=110%,"Competitivo",Q11<=120%,"Muito Competitivo",Q11>120%,"Agressivo") -> Muito Defasado | S11: =IFERROR(VLOOKUP($I11,'C-02'!$D:$L,4,0),"") -> 2468.17 | T11: =IFERROR(VLOOKUP($I11,'C-02'!$D:$L,5,FALSE),"") -> 2944.09 | U11: =IFERROR(VLOOKUP($I11,'C-02'!$D:$L,6,FALSE),"") -> 3642.17 | V11: =IFERROR(VLOOKUP($I11,'C-02'!$D:$L,7,FALSE),"") -> 3493.9 | W11: =IFERROR(VLOOKUP($I11,'C-02'!$D:$L,8,FALSE),"") -> 4224.13 | X11: =IFERROR(VLOOKUP($I11,'C-02'!$D:$L,9,FALSE),"") -> 5456.83 | Y11: =IFS('Painel Geral'!$B$5="Mediana",IFERROR(IF(OR(J11="",V11=0,V11=""),"",($J11/$V11)),""),'Painel Geral'!$B$5="Menor Salário",IFERROR(IF(OR(J11="",V11=0,V11=""),"",($J11/$S11)),""),'Painel Geral'!$B$5="1º Quartil",IFERROR(IF(OR(J11="",V11=0,V11=""),"",($J11/$T11)),""),'Painel Geral'!$B$5="Média",IFERROR(IF(OR(J11="",V11=0,V11=""),"",($J11/$U11)),""),'Painel Geral'!$B$5="3º Quartil",IFERROR(IF(OR(J11="",V11=0,V11=""),"",($J11/$W11)),""),'Painel Geral'!$B$5="Maior Salário",IFERROR(IF(OR(J11="",V11=0,V11=""),"",($J11/$X11)),"")) -> 0.71243596 | Z11: =IFS(OR(S11="",S11=0,J11="", J11=0),"",Y11<=80%,"Muito Defasado",Y11<=90%,"Defasado",Y11<=100%,"Na Média",Y11<=110%,"Competitivo",Y11<=120%,"Muito Competitivo",Y11>120%,"Agressivo") -> Muito Defasado | AA11: =VLOOKUP(A11,'Cálculos Comparativos'!$A:$E,4,0) -> 1
A12: 1 | B12: 54 | C12: =VLOOKUP(A12,Jobmatch!A:E,2,0) -> Engenheiro de Software Full Stack Jr | D12: =VLOOKUP(B12,'Folha de Pagamento'!B:G,6,0) -> DEV | E12: =VLOOKUP(A12,Jobmatch!A:E,4,0) -> Operacional | F12: =VLOOKUP(A12,Jobmatch!A:F,5,0) -> 1 | G12: =VLOOKUP(A12,Jobmatch!A:G,6,0) -> Desenvolvedor | H12: =VLOOKUP(A12,Jobmatch!A:H,7,0) -> Júnior | I12: =F12&H12 -> 1Júnior | J12: =IFERROR(VLOOKUP(B12,'Folha de Pagamento'!B:I,8,0),"") -> 2489.18 | K12: =IFERROR(VLOOKUP(I12,'C-01'!$D:$L,4,0),"") -> 2030.9 | L12: =IFERROR(VLOOKUP(I12,'C-01'!$D:$L,5,0),"") -> 2706.62 | M12: =IFERROR(VLOOKUP(I12,'C-01'!$D:$L,6,0),"") -> 3370.79 | N12: =IFERROR(VLOOKUP(I12,'C-01'!$D:$L,7,0),"") -> 3379.04 | O12: =IFERROR(VLOOKUP(I12,'C-01'!$D:$L,8,0),"") -> 3870.49 | P12: =IFERROR(VLOOKUP(I12,'C-01'!$D:$L,9,0),"") -> 5268.74 | Q12: =IFS('Painel Geral'!$B$5="Mediana",IFERROR(IF(OR(J12="",N12=0,N12=""),"",($J12/$N12)),""),'Painel Geral'!$B$5="Menor Salário",IFERROR(IF(OR(J12="",N12=0,N12=""),"",($J12/$K12)),""),'Painel Geral'!$B$5="1º Quartil",IFERROR(IF(OR(J12="",N12=0,N12=""),"",($J12/$L12)),""),'Painel Geral'!$B$5="Média",IFERROR(IF(OR(J12="",N12=0,N12=""),"",($J12/$M12)),""),'Painel Geral'!$B$5="3º Quartil",IFERROR(IF(OR(J12="",N12=0,N12=""),"",($J12/$O12)),""),'Painel Geral'!$B$5="Maior Salário",IFERROR(IF(OR(J12="",N12=0,N12=""),"",($J12/$P12)),"")) -> 0.73665301 | R12: =IFS(OR(K12="",K12=0,J12="", J12=0),"",Q12<=80%,"Muito Defasado",Q12<=90%,"Defasado",Q12<=100%,"Na Média",Q12<=110%,"Competitivo",Q12<=120%,"Muito Competitivo",Q12>120%,"Agressivo") -> Muito Defasado | S12: =IFERROR(VLOOKUP($I12,'C-02'!$D:$L,4,0),"") -> 2468.17 | T12: =IFERROR(VLOOKUP($I12,'C-02'!$D:$L,5,FALSE),"") -> 2944.09 | U12: =IFERROR(VLOOKUP($I12,'C-02'!$D:$L,6,FALSE),"") -> 3642.17 | V12: =IFERROR(VLOOKUP($I12,'C-02'!$D:$L,7,FALSE),"") -> 3493.9 | W12: =IFERROR(VLOOKUP($I12,'C-02'!$D:$L,8,FALSE),"") -> 4224.13 | X12: =IFERROR(VLOOKUP($I12,'C-02'!$D:$L,9,FALSE),"") -> 5456.83 | Y12: =IFS('Painel Geral'!$B$5="Mediana",IFERROR(IF(OR(J12="",V12=0,V12=""),"",($J12/$V12)),""),'Painel Geral'!$B$5="Menor Salário",IFERROR(IF(OR(J12="",V12=0,V12=""),"",($J12/$S12)),""),'Painel Geral'!$B$5="1º Quartil",IFERROR(IF(OR(J12="",V12=0,V12=""),"",($J12/$T12)),""),'Painel Geral'!$B$5="Média",IFERROR(IF(OR(J12="",V12=0,V12=""),"",($J12/$U12)),""),'Painel Geral'!$B$5="3º Quartil",IFERROR(IF(OR(J12="",V12=0,V12=""),"",($J12/$W12)),""),'Painel Geral'!$B$5="Maior Salário",IFERROR(IF(OR(J12="",V12=0,V12=""),"",($J12/$X12)),"")) -> 0.71243596 | Z12: =IFS(OR(S12="",S12=0,J12="", J12=0),"",Y12<=80%,"Muito Defasado",Y12<=90%,"Defasado",Y12<=100%,"Na Média",Y12<=110%,"Competitivo",Y12<=120%,"Muito Competitivo",Y12>120%,"Agressivo") -> Muito Defasado | AA12: =VLOOKUP(A12,'Cálculos Comparativos'!$A:$E,4,0) -> 1
A13: 1 | B13: 8 | C13: =VLOOKUP(A13,Jobmatch!A:E,2,0) -> Engenheiro de Software Full Stack Jr | D13: =VLOOKUP(B13,'Folha de Pagamento'!B:G,6,0) -> DEV | E13: =VLOOKUP(A13,Jobmatch!A:E,4,0) -> Operacional | F13: =VLOOKUP(A13,Jobmatch!A:F,5,0) -> 1 | G13: =VLOOKUP(A13,Jobmatch!A:G,6,0) -> Desenvolvedor | H13: =VLOOKUP(A13,Jobmatch!A:H,7,0) -> Júnior | I13: =F13&H13 -> 1Júnior | J13: =IFERROR(VLOOKUP(B13,'Folha de Pagamento'!B:I,8,0),"") -> 2489.18 | K13: =IFERROR(VLOOKUP(I13,'C-01'!$D:$L,4,0),"") -> 2030.9 | L13: =IFERROR(VLOOKUP(I13,'C-01'!$D:$L,5,0),"") -> 2706.62 | M13: =IFERROR(VLOOKUP(I13,'C-01'!$D:$L,6,0),"") -> 3370.79 | N13: =IFERROR(VLOOKUP(I13,'C-01'!$D:$L,7,0),"") -> 3379.04 | O13: =IFERROR(VLOOKUP(I13,'C-01'!$D:$L,8,0),"") -> 3870.49 | P13: =IFERROR(VLOOKUP(I13,'C-01'!$D:$L,9,0),"") -> 5268.74 | Q13: =IFS('Painel Geral'!$B$5="Mediana",IFERROR(IF(OR(J13="",N13=0,N13=""),"",($J13/$N13)),""),'Painel Geral'!$B$5="Menor Salário",IFERROR(IF(OR(J13="",N13=0,N13=""),"",($J13/$K13)),""),'Painel Geral'!$B$5="1º Quartil",IFERROR(IF(OR(J13="",N13=0,N13=""),"",($J13/$L13)),""),'Painel Geral'!$B$5="Média",IFERROR(IF(OR(J13="",N13=0,N13=""),"",($J13/$M13)),""),'Painel Geral'!$B$5="3º Quartil",IFERROR(IF(OR(J13="",N13=0,N13=""),"",($J13/$O13)),""),'Painel Geral'!$B$5="Maior Salário",IFERROR(IF(OR(J13="",N13=0,N13=""),"",($J13/$P13)),"")) -> 0.73665301 | R13: =IFS(OR(K13="",K13=0,J13="", J13=0),"",Q13<=80%,"Muito Defasado",Q13<=90%,"Defasado",Q13<=100%,"Na Média",Q13<=110%,"Competitivo",Q13<=120%,"Muito Competitivo",Q13>120%,"Agressivo") -> Muito Defasado | S13: =IFERROR(VLOOKUP($I13,'C-02'!$D:$L,4,0),"") -> 2468.17 | T13: =IFERROR(VLOOKUP($I13,'C-02'!$D:$L,5,FALSE),"") -> 2944.09 | U13: =IFERROR(VLOOKUP($I13,'C-02'!$D:$L,6,FALSE),"") -> 3642.17 | V13: =IFERROR(VLOOKUP($I13,'C-02'!$D:$L,7,FALSE),"") -> 3493.9 | W13: =IFERROR(VLOOKUP($I13,'C-02'!$D:$L,8,FALSE),"") -> 4224.13 | X13: =IFERROR(VLOOKUP($I13,'C-02'!$D:$L,9,FALSE),"") -> 5456.83 | Y13: =IFS('Painel Geral'!$B$5="Mediana",IFERROR(IF(OR(J13="",V13=0,V13=""),"",($J13/$V13)),""),'Painel Geral'!$B$5="Menor Salário",IFERROR(IF(OR(J13="",V13=0,V13=""),"",($J13/$S13)),""),'Painel Geral'!$B$5="1º Quartil",IFERROR(IF(OR(J13="",V13=0,V13=""),"",($J13/$T13)),""),'Painel Geral'!$B$5="Média",IFERROR(IF(OR(J13="",V13=0,V13=""),"",($J13/$U13)),""),'Painel Geral'!$B$5="3º Quartil",IFERROR(IF(OR(J13="",V13=0,V13=""),"",($J13/$W13)),""),'Painel Geral'!$B$5="Maior Salário",IFERROR(IF(OR(J13="",V13=0,V13=""),"",($J13/$X13)),"")) -> 0.71243596 | Z13: =IFS(OR(S13="",S13=0,J13="", J13=0),"",Y13<=80%,"Muito Defasado",Y13<=90%,"Defasado",Y13<=100%,"Na Média",Y13<=110%,"Competitivo",Y13<=120%,"Muito Competitivo",Y13>120%,"Agressivo") -> Muito Defasado | AA13: =VLOOKUP(A13,'Cálculos Comparativos'!$A:$E,4,0) -> 1
A14: 1 | B14: 41 | C14: =VLOOKUP(A14,Jobmatch!A:E,2,0) -> Engenheiro de Software Full Stack Jr | D14: =VLOOKUP(B14,'Folha de Pagamento'!B:G,6,0) -> DEV | E14: =VLOOKUP(A14,Jobmatch!A:E,4,0) -> Operacional | F14: =VLOOKUP(A14,Jobmatch!A:F,5,0) -> 1 | G14: =VLOOKUP(A14,Jobmatch!A:G,6,0) -> Desenvolvedor | H14: =VLOOKUP(A14,Jobmatch!A:H,7,0) -> Júnior | I14: =F14&H14 -> 1Júnior | J14: =IFERROR(VLOOKUP(B14,'Folha de Pagamento'!B:I,8,0),"") -> 2489.18 | K14: =IFERROR(VLOOKUP(I14,'C-01'!$D:$L,4,0),"") -> 2030.9 | L14: =IFERROR(VLOOKUP(I14,'C-01'!$D:$L,5,0),"") -> 2706.62 | M14: =IFERROR(VLOOKUP(I14,'C-01'!$D:$L,6,0),"") -> 3370.79 | N14: =IFERROR(VLOOKUP(I14,'C-01'!$D:$L,7,0),"") -> 3379.04 | O14: =IFERROR(VLOOKUP(I14,'C-01'!$D:$L,8,0),"") -> 3870.49 | P14: =IFERROR(VLOOKUP(I14,'C-01'!$D:$L,9,0),"") -> 5268.74 | Q14: =IFS('Painel Geral'!$B$5="Mediana",IFERROR(IF(OR(J14="",N14=0,N14=""),"",($J14/$N14)),""),'Painel Geral'!$B$5="Menor Salário",IFERROR(IF(OR(J14="",N14=0,N14=""),"",($J14/$K14)),""),'Painel Geral'!$B$5="1º Quartil",IFERROR(IF(OR(J14="",N14=0,N14=""),"",($J14/$L14)),""),'Painel Geral'!$B$5="Média",IFERROR(IF(OR(J14="",N14=0,N14=""),"",($J14/$M14)),""),'Painel Geral'!$B$5="3º Quartil",IFERROR(IF(OR(J14="",N14=0,N14=""),"",($J14/$O14)),""),'Painel Geral'!$B$5="Maior Salário",IFERROR(IF(OR(J14="",N14=0,N14=""),"",($J14/$P14)),"")) -> 0.73665301 | R14: =IFS(OR(K14="",K14=0,J14="", J14=0),"",Q14<=80%,"Muito Defasado",Q14<=90%,"Defasado",Q14<=100%,"Na Média",Q14<=110%,"Competitivo",Q14<=120%,"Muito Competitivo",Q14>120%,"Agressivo") -> Muito Defasado | S14: =IFERROR(VLOOKUP($I14,'C-02'!$D:$L,4,0),"") -> 2468.17 | T14: =IFERROR(VLOOKUP($I14,'C-02'!$D:$L,5,FALSE),"") -> 2944.09 | U14: =IFERROR(VLOOKUP($I14,'C-02'!$D:$L,6,FALSE),"") -> 3642.17 | V14: =IFERROR(VLOOKUP($I14,'C-02'!$D:$L,7,FALSE),"") -> 3493.9 | W14: =IFERROR(VLOOKUP($I14,'C-02'!$D:$L,8,FALSE),"") -> 4224.13 | X14: =IFERROR(VLOOKUP($I14,'C-02'!$D:$L,9,FALSE),"") -> 5456.83 | Y14: =IFS('Painel Geral'!$B$5="Mediana",IFERROR(IF(OR(J14="",V14=0,V14=""),"",($J14/$V14)),""),'Painel Geral'!$B$5="Menor Salário",IFERROR(IF(OR(J14="",V14=0,V14=""),"",($J14/$S14)),""),'Painel Geral'!$B$5="1º Quartil",IFERROR(IF(OR(J14="",V14=0,V14=""),"",($J14/$T14)),""),'Painel Geral'!$B$5="Média",IFERROR(IF(OR(J14="",V14=0,V14=""),"",($J14/$U14)),""),'Painel Geral'!$B$5="3º Quartil",IFERROR(IF(OR(J14="",V14=0,V14=""),"",($J14/$W14)),""),'Painel Geral'!$B$5="Maior Salário",IFERROR(IF(OR(J14="",V14=0,V14=""),"",($J14/$X14)),"")) -> 0.71243596 | Z14: =IFS(OR(S14="",S14=0,J14="", J14=0),"",Y14<=80%,"Muito Defasado",Y14<=90%,"Defasado",Y14<=100%,"Na Média",Y14<=110%,"Competitivo",Y14<=120%,"Muito Competitivo",Y14>120%,"Agressivo") -> Muito Defasado | AA14: =VLOOKUP(A14,'Cálculos Comparativos'!$A:$E,4,0) -> 1
A15: 1 | B15: 46 | C15: =VLOOKUP(A15,Jobmatch!A:E,2,0) -> Engenheiro de Software Full Stack Jr | D15: =VLOOKUP(B15,'Folha de Pagamento'!B:G,6,0) -> DEV | E15: =VLOOKUP(A15,Jobmatch!A:E,4,0) -> Operacional | F15: =VLOOKUP(A15,Jobmatch!A:F,5,0) -> 1 | G15: =VLOOKUP(A15,Jobmatch!A:G,6,0) -> Desenvolvedor | H15: =VLOOKUP(A15,Jobmatch!A:H,7,0) -> Júnior | I15: =F15&H15 -> 1Júnior | J15: =IFERROR(VLOOKUP(B15,'Folha de Pagamento'!B:I,8,0),"") -> 2489.18 | K15: =IFERROR(VLOOKUP(I15,'C-01'!$D:$L,4,0),"") -> 2030.9 | L15: =IFERROR(VLOOKUP(I15,'C-01'!$D:$L,5,0),"") -> 2706.62 | M15: =IFERROR(VLOOKUP(I15,'C-01'!$D:$L,6,0),"") -> 3370.79 | N15: =IFERROR(VLOOKUP(I15,'C-01'!$D:$L,7,0),"") -> 3379.04 | O15: =IFERROR(VLOOKUP(I15,'C-01'!$D:$L,8,0),"") -> 3870.49 | P15: =IFERROR(VLOOKUP(I15,'C-01'!$D:$L,9,0),"") -> 5268.74 | Q15: =IFS('Painel Geral'!$B$5="Mediana",IFERROR(IF(OR(J15="",N15=0,N15=""),"",($J15/$N15)),""),'Painel Geral'!$B$5="Menor Salário",IFERROR(IF(OR(J15="",N15=0,N15=""),"",($J15/$K15)),""),'Painel Geral'!$B$5="1º Quartil",IFERROR(IF(OR(J15="",N15=0,N15=""),"",($J15/$L15)),""),'Painel Geral'!$B$5="Média",IFERROR(IF(OR(J15="",N15=0,N15=""),"",($J15/$M15)),""),'Painel Geral'!$B$5="3º Quartil",IFERROR(IF(OR(J15="",N15=0,N15=""),"",($J15/$O15)),""),'Painel Geral'!$B$5="Maior Salário",IFERROR(IF(OR(J15="",N15=0,N15=""),"",($J15/$P15)),"")) -> 0.73665301 | R15: =IFS(OR(K15="",K15=0,J15="", J15=0),"",Q15<=80%,"Muito Defasado",Q15<=90%,"Defasado",Q15<=100%,"Na Média",Q15<=110%,"Competitivo",Q15<=120%,"Muito Competitivo",Q15>120%,"Agressivo") -> Muito Defasado | S15: =IFERROR(VLOOKUP($I15,'C-02'!$D:$L,4,0),"") -> 2468.17 | T15: =IFERROR(VLOOKUP($I15,'C-02'!$D:$L,5,FALSE),"") -> 2944.09 | U15: =IFERROR(VLOOKUP($I15,'C-02'!$D:$L,6,FALSE),"") -> 3642.17 | V15: =IFERROR(VLOOKUP($I15,'C-02'!$D:$L,7,FALSE),"") -> 3493.9 | W15: =IFERROR(VLOOKUP($I15,'C-02'!$D:$L,8,FALSE),"") -> 4224.13 | X15: =IFERROR(VLOOKUP($I15,'C-02'!$D:$L,9,FALSE),"") -> 5456.83 | Y15: =IFS('Painel Geral'!$B$5="Mediana",IFERROR(IF(OR(J15="",V15=0,V15=""),"",($J15/$V15)),""),'Painel Geral'!$B$5="Menor Salário",IFERROR(IF(OR(J15="",V15=0,V15=""),"",($J15/$S15)),""),'Painel Geral'!$B$5="1º Quartil",IFERROR(IF(OR(J15="",V15=0,V15=""),"",($J15/$T15)),""),'Painel Geral'!$B$5="Média",IFERROR(IF(OR(J15="",V15=0,V15=""),"",($J15/$U15)),""),'Painel Geral'!$B$5="3º Quartil",IFERROR(IF(OR(J15="",V15=0,V15=""),"",($J15/$W15)),""),'Painel Geral'!$B$5="Maior Salário",IFERROR(IF(OR(J15="",V15=0,V15=""),"",($J15/$X15)),"")) -> 0.71243596 | Z15: =IFS(OR(S15="",S15=0,J15="", J15=0),"",Y15<=80%,"Muito Defasado",Y15<=90%,"Defasado",Y15<=100%,"Na Média",Y15<=110%,"Competitivo",Y15<=120%,"Muito Competitivo",Y15>120%,"Agressivo") -> Muito Defasado
A16: 1 | B16: 40 | C16: =VLOOKUP(A16,Jobmatch!A:E,2,0) -> Engenheiro de Software Full Stack Jr | D16: =VLOOKUP(B16,'Folha de Pagamento'!B:G,6,0) -> DEV | E16: =VLOOKUP(A16,Jobmatch!A:E,4,0) -> Operacional | F16: =VLOOKUP(A16,Jobmatch!A:F,5,0) -> 1 | G16: =VLOOKUP(A16,Jobmatch!A:G,6,0) -> Desenvolvedor | H16: =VLOOKUP(A16,Jobmatch!A:H,7,0) -> Júnior | I16: =F16&H16 -> 1Júnior | J16: =IFERROR(VLOOKUP(B16,'Folha de Pagamento'!B:I,8,0),"") -> 2489.18 | K16: =IFERROR(VLOOKUP(I16,'C-01'!$D:$L,4,0),"") -> 2030.9 | L16: =IFERROR(VLOOKUP(I16,'C-01'!$D:$L,5,0),"") -> 2706.62 | M16: =IFERROR(VLOOKUP(I16,'C-01'!$D:$L,6,0),"") -> 3370.79 | N16: =IFERROR(VLOOKUP(I16,'C-01'!$D:$L,7,0),"") -> 3379.04 | O16: =IFERROR(VLOOKUP(I16,'C-01'!$D:$L,8,0),"") -> 3870.49 | P16: =IFERROR(VLOOKUP(I16,'C-01'!$D:$L,9,0),"") -> 5268.74 | Q16: =IFS('Painel Geral'!$B$5="Mediana",IFERROR(IF(OR(J16="",N16=0,N16=""),"",($J16/$N16)),""),'Painel Geral'!$B$5="Menor Salário",IFERROR(IF(OR(J16="",N16=0,N16=""),"",($J16/$K16)),""),'Painel Geral'!$B$5="1º Quartil",IFERROR(IF(OR(J16="",N16=0,N16=""),"",($J16/$L16)),""),'Painel Geral'!$B$5="Média",IFERROR(IF(OR(J16="",N16=0,N16=""),"",($J16/$M16)),""),'Painel Geral'!$B$5="3º Quartil",IFERROR(IF(OR(J16="",N16=0,N16=""),"",($J16/$O16)),""),'Painel Geral'!$B$5="Maior Salário",IFERROR(IF(OR(J16="",N16=0,N16=""),"",($J16/$P16)),"")) -> 0.73665301 | R16: =IFS(OR(K16="",K16=0,J16="", J16=0),"",Q16<=80%,"Muito Defasado",Q16<=90%,"Defasado",Q16<=100%,"Na Média",Q16<=110%,"Competitivo",Q16<=120%,"Muito Competitivo",Q16>120%,"Agressivo") -> Muito Defasado | S16: =IFERROR(VLOOKUP($I16,'C-02'!$D:$L,4,0),"") -> 2468.17 | T16: =IFERROR(VLOOKUP($I16,'C-02'!$D:$L,5,FALSE),"") -> 2944.09 | U16: =IFERROR(VLOOKUP($I16,'C-02'!$D:$L,6,FALSE),"") -> 3642.17 | V16: =IFERROR(VLOOKUP($I16,'C-02'!$D:$L,7,FALSE),"") -> 3493.9 | W16: =IFERROR(VLOOKUP($I16,'C-02'!$D:$L,8,FALSE),"") -> 4224.13 | X16: =IFERROR(VLOOKUP($I16,'C-02'!$D:$L,9,FALSE),"") -> 5456.83 | Y16: =IFS('Painel Geral'!$B$5="Mediana",IFERROR(IF(OR(J16="",V16=0,V16=""),"",($J16/$V16)),""),'Painel Geral'!$B$5="Menor Salário",IFERROR(IF(OR(J16="",V16=0,V16=""),"",($J16/$S16)),""),'Painel Geral'!$B$5="1º Quartil",IFERROR(IF(OR(J16="",V16=0,V16=""),"",($J16/$T16)),""),'Painel Geral'!$B$5="Média",IFERROR(IF(OR(J16="",V16=0,V16=""),"",($J16/$U16)),""),'Painel Geral'!$B$5="3º Quartil",IFERROR(IF(OR(J16="",V16=0,V16=""),"",($J16/$W16)),""),'Painel Geral'!$B$5="Maior Salário",IFERROR(IF(OR(J16="",V16=0,V16=""),"",($J16/$X16)),"")) -> 0.71243596 | Z16: =IFS(OR(S16="",S16=0,J16="", J16=0),"",Y16<=80%,"Muito Defasado",Y16<=90%,"Defasado",Y16<=100%,"Na Média",Y16<=110%,"Competitivo",Y16<=120%,"Muito Competitivo",Y16>120%,"Agressivo") -> Muito Defasado | AA16: =VLOOKUP(A16,'Cálculos Comparativos'!$A:$E,4,0) -> 1
A17: 1 | B17: 39 | C17: =VLOOKUP(A17,Jobmatch!A:E,2,0) -> Engenheiro de Software Full Stack Jr | D17: =VLOOKUP(B17,'Folha de Pagamento'!B:G,6,0) -> DEV | E17: =VLOOKUP(A17,Jobmatch!A:E,4,0) -> Operacional | F17: =VLOOKUP(A17,Jobmatch!A:F,5,0) -> 1 | G17: =VLOOKUP(A17,Jobmatch!A:G,6,0) -> Desenvolvedor | H17: =VLOOKUP(A17,Jobmatch!A:H,7,0) -> Júnior | I17: =F17&H17 -> 1Júnior | J17: =IFERROR(VLOOKUP(B17,'Folha de Pagamento'!B:I,8,0),"") -> 2489.18 | K17: =IFERROR(VLOOKUP(I17,'C-01'!$D:$L,4,0),"") -> 2030.9 | L17: =IFERROR(VLOOKUP(I17,'C-01'!$D:$L,5,0),"") -> 2706.62 | M17: =IFERROR(VLOOKUP(I17,'C-01'!$D:$L,6,0),"") -> 3370.79 | N17: =IFERROR(VLOOKUP(I17,'C-01'!$D:$L,7,0),"") -> 3379.04 | O17: =IFERROR(VLOOKUP(I17,'C-01'!$D:$L,8,0),"") -> 3870.49 | P17: =IFERROR(VLOOKUP(I17,'C-01'!$D:$L,9,0),"") -> 5268.74 | Q17: =IFS('Painel Geral'!$B$5="Mediana",IFERROR(IF(OR(J17="",N17=0,N17=""),"",($J17/$N17)),""),'Painel Geral'!$B$5="Menor Salário",IFERROR(IF(OR(J17="",N17=0,N17=""),"",($J17/$K17)),""),'Painel Geral'!$B$5="1º Quartil",IFERROR(IF(OR(J17="",N17=0,N17=""),"",($J17/$L17)),""),'Painel Geral'!$B$5="Média",IFERROR(IF(OR(J17="",N17=0,N17=""),"",($J17/$M17)),""),'Painel Geral'!$B$5="3º Quartil",IFERROR(IF(OR(J17="",N17=0,N17=""),"",($J17/$O17)),""),'Painel Geral'!$B$5="Maior Salário",IFERROR(IF(OR(J17="",N17=0,N17=""),"",($J17/$P17)),"")) -> 0.73665301 | R17: =IFS(OR(K17="",K17=0,J17="", J17=0),"",Q17<=80%,"Muito Defasado",Q17<=90%,"Defasado",Q17<=100%,"Na Média",Q17<=110%,"Competitivo",Q17<=120%,"Muito Competitivo",Q17>120%,"Agressivo") -> Muito Defasado | S17: =IFERROR(VLOOKUP($I17,'C-02'!$D:$L,4,0),"") -> 2468.17 | T17: =IFERROR(VLOOKUP($I17,'C-02'!$D:$L,5,FALSE),"") -> 2944.09 | U17: =IFERROR(VLOOKUP($I17,'C-02'!$D:$L,6,FALSE),"") -> 3642.17 | V17: =IFERROR(VLOOKUP($I17,'C-02'!$D:$L,7,FALSE),"") -> 3493.9 | W17: =IFERROR(VLOOKUP($I17,'C-02'!$D:$L,8,FALSE),"") -> 4224.13 | X17: =IFERROR(VLOOKUP($I17,'C-02'!$D:$L,9,FALSE),"") -> 5456.83 | Y17: =IFS('Painel Geral'!$B$5="Mediana",IFERROR(IF(OR(J17="",V17=0,V17=""),"",($J17/$V17)),""),'Painel Geral'!$B$5="Menor Salário",IFERROR(IF(OR(J17="",V17=0,V17=""),"",($J17/$S17)),""),'Painel Geral'!$B$5="1º Quartil",IFERROR(IF(OR(J17="",V17=0,V17=""),"",($J17/$T17)),""),'Painel Geral'!$B$5="Média",IFERROR(IF(OR(J17="",V17=0,V17=""),"",($J17/$U17)),""),'Painel Geral'!$B$5="3º Quartil",IFERROR(IF(OR(J17="",V17=0,V17=""),"",($J17/$W17)),""),'Painel Geral'!$B$5="Maior Salário",IFERROR(IF(OR(J17="",V17=0,V17=""),"",($J17/$X17)),"")) -> 0.71243596 | Z17: =IFS(OR(S17="",S17=0,J17="", J17=0),"",Y17<=80%,"Muito Defasado",Y17<=90%,"Defasado",Y17<=100%,"Na Média",Y17<=110%,"Competitivo",Y17<=120%,"Muito Competitivo",Y17>120%,"Agressivo") -> Muito Defasado | AA17: =VLOOKUP(A17,'Cálculos Comparativos'!$A:$E,4,0) -> 1
A18: 1 | B18: 19 | C18: =VLOOKUP(A18,Jobmatch!A:E,2,0) -> Engenheiro de Software Full Stack Jr | D18: =VLOOKUP(B18,'Folha de Pagamento'!B:G,6,0) -> DEV | E18: =VLOOKUP(A18,Jobmatch!A:E,4,0) -> Operacional | F18: =VLOOKUP(A18,Jobmatch!A:F,5,0) -> 1 | G18: =VLOOKUP(A18,Jobmatch!A:G,6,0) -> Desenvolvedor | H18: =VLOOKUP(A18,Jobmatch!A:H,7,0) -> Júnior | I18: =F18&H18 -> 1Júnior | J18: =IFERROR(VLOOKUP(B18,'Folha de Pagamento'!B:I,8,0),"") -> 2489.18 | K18: =IFERROR(VLOOKUP(I18,'C-01'!$D:$L,4,0),"") -> 2030.9 | L18: =IFERROR(VLOOKUP(I18,'C-01'!$D:$L,5,0),"") -> 2706.62 | M18: =IFERROR(VLOOKUP(I18,'C-01'!$D:$L,6,0),"") -> 3370.79 | N18: =IFERROR(VLOOKUP(I18,'C-01'!$D:$L,7,0),"") -> 3379.04 | O18: =IFERROR(VLOOKUP(I18,'C-01'!$D:$L,8,0),"") -> 3870.49 | P18: =IFERROR(VLOOKUP(I18,'C-01'!$D:$L,9,0),"") -> 5268.74 | Q18: =IFS('Painel Geral'!$B$5="Mediana",IFERROR(IF(OR(J18="",N18=0,N18=""),"",($J18/$N18)),""),'Painel Geral'!$B$5="Menor Salário",IFERROR(IF(OR(J18="",N18=0,N18=""),"",($J18/$K18)),""),'Painel Geral'!$B$5="1º Quartil",IFERROR(IF(OR(J18="",N18=0,N18=""),"",($J18/$L18)),""),'Painel Geral'!$B$5="Média",IFERROR(IF(OR(J18="",N18=0,N18=""),"",($J18/$M18)),""),'Painel Geral'!$B$5="3º Quartil",IFERROR(IF(OR(J18="",N18=0,N18=""),"",($J18/$O18)),""),'Painel Geral'!$B$5="Maior Salário",IFERROR(IF(OR(J18="",N18=0,N18=""),"",($J18/$P18)),"")) -> 0.73665301 | R18: =IFS(OR(K18="",K18=0,J18="", J18=0),"",Q18<=80%,"Muito Defasado",Q18<=90%,"Defasado",Q18<=100%,"Na Média",Q18<=110%,"Competitivo",Q18<=120%,"Muito Competitivo",Q18>120%,"Agressivo") -> Muito Defasado | S18: =IFERROR(VLOOKUP($I18,'C-02'!$D:$L,4,0),"") -> 2468.17 | T18: =IFERROR(VLOOKUP($I18,'C-02'!$D:$L,5,FALSE),"") -> 2944.09 | U18: =IFERROR(VLOOKUP($I18,'C-02'!$D:$L,6,FALSE),"") -> 3642.17 | V18: =IFERROR(VLOOKUP($I18,'C-02'!$D:$L,7,FALSE),"") -> 3493.9 | W18: =IFERROR(VLOOKUP($I18,'C-02'!$D:$L,8,FALSE),"") -> 4224.13 | X18: =IFERROR(VLOOKUP($I18,'C-02'!$D:$L,9,FALSE),"") -> 5456.83 | Y18: =IFS('Painel Geral'!$B$5="Mediana",IFERROR(IF(OR(J18="",V18=0,V18=""),"",($J18/$V18)),""),'Painel Geral'!$B$5="Menor Salário",IFERROR(IF(OR(J18="",V18=0,V18=""),"",($J18/$S18)),""),'Painel Geral'!$B$5="1º Quartil",IFERROR(IF(OR(J18="",V18=0,V18=""),"",($J18/$T18)),""),'Painel Geral'!$B$5="Média",IFERROR(IF(OR(J18="",V18=0,V18=""),"",($J18/$U18)),""),'Painel Geral'!$B$5="3º Quartil",IFERROR(IF(OR(J18="",V18=0,V18=""),"",($J18/$W18)),""),'Painel Geral'!$B$5="Maior Salário",IFERROR(IF(OR(J18="",V18=0,V18=""),"",($J18/$X18)),"")) -> 0.71243596 | Z18: =IFS(OR(S18="",S18=0,J18="", J18=0),"",Y18<=80%,"Muito Defasado",Y18<=90%,"Defasado",Y18<=100%,"Na Média",Y18<=110%,"Competitivo",Y18<=120%,"Muito Competitivo",Y18>120%,"Agressivo") -> Muito Defasado | AA18: =VLOOKUP(A18,'Cálculos Comparativos'!$A:$E,4,0) -> 1
A19: 1 | B19: 19 | C19: =VLOOKUP(A19,Jobmatch!A:E,2,0) -> Engenheiro de Software Full Stack Jr | D19: =VLOOKUP(B19,'Folha de Pagamento'!B:G,6,0) -> DEV | E19: =VLOOKUP(A19,Jobmatch!A:E,4,0) -> Operacional | F19: =VLOOKUP(A19,Jobmatch!A:F,5,0) -> 1 | G19: =VLOOKUP(A19,Jobmatch!A:G,6,0) -> Desenvolvedor | H19: =VLOOKUP(A19,Jobmatch!A:H,7,0) -> Júnior | I19: =F19&H19 -> 1Júnior | J19: =IFERROR(VLOOKUP(B19,'Folha de Pagamento'!B:I,8,0),"") -> 2489.18 | K19: =IFERROR(VLOOKUP(I19,'C-01'!$D:$L,4,0),"") -> 2030.9 | L19: =IFERROR(VLOOKUP(I19,'C-01'!$D:$L,5,0),"") -> 2706.62 | M19: =IFERROR(VLOOKUP(I19,'C-01'!$D:$L,6,0),"") -> 3370.79 | N19: =IFERROR(VLOOKUP(I19,'C-01'!$D:$L,7,0),"") -> 3379.04 | O19: =IFERROR(VLOOKUP(I19,'C-01'!$D:$L,8,0),"") -> 3870.49 | P19: =IFERROR(VLOOKUP(I19,'C-01'!$D:$L,9,0),"") -> 5268.74 | Q19: =IFS('Painel Geral'!$B$5="Mediana",IFERROR(IF(OR(J19="",N19=0,N19=""),"",($J19/$N19)),""),'Painel Geral'!$B$5="Menor Salário",IFERROR(IF(OR(J19="",N19=0,N19=""),"",($J19/$K19)),""),'Painel Geral'!$B$5="1º Quartil",IFERROR(IF(OR(J19="",N19=0,N19=""),"",($J19/$L19)),""),'Painel Geral'!$B$5="Média",IFERROR(IF(OR(J19="",N19=0,N19=""),"",($J19/$M19)),""),'Painel Geral'!$B$5="3º Quartil",IFERROR(IF(OR(J19="",N19=0,N19=""),"",($J19/$O19)),""),'Painel Geral'!$B$5="Maior Salário",IFERROR(IF(OR(J19="",N19=0,N19=""),"",($J19/$P19)),"")) -> 0.73665301 | R19: =IFS(OR(K19="",K19=0,J19="", J19=0),"",Q19<=80%,"Muito Defasado",Q19<=90%,"Defasado",Q19<=100%,"Na Média",Q19<=110%,"Competitivo",Q19<=120%,"Muito Competitivo",Q19>120%,"Agressivo") -> Muito Defasado | S19: =IFERROR(VLOOKUP($I19,'C-02'!$D:$L,4,0),"") -> 2468.17 | T19: =IFERROR(VLOOKUP($I19,'C-02'!$D:$L,5,FALSE),"") -> 2944.09 | U19: =IFERROR(VLOOKUP($I19,'C-02'!$D:$L,6,FALSE),"") -> 3642.17 | V19: =IFERROR(VLOOKUP($I19,'C-02'!$D:$L,7,FALSE),"") -> 3493.9 | W19: =IFERROR(VLOOKUP($I19,'C-02'!$D:$L,8,FALSE),"") -> 4224.13 | X19: =IFERROR(VLOOKUP($I19,'C-02'!$D:$L,9,FALSE),"") -> 5456.83 | Y19: =IFS('Painel Geral'!$B$5="Mediana",IFERROR(IF(OR(J19="",V19=0,V19=""),"",($J19/$V19)),""),'Painel Geral'!$B$5="Menor Salário",IFERROR(IF(OR(J19="",V19=0,V19=""),"",($J19/$S19)),""),'Painel Geral'!$B$5="1º Quartil",IFERROR(IF(OR(J19="",V19=0,V19=""),"",($J19/$T19)),""),'Painel Geral'!$B$5="Média",IFERROR(IF(OR(J19="",V19=0,V19=""),"",($J19/$U19)),""),'Painel Geral'!$B$5="3º Quartil",IFERROR(IF(OR(J19="",V19=0,V19=""),"",($J19/$W19)),""),'Painel Geral'!$B$5="Maior Salário",IFERROR(IF(OR(J19="",V19=0,V19=""),"",($J19/$X19)),"")) -> 0.71243596 | Z19: =IFS(OR(S19="",S19=0,J19="", J19=0),"",Y19<=80%,"Muito Defasado",Y19<=90%,"Defasado",Y19<=100%,"Na Média",Y19<=110%,"Competitivo",Y19<=120%,"Muito Competitivo",Y19>120%,"Agressivo") -> Muito Defasado | AA19: =VLOOKUP(A19,'Cálculos Comparativos'!$A:$E,4,0) -> 1
A20: 1 | B20: 21 | C20: =VLOOKUP(A20,Jobmatch!A:E,2,0) -> Engenheiro de Software Full Stack Jr | D20: =VLOOKUP(B20,'Folha de Pagamento'!B:G,6,0) -> DEV | E20: =VLOOKUP(A20,Jobmatch!A:E,4,0) -> Operacional | F20: =VLOOKUP(A20,Jobmatch!A:F,5,0) -> 1 | G20: =VLOOKUP(A20,Jobmatch!A:G,6,0) -> Desenvolvedor | H20: =VLOOKUP(A20,Jobmatch!A:H,7,0) -> Júnior | I20: =F20&H20 -> 1Júnior | J20: =IFERROR(VLOOKUP(B20,'Folha de Pagamento'!B:I,8,0),"") -> 2489.18 | K20: =IFERROR(VLOOKUP(I20,'C-01'!$D:$L,4,0),"") -> 2030.9 | L20: =IFERROR(VLOOKUP(I20,'C-01'!$D:$L,5,0),"") -> 2706.62 | M20: =IFERROR(VLOOKUP(I20,'C-01'!$D:$L,6,0),"") -> 3370.79 | N20: =IFERROR(VLOOKUP(I20,'C-01'!$D:$L,7,0),"") -> 3379.04 | O20: =IFERROR(VLOOKUP(I20,'C-01'!$D:$L,8,0),"") -> 3870.49 | P20: =IFERROR(VLOOKUP(I20,'C-01'!$D:$L,9,0),"") -> 5268.74 | Q20: =IFS('Painel Geral'!$B$5="Mediana",IFERROR(IF(OR(J20="",N20=0,N20=""),"",($J20/$N20)),""),'Painel Geral'!$B$5="Menor Salário",IFERROR(IF(OR(J20="",N20=0,N20=""),"",($J20/$K20)),""),'Painel Geral'!$B$5="1º Quartil",IFERROR(IF(OR(J20="",N20=0,N20=""),"",($J20/$L20)),""),'Painel Geral'!$B$5="Média",IFERROR(IF(OR(J20="",N20=0,N20=""),"",($J20/$M20)),""),'Painel Geral'!$B$5="3º Quartil",IFERROR(IF(OR(J20="",N20=0,N20=""),"",($J20/$O20)),""),'Painel Geral'!$B$5="Maior Salário",IFERROR(IF(OR(J20="",N20=0,N20=""),"",($J20/$P20)),"")) -> 0.73665301 | R20: =IFS(OR(K20="",K20=0,J20="", J20=0),"",Q20<=80%,"Muito Defasado",Q20<=90%,"Defasado",Q20<=100%,"Na Média",Q20<=110%,"Competitivo",Q20<=120%,"Muito Competitivo",Q20>120%,"Agressivo") -> Muito Defasado | S20: =IFERROR(VLOOKUP($I20,'C-02'!$D:$L,4,0),"") -> 2468.17 | T20: =IFERROR(VLOOKUP($I20,'C-02'!$D:$L,5,FALSE),"") -> 2944.09 | U20: =IFERROR(VLOOKUP($I20,'C-02'!$D:$L,6,FALSE),"") -> 3642.17 | V20: =IFERROR(VLOOKUP($I20,'C-02'!$D:$L,7,FALSE),"") -> 3493.9 | W20: =IFERROR(VLOOKUP($I20,'C-02'!$D:$L,8,FALSE),"") -> 4224.13 | X20: =IFERROR(VLOOKUP($I20,'C-02'!$D:$L,9,FALSE),"") -> 5456.83 | Y20: =IFS('Painel Geral'!$B$5="Mediana",IFERROR(IF(OR(J20="",V20=0,V20=""),"",($J20/$V20)),""),'Painel Geral'!$B$5="Menor Salário",IFERROR(IF(OR(J20="",V20=0,V20=""),"",($J20/$S20)),""),'Painel Geral'!$B$5="1º Quartil",IFERROR(IF(OR(J20="",V20=0,V20=""),"",($J20/$T20)),""),'Painel Geral'!$B$5="Média",IFERROR(IF(OR(J20="",V20=0,V20=""),"",($J20/$U20)),""),'Painel Geral'!$B$5="3º Quartil",IFERROR(IF(OR(J20="",V20=0,V20=""),"",($J20/$W20)),""),'Painel Geral'!$B$5="Maior Salário",IFERROR(IF(OR(J20="",V20=0,V20=""),"",($J20/$X20)),"")) -> 0.71243596 | Z20: =IFS(OR(S20="",S20=0,J20="", J20=0),"",Y20<=80%,"Muito Defasado",Y20<=90%,"Defasado",Y20<=100%,"Na Média",Y20<=110%,"Competitivo",Y20<=120%,"Muito Competitivo",Y20>120%,"Agressivo") -> Muito Defasado | AA20: =VLOOKUP(A20,'Cálculos Comparativos'!$A:$E,4,0) -> 1
A21: 1 | B21: 45 | C21: =VLOOKUP(A21,Jobmatch!A:E,2,0) -> Engenheiro de Software Full Stack Jr | D21: =VLOOKUP(B21,'Folha de Pagamento'!B:G,6,0) -> DEV | E21: =VLOOKUP(A21,Jobmatch!A:E,4,0) -> Operacional | F21: =VLOOKUP(A21,Jobmatch!A:F,5,0) -> 1 | G21: =VLOOKUP(A21,Jobmatch!A:G,6,0) -> Desenvolvedor | H21: =VLOOKUP(A21,Jobmatch!A:H,7,0) -> Júnior | I21: =F21&H21 -> 1Júnior | J21: =IFERROR(VLOOKUP(B21,'Folha de Pagamento'!B:I,8,0),"") -> 2489.18 | K21: =IFERROR(VLOOKUP(I21,'C-01'!$D:$L,4,0),"") -> 2030.9 | L21: =IFERROR(VLOOKUP(I21,'C-01'!$D:$L,5,0),"") -> 2706.62 | M21: =IFERROR(VLOOKUP(I21,'C-01'!$D:$L,6,0),"") -> 3370.79 | N21: =IFERROR(VLOOKUP(I21,'C-01'!$D:$L,7,0),"") -> 3379.04 | O21: =IFERROR(VLOOKUP(I21,'C-01'!$D:$L,8,0),"") -> 3870.49 | P21: =IFERROR(VLOOKUP(I21,'C-01'!$D:$L,9,0),"") -> 5268.74 | Q21: =IFS('Painel Geral'!$B$5="Mediana",IFERROR(IF(OR(J21="",N21=0,N21=""),"",($J21/$N21)),""),'Painel Geral'!$B$5="Menor Salário",IFERROR(IF(OR(J21="",N21=0,N21=""),"",($J21/$K21)),""),'Painel Geral'!$B$5="1º Quartil",IFERROR(IF(OR(J21="",N21=0,N21=""),"",($J21/$L21)),""),'Painel Geral'!$B$5="Média",IFERROR(IF(OR(J21="",N21=0,N21=""),"",($J21/$M21)),""),'Painel Geral'!$B$5="3º Quartil",IFERROR(IF(OR(J21="",N21=0,N21=""),"",($J21/$O21)),""),'Painel Geral'!$B$5="Maior Salário",IFERROR(IF(OR(J21="",N21=0,N21=""),"",($J21/$P21)),"")) -> 0.73665301 | R21: =IFS(OR(K21="",K21=0,J21="", J21=0),"",Q21<=80%,"Muito Defasado",Q21<=90%,"Defasado",Q21<=100%,"Na Média",Q21<=110%,"Competitivo",Q21<=120%,"Muito Competitivo",Q21>120%,"Agressivo") -> Muito Defasado | S21: =IFERROR(VLOOKUP($I21,'C-02'!$D:$L,4,0),"") -> 2468.17 | T21: =IFERROR(VLOOKUP($I21,'C-02'!$D:$L,5,FALSE),"") -> 2944.09 | U21: =IFERROR(VLOOKUP($I21,'C-02'!$D:$L,6,FALSE),"") -> 3642.17 | V21: =IFERROR(VLOOKUP($I21,'C-02'!$D:$L,7,FALSE),"") -> 3493.9 | W21: =IFERROR(VLOOKUP($I21,'C-02'!$D:$L,8,FALSE),"") -> 4224.13 | X21: =IFERROR(VLOOKUP($I21,'C-02'!$D:$L,9,FALSE),"") -> 5456.83 | Y21: =IFS('Painel Geral'!$B$5="Mediana",IFERROR(IF(OR(J21="",V21=0,V21=""),"",($J21/$V21)),""),'Painel Geral'!$B$5="Menor Salário",IFERROR(IF(OR(J21="",V21=0,V21=""),"",($J21/$S21)),""),'Painel Geral'!$B$5="1º Quartil",IFERROR(IF(OR(J21="",V21=0,V21=""),"",($J21/$T21)),""),'Painel Geral'!$B$5="Média",IFERROR(IF(OR(J21="",V21=0,V21=""),"",($J21/$U21)),""),'Painel Geral'!$B$5="3º Quartil",IFERROR(IF(OR(J21="",V21=0,V21=""),"",($J21/$W21)),""),'Painel Geral'!$B$5="Maior Salário",IFERROR(IF(OR(J21="",V21=0,V21=""),"",($J21/$X21)),"")) -> 0.71243596 | Z21: =IFS(OR(S21="",S21=0,J21="", J21=0),"",Y21<=80%,"Muito Defasado",Y21<=90%,"Defasado",Y21<=100%,"Na Média",Y21<=110%,"Competitivo",Y21<=120%,"Muito Competitivo",Y21>120%,"Agressivo") -> Muito Defasado | AA21: =VLOOKUP(A21,'Cálculos Comparativos'!$A:$E,4,0) -> 1
A22: 1 | B22: 13 | C22: =VLOOKUP(A22,Jobmatch!A:E,2,0) -> Engenheiro de Software Full Stack Jr | D22: =VLOOKUP(B22,'Folha de Pagamento'!B:G,6,0) -> DEV | E22: =VLOOKUP(A22,Jobmatch!A:E,4,0) -> Operacional | F22: =VLOOKUP(A22,Jobmatch!A:F,5,0) -> 1 | G22: =VLOOKUP(A22,Jobmatch!A:G,6,0) -> Desenvolvedor | H22: =VLOOKUP(A22,Jobmatch!A:H,7,0) -> Júnior | I22: =F22&H22 -> 1Júnior | J22: =IFERROR(VLOOKUP(B22,'Folha de Pagamento'!B:I,8,0),"") -> 2489.18 | K22: =IFERROR(VLOOKUP(I22,'C-01'!$D:$L,4,0),"") -> 2030.9 | L22: =IFERROR(VLOOKUP(I22,'C-01'!$D:$L,5,0),"") -> 2706.62 | M22: =IFERROR(VLOOKUP(I22,'C-01'!$D:$L,6,0),"") -> 3370.79 | N22: =IFERROR(VLOOKUP(I22,'C-01'!$D:$L,7,0),"") -> 3379.04 | O22: =IFERROR(VLOOKUP(I22,'C-01'!$D:$L,8,0),"") -> 3870.49 | P22: =IFERROR(VLOOKUP(I22,'C-01'!$D:$L,9,0),"") -> 5268.74 | Q22: =IFS('Painel Geral'!$B$5="Mediana",IFERROR(IF(OR(J22="",N22=0,N22=""),"",($J22/$N22)),""),'Painel Geral'!$B$5="Menor Salário",IFERROR(IF(OR(J22="",N22=0,N22=""),"",($J22/$K22)),""),'Painel Geral'!$B$5="1º Quartil",IFERROR(IF(OR(J22="",N22=0,N22=""),"",($J22/$L22)),""),'Painel Geral'!$B$5="Média",IFERROR(IF(OR(J22="",N22=0,N22=""),"",($J22/$M22)),""),'Painel Geral'!$B$5="3º Quartil",IFERROR(IF(OR(J22="",N22=0,N22=""),"",($J22/$O22)),""),'Painel Geral'!$B$5="Maior Salário",IFERROR(IF(OR(J22="",N22=0,N22=""),"",($J22/$P22)),"")) -> 0.73665301 | R22: =IFS(OR(K22="",K22=0,J22="", J22=0),"",Q22<=80%,"Muito Defasado",Q22<=90%,"Defasado",Q22<=100%,"Na Média",Q22<=110%,"Competitivo",Q22<=120%,"Muito Competitivo",Q22>120%,"Agressivo") -> Muito Defasado | S22: =IFERROR(VLOOKUP($I22,'C-02'!$D:$L,4,0),"") -> 2468.17 | T22: =IFERROR(VLOOKUP($I22,'C-02'!$D:$L,5,FALSE),"") -> 2944.09 | U22: =IFERROR(VLOOKUP($I22,'C-02'!$D:$L,6,FALSE),"") -> 3642.17 | V22: =IFERROR(VLOOKUP($I22,'C-02'!$D:$L,7,FALSE),"") -> 3493.9 | W22: =IFERROR(VLOOKUP($I22,'C-02'!$D:$L,8,FALSE),"") -> 4224.13 | X22: =IFERROR(VLOOKUP($I22,'C-02'!$D:$L,9,FALSE),"") -> 5456.83 | Y22: =IFS('Painel Geral'!$B$5="Mediana",IFERROR(IF(OR(J22="",V22=0,V22=""),"",($J22/$V22)),""),'Painel Geral'!$B$5="Menor Salário",IFERROR(IF(OR(J22="",V22=0,V22=""),"",($J22/$S22)),""),'Painel Geral'!$B$5="1º Quartil",IFERROR(IF(OR(J22="",V22=0,V22=""),"",($J22/$T22)),""),'Painel Geral'!$B$5="Média",IFERROR(IF(OR(J22="",V22=0,V22=""),"",($J22/$U22)),""),'Painel Geral'!$B$5="3º Quartil",IFERROR(IF(OR(J22="",V22=0,V22=""),"",($J22/$W22)),""),'Painel Geral'!$B$5="Maior Salário",IFERROR(IF(OR(J22="",V22=0,V22=""),"",($J22/$X22)),"")) -> 0.71243596 | Z22: =IFS(OR(S22="",S22=0,J22="", J22=0),"",Y22<=80%,"Muito Defasado",Y22<=90%,"Defasado",Y22<=100%,"Na Média",Y22<=110%,"Competitivo",Y22<=120%,"Muito Competitivo",Y22>120%,"Agressivo") -> Muito Defasado | AA22: =VLOOKUP(A22,'Cálculos Comparativos'!$A:$E,4,0) -> 1
A23: 1 | B23: 22 | C23: =VLOOKUP(A23,Jobmatch!A:E,2,0) -> Engenheiro de Software Full Stack Jr | D23: =VLOOKUP(B23,'Folha de Pagamento'!B:G,6,0) -> DEV | E23: =VLOOKUP(A23,Jobmatch!A:E,4,0) -> Operacional | F23: =VLOOKUP(A23,Jobmatch!A:F,5,0) -> 1 | G23: =VLOOKUP(A23,Jobmatch!A:G,6,0) -> Desenvolvedor | H23: =VLOOKUP(A23,Jobmatch!A:H,7,0) -> Júnior | I23: =F23&H23 -> 1Júnior | J23: =IFERROR(VLOOKUP(B23,'Folha de Pagamento'!B:I,8,0),"") -> 2489.18 | K23: =IFERROR(VLOOKUP(I23,'C-01'!$D:$L,4,0),"") -> 2030.9 | L23: =IFERROR(VLOOKUP(I23,'C-01'!$D:$L,5,0),"") -> 2706.62 | M23: =IFERROR(VLOOKUP(I23,'C-01'!$D:$L,6,0),"") -> 3370.79 | N23: =IFERROR(VLOOKUP(I23,'C-01'!$D:$L,7,0),"") -> 3379.04 | O23: =IFERROR(VLOOKUP(I23,'C-01'!$D:$L,8,0),"") -> 3870.49 | P23: =IFERROR(VLOOKUP(I23,'C-01'!$D:$L,9,0),"") -> 5268.74 | Q23: =IFS('Painel Geral'!$B$5="Mediana",IFERROR(IF(OR(J23="",N23=0,N23=""),"",($J23/$N23)),""),'Painel Geral'!$B$5="Menor Salário",IFERROR(IF(OR(J23="",N23=0,N23=""),"",($J23/$K23)),""),'Painel Geral'!$B$5="1º Quartil",IFERROR(IF(OR(J23="",N23=0,N23=""),"",($J23/$L23)),""),'Painel Geral'!$B$5="Média",IFERROR(IF(OR(J23="",N23=0,N23=""),"",($J23/$M23)),""),'Painel Geral'!$B$5="3º Quartil",IFERROR(IF(OR(J23="",N23=0,N23=""),"",($J23/$O23)),""),'Painel Geral'!$B$5="Maior Salário",IFERROR(IF(OR(J23="",N23=0,N23=""),"",($J23/$P23)),"")) -> 0.73665301 | R23: =IFS(OR(K23="",K23=0,J23="", J23=0),"",Q23<=80%,"Muito Defasado",Q23<=90%,"Defasado",Q23<=100%,"Na Média",Q23<=110%,"Competitivo",Q23<=120%,"Muito Competitivo",Q23>120%,"Agressivo") -> Muito Defasado | S23: =IFERROR(VLOOKUP($I23,'C-02'!$D:$L,4,0),"") -> 2468.17 | T23: =IFERROR(VLOOKUP($I23,'C-02'!$D:$L,5,FALSE),"") -> 2944.09 | U23: =IFERROR(VLOOKUP($I23,'C-02'!$D:$L,6,FALSE),"") -> 3642.17 | V23: =IFERROR(VLOOKUP($I23,'C-02'!$D:$L,7,FALSE),"") -> 3493.9 | W23: =IFERROR(VLOOKUP($I23,'C-02'!$D:$L,8,FALSE),"") -> 4224.13 | X23: =IFERROR(VLOOKUP($I23,'C-02'!$D:$L,9,FALSE),"") -> 5456.83 | Y23: =IFS('Painel Geral'!$B$5="Mediana",IFERROR(IF(OR(J23="",V23=0,V23=""),"",($J23/$V23)),""),'Painel Geral'!$B$5="Menor Salário",IFERROR(IF(OR(J23="",V23=0,V23=""),"",($J23/$S23)),""),'Painel Geral'!$B$5="1º Quartil",IFERROR(IF(OR(J23="",V23=0,V23=""),"",($J23/$T23)),""),'Painel Geral'!$B$5="Média",IFERROR(IF(OR(J23="",V23=0,V23=""),"",($J23/$U23)),""),'Painel Geral'!$B$5="3º Quartil",IFERROR(IF(OR(J23="",V23=0,V23=""),"",($J23/$W23)),""),'Painel Geral'!$B$5="Maior Salário",IFERROR(IF(OR(J23="",V23=0,V23=""),"",($J23/$X23)),"")) -> 0.71243596 | Z23: =IFS(OR(S23="",S23=0,J23="", J23=0),"",Y23<=80%,"Muito Defasado",Y23<=90%,"Defasado",Y23<=100%,"Na Média",Y23<=110%,"Competitivo",Y23<=120%,"Muito Competitivo",Y23>120%,"Agressivo") -> Muito Defasado | AA23: =VLOOKUP(A23,'Cálculos Comparativos'!$A:$E,4,0) -> 1
A24: 1 | B24: 1 | C24: =VLOOKUP(A24,Jobmatch!A:E,2,0) -> Engenheiro de Software Full Stack Jr | D24: =VLOOKUP(B24,'Folha de Pagamento'!B:G,6,0) -> DEV | E24: =VLOOKUP(A24,Jobmatch!A:E,4,0) -> Operacional | F24: =VLOOKUP(A24,Jobmatch!A:F,5,0) -> 1 | G24: =VLOOKUP(A24,Jobmatch!A:G,6,0) -> Desenvolvedor | H24: =VLOOKUP(A24,Jobmatch!A:H,7,0) -> Júnior | I24: =F24&H24 -> 1Júnior | J24: =IFERROR(VLOOKUP(B24,'Folha de Pagamento'!B:I,8,0),"") -> 2489.18 | K24: =IFERROR(VLOOKUP(I24,'C-01'!$D:$L,4,0),"") -> 2030.9 | L24: =IFERROR(VLOOKUP(I24,'C-01'!$D:$L,5,0),"") -> 2706.62 | M24: =IFERROR(VLOOKUP(I24,'C-01'!$D:$L,6,0),"") -> 3370.79 | N24: =IFERROR(VLOOKUP(I24,'C-01'!$D:$L,7,0),"") -> 3379.04 | O24: =IFERROR(VLOOKUP(I24,'C-01'!$D:$L,8,0),"") -> 3870.49 | P24: =IFERROR(VLOOKUP(I24,'C-01'!$D:$L,9,0),"") -> 5268.74 | Q24: =IFS('Painel Geral'!$B$5="Mediana",IFERROR(IF(OR(J24="",N24=0,N24=""),"",($J24/$N24)),""),'Painel Geral'!$B$5="Menor Salário",IFERROR(IF(OR(J24="",N24=0,N24=""),"",($J24/$K24)),""),'Painel Geral'!$B$5="1º Quartil",IFERROR(IF(OR(J24="",N24=0,N24=""),"",($J24/$L24)),""),'Painel Geral'!$B$5="Média",IFERROR(IF(OR(J24="",N24=0,N24=""),"",($J24/$M24)),""),'Painel Geral'!$B$5="3º Quartil",IFERROR(IF(OR(J24="",N24=0,N24=""),"",($J24/$O24)),""),'Painel Geral'!$B$5="Maior Salário",IFERROR(IF(OR(J24="",N24=0,N24=""),"",($J24/$P24)),"")) -> 0.73665301 | R24: =IFS(OR(K24="",K24=0,J24="", J24=0),"",Q24<=80%,"Muito Defasado",Q24<=90%,"Defasado",Q24<=100%,"Na Média",Q24<=110%,"Competitivo",Q24<=120%,"Muito Competitivo",Q24>120%,"Agressivo") -> Muito Defasado | S24: =IFERROR(VLOOKUP($I24,'C-02'!$D:$L,4,0),"") -> 2468.17 | T24: =IFERROR(VLOOKUP($I24,'C-02'!$D:$L,5,FALSE),"") -> 2944.09 | U24: =IFERROR(VLOOKUP($I24,'C-02'!$D:$L,6,FALSE),"") -> 3642.17 | V24: =IFERROR(VLOOKUP($I24,'C-02'!$D:$L,7,FALSE),"") -> 3493.9 | W24: =IFERROR(VLOOKUP($I24,'C-02'!$D:$L,8,FALSE),"") -> 4224.13 | X24: =IFERROR(VLOOKUP($I24,'C-02'!$D:$L,9,FALSE),"") -> 5456.83 | Y24: =IFS('Painel Geral'!$B$5="Mediana",IFERROR(IF(OR(J24="",V24=0,V24=""),"",($J24/$V24)),""),'Painel Geral'!$B$5="Menor Salário",IFERROR(IF(OR(J24="",V24=0,V24=""),"",($J24/$S24)),""),'Painel Geral'!$B$5="1º Quartil",IFERROR(IF(OR(J24="",V24=0,V24=""),"",($J24/$T24)),""),'Painel Geral'!$B$5="Média",IFERROR(IF(OR(J24="",V24=0,V24=""),"",($J24/$U24)),""),'Painel Geral'!$B$5="3º Quartil",IFERROR(IF(OR(J24="",V24=0,V24=""),"",($J24/$W24)),""),'Painel Geral'!$B$5="Maior Salário",IFERROR(IF(OR(J24="",V24=0,V24=""),"",($J24/$X24)),"")) -> 0.71243596 | Z24: =IFS(OR(S24="",S24=0,J24="", J24=0),"",Y24<=80%,"Muito Defasado",Y24<=90%,"Defasado",Y24<=100%,"Na Média",Y24<=110%,"Competitivo",Y24<=120%,"Muito Competitivo",Y24>120%,"Agressivo") -> Muito Defasado | AA24: =VLOOKUP(A24,'Cálculos Comparativos'!$A:$E,4,0) -> 1
A25: 1 | B25: 9 | C25: =VLOOKUP(A25,Jobmatch!A:E,2,0) -> Engenheiro de Software Full Stack Jr | D25: =VLOOKUP(B25,'Folha de Pagamento'!B:G,6,0) -> DEV | E25: =VLOOKUP(A25,Jobmatch!A:E,4,0) -> Operacional | F25: =VLOOKUP(A25,Jobmatch!A:F,5,0) -> 1 | G25: =VLOOKUP(A25,Jobmatch!A:G,6,0) -> Desenvolvedor | H25: =VLOOKUP(A25,Jobmatch!A:H,7,0) -> Júnior | I25: =F25&H25 -> 1Júnior | J25: =IFERROR(VLOOKUP(B25,'Folha de Pagamento'!B:I,8,0),"") -> 2489.18 | K25: =IFERROR(VLOOKUP(I25,'C-01'!$D:$L,4,0),"") -> 2030.9 | L25: =IFERROR(VLOOKUP(I25,'C-01'!$D:$L,5,0),"") -> 2706.62 | M25: =IFERROR(VLOOKUP(I25,'C-01'!$D:$L,6,0),"") -> 3370.79 | N25: =IFERROR(VLOOKUP(I25,'C-01'!$D:$L,7,0),"") -> 3379.04 | O25: =IFERROR(VLOOKUP(I25,'C-01'!$D:$L,8,0),"") -> 3870.49 | P25: =IFERROR(VLOOKUP(I25,'C-01'!$D:$L,9,0),"") -> 5268.74 | Q25: =IFS('Painel Geral'!$B$5="Mediana",IFERROR(IF(OR(J25="",N25=0,N25=""),"",($J25/$N25)),""),'Painel Geral'!$B$5="Menor Salário",IFERROR(IF(OR(J25="",N25=0,N25=""),"",($J25/$K25)),""),'Painel Geral'!$B$5="1º Quartil",IFERROR(IF(OR(J25="",N25=0,N25=""),"",($J25/$L25)),""),'Painel Geral'!$B$5="Média",IFERROR(IF(OR(J25="",N25=0,N25=""),"",($J25/$M25)),""),'Painel Geral'!$B$5="3º Quartil",IFERROR(IF(OR(J25="",N25=0,N25=""),"",($J25/$O25)),""),'Painel Geral'!$B$5="Maior Salário",IFERROR(IF(OR(J25="",N25=0,N25=""),"",($J25/$P25)),"")) -> 0.73665301 | R25: =IFS(OR(K25="",K25=0,J25="", J25=0),"",Q25<=80%,"Muito Defasado",Q25<=90%,"Defasado",Q25<=100%,"Na Média",Q25<=110%,"Competitivo",Q25<=120%,"Muito Competitivo",Q25>120%,"Agressivo") -> Muito Defasado | S25: =IFERROR(VLOOKUP($I25,'C-02'!$D:$L,4,0),"") -> 2468.17 | T25: =IFERROR(VLOOKUP($I25,'C-02'!$D:$L,5,FALSE),"") -> 2944.09 | U25: =IFERROR(VLOOKUP($I25,'C-02'!$D:$L,6,FALSE),"") -> 3642.17 | V25: =IFERROR(VLOOKUP($I25,'C-02'!$D:$L,7,FALSE),"") -> 3493.9 | W25: =IFERROR(VLOOKUP($I25,'C-02'!$D:$L,8,FALSE),"") -> 4224.13 | X25: =IFERROR(VLOOKUP($I25,'C-02'!$D:$L,9,FALSE),"") -> 5456.83 | Y25: =IFS('Painel Geral'!$B$5="Mediana",IFERROR(IF(OR(J25="",V25=0,V25=""),"",($J25/$V25)),""),'Painel Geral'!$B$5="Menor Salário",IFERROR(IF(OR(J25="",V25=0,V25=""),"",($J25/$S25)),""),'Painel Geral'!$B$5="1º Quartil",IFERROR(IF(OR(J25="",V25=0,V25=""),"",($J25/$T25)),""),'Painel Geral'!$B$5="Média",IFERROR(IF(OR(J25="",V25=0,V25=""),"",($J25/$U25)),""),'Painel Geral'!$B$5="3º Quartil",IFERROR(IF(OR(J25="",V25=0,V25=""),"",($J25/$W25)),""),'Painel Geral'!$B$5="Maior Salário",IFERROR(IF(OR(J25="",V25=0,V25=""),"",($J25/$X25)),"")) -> 0.71243596 | Z25: =IFS(OR(S25="",S25=0,J25="", J25=0),"",Y25<=80%,"Muito Defasado",Y25<=90%,"Defasado",Y25<=100%,"Na Média",Y25<=110%,"Competitivo",Y25<=120%,"Muito Competitivo",Y25>120%,"Agressivo") -> Muito Defasado | AA25: =VLOOKUP(A25,'Cálculos Comparativos'!$A:$E,4,0) -> 1
A26: 1 | B26: 2 | C26: =VLOOKUP(A26,Jobmatch!A:E,2,0) -> Engenheiro de Software Full Stack Jr | D26: =VLOOKUP(B26,'Folha de Pagamento'!B:G,6,0) -> DEV | E26: =VLOOKUP(A26,Jobmatch!A:E,4,0) -> Operacional | F26: =VLOOKUP(A26,Jobmatch!A:F,5,0) -> 1 | G26: =VLOOKUP(A26,Jobmatch!A:G,6,0) -> Desenvolvedor | H26: =VLOOKUP(A26,Jobmatch!A:H,7,0) -> Júnior | I26: =F26&H26 -> 1Júnior | J26: =IFERROR(VLOOKUP(B26,'Folha de Pagamento'!B:I,8,0),"") -> 2489.18 | K26: =IFERROR(VLOOKUP(I26,'C-01'!$D:$L,4,0),"") -> 2030.9 | L26: =IFERROR(VLOOKUP(I26,'C-01'!$D:$L,5,0),"") -> 2706.62 | M26: =IFERROR(VLOOKUP(I26,'C-01'!$D:$L,6,0),"") -> 3370.79 | N26: =IFERROR(VLOOKUP(I26,'C-01'!$D:$L,7,0),"") -> 3379.04 | O26: =IFERROR(VLOOKUP(I26,'C-01'!$D:$L,8,0),"") -> 3870.49 | P26: =IFERROR(VLOOKUP(I26,'C-01'!$D:$L,9,0),"") -> 5268.74 | Q26: =IFS('Painel Geral'!$B$5="Mediana",IFERROR(IF(OR(J26="",N26=0,N26=""),"",($J26/$N26)),""),'Painel Geral'!$B$5="Menor Salário",IFERROR(IF(OR(J26="",N26=0,N26=""),"",($J26/$K26)),""),'Painel Geral'!$B$5="1º Quartil",IFERROR(IF(OR(J26="",N26=0,N26=""),"",($J26/$L26)),""),'Painel Geral'!$B$5="Média",IFERROR(IF(OR(J26="",N26=0,N26=""),"",($J26/$M26)),""),'Painel Geral'!$B$5="3º Quartil",IFERROR(IF(OR(J26="",N26=0,N26=""),"",($J26/$O26)),""),'Painel Geral'!$B$5="Maior Salário",IFERROR(IF(OR(J26="",N26=0,N26=""),"",($J26/$P26)),"")) -> 0.73665301 | R26: =IFS(OR(K26="",K26=0,J26="", J26=0),"",Q26<=80%,"Muito Defasado",Q26<=90%,"Defasado",Q26<=100%,"Na Média",Q26<=110%,"Competitivo",Q26<=120%,"Muito Competitivo",Q26>120%,"Agressivo") -> Muito Defasado | S26: =IFERROR(VLOOKUP($I26,'C-02'!$D:$L,4,0),"") -> 2468.17 | T26: =IFERROR(VLOOKUP($I26,'C-02'!$D:$L,5,FALSE),"") -> 2944.09 | U26: =IFERROR(VLOOKUP($I26,'C-02'!$D:$L,6,FALSE),"") -> 3642.17 | V26: =IFERROR(VLOOKUP($I26,'C-02'!$D:$L,7,FALSE),"") -> 3493.9 | W26: =IFERROR(VLOOKUP($I26,'C-02'!$D:$L,8,FALSE),"") -> 4224.13 | X26: =IFERROR(VLOOKUP($I26,'C-02'!$D:$L,9,FALSE),"") -> 5456.83 | Y26: =IFS('Painel Geral'!$B$5="Mediana",IFERROR(IF(OR(J26="",V26=0,V26=""),"",($J26/$V26)),""),'Painel Geral'!$B$5="Menor Salário",IFERROR(IF(OR(J26="",V26=0,V26=""),"",($J26/$S26)),""),'Painel Geral'!$B$5="1º Quartil",IFERROR(IF(OR(J26="",V26=0,V26=""),"",($J26/$T26)),""),'Painel Geral'!$B$5="Média",IFERROR(IF(OR(J26="",V26=0,V26=""),"",($J26/$U26)),""),'Painel Geral'!$B$5="3º Quartil",IFERROR(IF(OR(J26="",V26=0,V26=""),"",($J26/$W26)),""),'Painel Geral'!$B$5="Maior Salário",IFERROR(IF(OR(J26="",V26=0,V26=""),"",($J26/$X26)),"")) -> 0.71243596 | Z26: =IFS(OR(S26="",S26=0,J26="", J26=0),"",Y26<=80%,"Muito Defasado",Y26<=90%,"Defasado",Y26<=100%,"Na Média",Y26<=110%,"Competitivo",Y26<=120%,"Muito Competitivo",Y26>120%,"Agressivo") -> Muito Defasado | AA26: =VLOOKUP(A26,'Cálculos Comparativos'!$A:$E,4,0) -> 1
A27: 1 | B27: 43 | C27: =VLOOKUP(A27,Jobmatch!A:E,2,0) -> Engenheiro de Software Full Stack Jr | D27: =VLOOKUP(B27,'Folha de Pagamento'!B:G,6,0) -> DEV | E27: =VLOOKUP(A27,Jobmatch!A:E,4,0) -> Operacional | F27: =VLOOKUP(A27,Jobmatch!A:F,5,0) -> 1 | G27: =VLOOKUP(A27,Jobmatch!A:G,6,0) -> Desenvolvedor | H27: =VLOOKUP(A27,Jobmatch!A:H,7,0) -> Júnior | I27: =F27&H27 -> 1Júnior | J27: =IFERROR(VLOOKUP(B27,'Folha de Pagamento'!B:I,8,0),"") -> 2489.18 | K27: =IFERROR(VLOOKUP(I27,'C-01'!$D:$L,4,0),"") -> 2030.9 | L27: =IFERROR(VLOOKUP(I27,'C-01'!$D:$L,5,0),"") -> 2706.62 | M27: =IFERROR(VLOOKUP(I27,'C-01'!$D:$L,6,0),"") -> 3370.79 | N27: =IFERROR(VLOOKUP(I27,'C-01'!$D:$L,7,0),"") -> 3379.04 | O27: =IFERROR(VLOOKUP(I27,'C-01'!$D:$L,8,0),"") -> 3870.49 | P27: =IFERROR(VLOOKUP(I27,'C-01'!$D:$L,9,0),"") -> 5268.74 | Q27: =IFS('Painel Geral'!$B$5="Mediana",IFERROR(IF(OR(J27="",N27=0,N27=""),"",($J27/$N27)),""),'Painel Geral'!$B$5="Menor Salário",IFERROR(IF(OR(J27="",N27=0,N27=""),"",($J27/$K27)),""),'Painel Geral'!$B$5="1º Quartil",IFERROR(IF(OR(J27="",N27=0,N27=""),"",($J27/$L27)),""),'Painel Geral'!$B$5="Média",IFERROR(IF(OR(J27="",N27=0,N27=""),"",($J27/$M27)),""),'Painel Geral'!$B$5="3º Quartil",IFERROR(IF(OR(J27="",N27=0,N27=""),"",($J27/$O27)),""),'Painel Geral'!$B$5="Maior Salário",IFERROR(IF(OR(J27="",N27=0,N27=""),"",($J27/$P27)),"")) -> 0.73665301 | R27: =IFS(OR(K27="",K27=0,J27="", J27=0),"",Q27<=80%,"Muito Defasado",Q27<=90%,"Defasado",Q27<=100%,"Na Média",Q27<=110%,"Competitivo",Q27<=120%,"Muito Competitivo",Q27>120%,"Agressivo") -> Muito Defasado | S27: =IFERROR(VLOOKUP($I27,'C-02'!$D:$L,4,0),"") -> 2468.17 | T27: =IFERROR(VLOOKUP($I27,'C-02'!$D:$L,5,FALSE),"") -> 2944.09 | U27: =IFERROR(VLOOKUP($I27,'C-02'!$D:$L,6,FALSE),"") -> 3642.17 | V27: =IFERROR(VLOOKUP($I27,'C-02'!$D:$L,7,FALSE),"") -> 3493.9 | W27: =IFERROR(VLOOKUP($I27,'C-02'!$D:$L,8,FALSE),"") -> 4224.13 | X27: =IFERROR(VLOOKUP($I27,'C-02'!$D:$L,9,FALSE),"") -> 5456.83 | Y27: =IFS('Painel Geral'!$B$5="Mediana",IFERROR(IF(OR(J27="",V27=0,V27=""),"",($J27/$V27)),""),'Painel Geral'!$B$5="Menor Salário",IFERROR(IF(OR(J27="",V27=0,V27=""),"",($J27/$S27)),""),'Painel Geral'!$B$5="1º Quartil",IFERROR(IF(OR(J27="",V27=0,V27=""),"",($J27/$T27)),""),'Painel Geral'!$B$5="Média",IFERROR(IF(OR(J27="",V27=0,V27=""),"",($J27/$U27)),""),'Painel Geral'!$B$5="3º Quartil",IFERROR(IF(OR(J27="",V27=0,V27=""),"",($J27/$W27)),""),'Painel Geral'!$B$5="Maior Salário",IFERROR(IF(OR(J27="",V27=0,V27=""),"",($J27/$X27)),"")) -> 0.71243596 | Z27: =IFS(OR(S27="",S27=0,J27="", J27=0),"",Y27<=80%,"Muito Defasado",Y27<=90%,"Defasado",Y27<=100%,"Na Média",Y27<=110%,"Competitivo",Y27<=120%,"Muito Competitivo",Y27>120%,"Agressivo") -> Muito Defasado | AA27: =VLOOKUP(A27,'Cálculos Comparativos'!$A:$E,4,0) -> 1
... A30: 1 | B30: 4 | C30: =VLOOKUP(A30,Jobmatch!A:E,2,0) -> Engenheiro de Software Full Stack Jr | D30: =VLOOKUP(B30,'Folha de Pagamento'!B:G,6,0) -> DEV | E30: =VLOOKUP(A30,Jobmatch!A:E,4,0) -> Operacional | F30: =VLOOKUP(A30,Jobmatch!A:F,5,0) -> 1 | G30: =VLOOKUP(A30,Jobmatch!A:G,6,0) -> Desenvolvedor | H30: =VLOOKUP(A30,Jobmatch!A:H,7,0) -> Júnior | I30: =F30&H30 -> 1Júnior | J30: =IFERROR(VLOOKUP(B30,'Folha de Pagamento'!B:I,8,0),"") -> 2489.18 | K30: =IFERROR(VLOOKUP(I30,'C-01'!$D:$L,4,0),"") -> 2030.9 | L30: =IFERROR(VLOOKUP(I30,'C-01'!$D:$L,5,0),"") -> 2706.62 | M30: =IFERROR(VLOOKUP(I30,'C-01'!$D:$L,6,0),"") -> 3370.79 | N30: =IFERROR(VLOOKUP(I30,'C-01'!$D:$L,7,0),"") -> 3379.04 | O30: =IFERROR(VLOOKUP(I30,'C-01'!$D:$L,8,0),"") -> 3870.49 | P30: =IFERROR(VLOOKUP(I30,'C-01'!$D:$L,9,0),"") -> 5268.74 | Q30: =IFS('Painel Geral'!$B$5="Mediana",IFERROR(IF(OR(J30="",N30=0,N30=""),"",($J30/$N30)),""),'Painel Geral'!$B$5="Menor Salário",IFERROR(IF(OR(J30="",N30=0,N30=""),"",($J30/$K30)),""),'Painel Geral'!$B$5="1º Quartil",IFERROR(IF(OR(J30="",N30=0,N30=""),"",($J30/$L30)),""),'Painel Geral'!$B$5="Média",IFERROR(IF(OR(J30="",N30=0,N30=""),"",($J30/$M30)),""),'Painel Geral'!$B$5="3º Quartil",IFERROR(IF(OR(J30="",N30=0,N30=""),"",($J30/$O30)),""),'Painel Geral'!$B$5="Maior Salário",IFERROR(IF(OR(J30="",N30=0,N30=""),"",($J30/$P30)),"")) -> 0.73665301 | R30: =IFS(OR(K30="",K30=0,J30="", J30=0),"",Q30<=80%,"Muito Defasado",Q30<=90%,"Defasado",Q30<=100%,"Na Média",Q30<=110%,"Competitivo",Q30<=120%,"Muito Competitivo",Q30>120%,"Agressivo") -> Muito Defasado | S30: =IFERROR(VLOOKUP($I30,'C-02'!$D:$L,4,0),"") -> 2468.17 | T30: =IFERROR(VLOOKUP($I30,'C-02'!$D:$L,5,FALSE),"") -> 2944.09 | U30: =IFERROR(VLOOKUP($I30,'C-02'!$D:$L,6,FALSE),"") -> 3642.17 | V30: =IFERROR(VLOOKUP($I30,'C-02'!$D:$L,7,FALSE),"") -> 3493.9 | W30: =IFERROR(VLOOKUP($I30,'C-02'!$D:$L,8,FALSE),"") -> 4224.13 | X30: =IFERROR(VLOOKUP($I30,'C-02'!$D:$L,9,FALSE),"") -> 5456.83 | Y30: =IFS('Painel Geral'!$B$5="Mediana",IFERROR(IF(OR(J30="",V30=0,V30=""),"",($J30/$V30)),""),'Painel Geral'!$B$5="Menor Salário",IFERROR(IF(OR(J30="",V30=0,V30=""),"",($J30/$S30)),""),'Painel Geral'!$B$5="1º Quartil",IFERROR(IF(OR(J30="",V30=0,V30=""),"",($J30/$T30)),""),'Painel Geral'!$B$5="Média",IFERROR(IF(OR(J30="",V30=0,V30=""),"",($J30/$U30)),""),'Painel Geral'!$B$5="3º Quartil",IFERROR(IF(OR(J30="",V30=0,V30=""),"",($J30/$W30)),""),'Painel Geral'!$B$5="Maior Salário",IFERROR(IF(OR(J30="",V30=0,V30=""),"",($J30/$X30)),"")) -> 0.71243596 | Z30: =IFS(OR(S30="",S30=0,J30="", J30=0),"",Y30<=80%,"Muito Defasado",Y30<=90%,"Defasado",Y30<=100%,"Na Média",Y30<=110%,"Competitivo",Y30<=120%,"Muito Competitivo",Y30>120%,"Agressivo") -> Muito Defasado | AA30: =VLOOKUP(A30,'Cálculos Comparativos'!$A:$E,4,0) -> 1
A31: 1 | B31: 27 | C31: =VLOOKUP(A31,Jobmatch!A:E,2,0) -> Engenheiro de Software Full Stack Jr | D31: =VLOOKUP(B31,'Folha de Pagamento'!B:G,6,0) -> DEV | E31: =VLOOKUP(A31,Jobmatch!A:E,4,0) -> Operacional | F31: =VLOOKUP(A31,Jobmatch!A:F,5,0) -> 1 | G31: =VLOOKUP(A31,Jobmatch!A:G,6,0) -> Desenvolvedor | H31: =VLOOKUP(A31,Jobmatch!A:H,7,0) -> Júnior | I31: =F31&H31 -> 1Júnior | J31: =IFERROR(VLOOKUP(B31,'Folha de Pagamento'!B:I,8,0),"") -> 2489.18 | K31: =IFERROR(VLOOKUP(I31,'C-01'!$D:$L,4,0),"") -> 2030.9 | L31: =IFERROR(VLOOKUP(I31,'C-01'!$D:$L,5,0),"") -> 2706.62 | M31: =IFERROR(VLOOKUP(I31,'C-01'!$D:$L,6,0),"") -> 3370.79 | N31: =IFERROR(VLOOKUP(I31,'C-01'!$D:$L,7,0),"") -> 3379.04 | O31: =IFERROR(VLOOKUP(I31,'C-01'!$D:$L,8,0),"") -> 3870.49 | P31: =IFERROR(VLOOKUP(I31,'C-01'!$D:$L,9,0),"") -> 5268.74 | Q31: =IFS('Painel Geral'!$B$5="Mediana",IFERROR(IF(OR(J31="",N31=0,N31=""),"",($J31/$N31)),""),'Painel Geral'!$B$5="Menor Salário",IFERROR(IF(OR(J31="",N31=0,N31=""),"",($J31/$K31)),""),'Painel Geral'!$B$5="1º Quartil",IFERROR(IF(OR(J31="",N31=0,N31=""),"",($J31/$L31)),""),'Painel Geral'!$B$5="Média",IFERROR(IF(OR(J31="",N31=0,N31=""),"",($J31/$M31)),""),'Painel Geral'!$B$5="3º Quartil",IFERROR(IF(OR(J31="",N31=0,N31=""),"",($J31/$O31)),""),'Painel Geral'!$B$5="Maior Salário",IFERROR(IF(OR(J31="",N31=0,N31=""),"",($J31/$P31)),"")) -> 0.73665301 | R31: =IFS(OR(K31="",K31=0,J31="", J31=0),"",Q31<=80%,"Muito Defasado",Q31<=90%,"Defasado",Q31<=100%,"Na Média",Q31<=110%,"Competitivo",Q31<=120%,"Muito Competitivo",Q31>120%,"Agressivo") -> Muito Defasado | S31: =IFERROR(VLOOKUP($I31,'C-02'!$D:$L,4,0),"") -> 2468.17 | T31: =IFERROR(VLOOKUP($I31,'C-02'!$D:$L,5,FALSE),"") -> 2944.09 | U31: =IFERROR(VLOOKUP($I31,'C-02'!$D:$L,6,FALSE),"") -> 3642.17 | V31: =IFERROR(VLOOKUP($I31,'C-02'!$D:$L,7,FALSE),"") -> 3493.9 | W31: =IFERROR(VLOOKUP($I31,'C-02'!$D:$L,8,FALSE),"") -> 4224.13 | X31: =IFERROR(VLOOKUP($I31,'C-02'!$D:$L,9,FALSE),"") -> 5456.83 | Y31: =IFS('Painel Geral'!$B$5="Mediana",IFERROR(IF(OR(J31="",V31=0,V31=""),"",($J31/$V31)),""),'Painel Geral'!$B$5="Menor Salário",IFERROR(IF(OR(J31="",V31=0,V31=""),"",($J31/$S31)),""),'Painel Geral'!$B$5="1º Quartil",IFERROR(IF(OR(J31="",V31=0,V31=""),"",($J31/$T31)),""),'Painel Geral'!$B$5="Média",IFERROR(IF(OR(J31="",V31=0,V31=""),"",($J31/$U31)),""),'Painel Geral'!$B$5="3º Quartil",IFERROR(IF(OR(J31="",V31=0,V31=""),"",($J31/$W31)),""),'Painel Geral'!$B$5="Maior Salário",IFERROR(IF(OR(J31="",V31=0,V31=""),"",($J31/$X31)),"")) -> 0.71243596 | Z31: =IFS(OR(S31="",S31=0,J31="", J31=0),"",Y31<=80%,"Muito Defasado",Y31<=90%,"Defasado",Y31<=100%,"Na Média",Y31<=110%,"Competitivo",Y31<=120%,"Muito Competitivo",Y31>120%,"Agressivo") -> Muito Defasado
A32: 1 | B32: 381 | C32: =VLOOKUP(A32,Jobmatch!A:E,2,0) -> Engenheiro de Software Full Stack Jr | D32: =VLOOKUP(B32,'Folha de Pagamento'!B:G,6,0) -> DEV | E32: =VLOOKUP(A32,Jobmatch!A:E,4,0) -> Operacional | F32: =VLOOKUP(A32,Jobmatch!A:F,5,0) -> 1 | G32: =VLOOKUP(A32,Jobmatch!A:G,6,0) -> Desenvolvedor | H32: =VLOOKUP(A32,Jobmatch!A:H,7,0) -> Júnior | I32: =F32&H32 -> 1Júnior | J32: =IFERROR(VLOOKUP(B32,'Folha de Pagamento'!B:I,8,0),"") -> 2489.18 | K32: =IFERROR(VLOOKUP(I32,'C-01'!$D:$L,4,0),"") -> 2030.9 | L32: =IFERROR(VLOOKUP(I32,'C-01'!$D:$L,5,0),"") -> 2706.62 | M32: =IFERROR(VLOOKUP(I32,'C-01'!$D:$L,6,0),"") -> 3370.79 | N32: =IFERROR(VLOOKUP(I32,'C-01'!$D:$L,7,0),"") -> 3379.04 | O32: =IFERROR(VLOOKUP(I32,'C-01'!$D:$L,8,0),"") -> 3870.49 | P32: =IFERROR(VLOOKUP(I32,'C-01'!$D:$L,9,0),"") -> 5268.74 | Q32: =IFS('Painel Geral'!$B$5="Mediana",IFERROR(IF(OR(J32="",N32=0,N32=""),"",($J32/$N32)),""),'Painel Geral'!$B$5="Menor Salário",IFERROR(IF(OR(J32="",N32=0,N32=""),"",($J32/$K32)),""),'Painel Geral'!$B$5="1º Quartil",IFERROR(IF(OR(J32="",N32=0,N32=""),"",($J32/$L32)),""),'Painel Geral'!$B$5="Média",IFERROR(IF(OR(J32="",N32=0,N32=""),"",($J32/$M32)),""),'Painel Geral'!$B$5="3º Quartil",IFERROR(IF(OR(J32="",N32=0,N32=""),"",($J32/$O32)),""),'Painel Geral'!$B$5="Maior Salário",IFERROR(IF(OR(J32="",N32=0,N32=""),"",($J32/$P32)),"")) -> 0.73665301 | R32: =IFS(OR(K32="",K32=0,J32="", J32=0),"",Q32<=80%,"Muito Defasado",Q32<=90%,"Defasado",Q32<=100%,"Na Média",Q32<=110%,"Competitivo",Q32<=120%,"Muito Competitivo",Q32>120%,"Agressivo") -> Muito Defasado | S32: =IFERROR(VLOOKUP($I32,'C-02'!$D:$L,4,0),"") -> 2468.17 | T32: =IFERROR(VLOOKUP($I32,'C-02'!$D:$L,5,FALSE),"") -> 2944.09 | U32: =IFERROR(VLOOKUP($I32,'C-02'!$D:$L,6,FALSE),"") -> 3642.17 | V32: =IFERROR(VLOOKUP($I32,'C-02'!$D:$L,7,FALSE),"") -> 3493.9 | W32: =IFERROR(VLOOKUP($I32,'C-02'!$D:$L,8,FALSE),"") -> 4224.13 | X32: =IFERROR(VLOOKUP($I32,'C-02'!$D:$L,9,FALSE),"") -> 5456.83 | Y32: =IFS('Painel Geral'!$B$5="Mediana",IFERROR(IF(OR(J32="",V32=0,V32=""),"",($J32/$V32)),""),'Painel Geral'!$B$5="Menor Salário",IFERROR(IF(OR(J32="",V32=0,V32=""),"",($J32/$S32)),""),'Painel Geral'!$B$5="1º Quartil",IFERROR(IF(OR(J32="",V32=0,V32=""),"",($J32/$T32)),""),'Painel Geral'!$B$5="Média",IFERROR(IF(OR(J32="",V32=0,V32=""),"",($J32/$U32)),""),'Painel Geral'!$B$5="3º Quartil",IFERROR(IF(OR(J32="",V32=0,V32=""),"",($J32/$W32)),""),'Painel Geral'!$B$5="Maior Salário",IFERROR(IF(OR(J32="",V32=0,V32=""),"",($J32/$X32)),"")) -> 0.71243596 | Z32: =IFS(OR(S32="",S32=0,J32="", J32=0),"",Y32<=80%,"Muito Defasado",Y32<=90%,"Defasado",Y32<=100%,"Na Média",Y32<=110%,"Competitivo",Y32<=120%,"Muito Competitivo",Y32>120%,"Agressivo") -> Muito Defasado
A33: 1 | B33: 34 | C33: =VLOOKUP(A33,Jobmatch!A:E,2,0) -> Engenheiro de Software Full Stack Jr | D33: =VLOOKUP(B33,'Folha de Pagamento'!B:G,6,0) -> DEV | E33: =VLOOKUP(A33,Jobmatch!A:E,4,0) -> Operacional | F33: =VLOOKUP(A33,Jobmatch!A:F,5,0) -> 1 | G33: =VLOOKUP(A33,Jobmatch!A:G,6,0) -> Desenvolvedor | H33: =VLOOKUP(A33,Jobmatch!A:H,7,0) -> Júnior | I33: =F33&H33 -> 1Júnior | J33: =IFERROR(VLOOKUP(B33,'Folha de Pagamento'!B:I,8,0),"") -> 2489.18 | K33: =IFERROR(VLOOKUP(I33,'C-01'!$D:$L,4,0),"") -> 2030.9 | L33: =IFERROR(VLOOKUP(I33,'C-01'!$D:$L,5,0),"") -> 2706.62 | M33: =IFERROR(VLOOKUP(I33,'C-01'!$D:$L,6,0),"") -> 3370.79 | N33: =IFERROR(VLOOKUP(I33,'C-01'!$D:$L,7,0),"") -> 3379.04 | O33: =IFERROR(VLOOKUP(I33,'C-01'!$D:$L,8,0),"") -> 3870.49 | P33: =IFERROR(VLOOKUP(I33,'C-01'!$D:$L,9,0),"") -> 5268.74 | Q33: =IFS('Painel Geral'!$B$5="Mediana",IFERROR(IF(OR(J33="",N33=0,N33=""),"",($J33/$N33)),""),'Painel Geral'!$B$5="Menor Salário",IFERROR(IF(OR(J33="",N33=0,N33=""),"",($J33/$K33)),""),'Painel Geral'!$B$5="1º Quartil",IFERROR(IF(OR(J33="",N33=0,N33=""),"",($J33/$L33)),""),'Painel Geral'!$B$5="Média",IFERROR(IF(OR(J33="",N33=0,N33=""),"",($J33/$M33)),""),'Painel Geral'!$B$5="3º Quartil",IFERROR(IF(OR(J33="",N33=0,N33=""),"",($J33/$O33)),""),'Painel Geral'!$B$5="Maior Salário",IFERROR(IF(OR(J33="",N33=0,N33=""),"",($J33/$P33)),"")) -> 0.73665301 | R33: =IFS(OR(K33="",K33=0,J33="", J33=0),"",Q33<=80%,"Muito Defasado",Q33<=90%,"Defasado",Q33<=100%,"Na Média",Q33<=110%,"Competitivo",Q33<=120%,"Muito Competitivo",Q33>120%,"Agressivo") -> Muito Defasado | S33: =IFERROR(VLOOKUP($I33,'C-02'!$D:$L,4,0),"") -> 2468.17 | T33: =IFERROR(VLOOKUP($I33,'C-02'!$D:$L,5,FALSE),"") -> 2944.09 | U33: =IFERROR(VLOOKUP($I33,'C-02'!$D:$L,6,FALSE),"") -> 3642.17 | V33: =IFERROR(VLOOKUP($I33,'C-02'!$D:$L,7,FALSE),"") -> 3493.9 | W33: =IFERROR(VLOOKUP($I33,'C-02'!$D:$L,8,FALSE),"") -> 4224.13 | X33: =IFERROR(VLOOKUP($I33,'C-02'!$D:$L,9,FALSE),"") -> 5456.83 | Y33: =IFS('Painel Geral'!$B$5="Mediana",IFERROR(IF(OR(J33="",V33=0,V33=""),"",($J33/$V33)),""),'Painel Geral'!$B$5="Menor Salário",IFERROR(IF(OR(J33="",V33=0,V33=""),"",($J33/$S33)),""),'Painel Geral'!$B$5="1º Quartil",IFERROR(IF(OR(J33="",V33=0,V33=""),"",($J33/$T33)),""),'Painel Geral'!$B$5="Média",IFERROR(IF(OR(J33="",V33=0,V33=""),"",($J33/$U33)),""),'Painel Geral'!$B$5="3º Quartil",IFERROR(IF(OR(J33="",V33=0,V33=""),"",($J33/$W33)),""),'Painel Geral'!$B$5="Maior Salário",IFERROR(IF(OR(J33="",V33=0,V33=""),"",($J33/$X33)),"")) -> 0.71243596 | Z33: =IFS(OR(S33="",S33=0,J33="", J33=0),"",Y33<=80%,"Muito Defasado",Y33<=90%,"Defasado",Y33<=100%,"Na Média",Y33<=110%,"Competitivo",Y33<=120%,"Muito Competitivo",Y33>120%,"Agressivo") -> Muito Defasado
A34: 4 | B34: 33 | C34: =VLOOKUP(A34,Jobmatch!A:E,2,0) -> Analista de Requisitos | D34: =VLOOKUP(B34,'Folha de Pagamento'!B:G,6,0) -> DEV | E34: =VLOOKUP(A34,Jobmatch!A:E,4,0) -> Operacional | F34: =VLOOKUP(A34,Jobmatch!A:F,5,0) -> 796 | G34: =VLOOKUP(A34,Jobmatch!A:G,6,0) -> Analista de Requisitos | H34: =VLOOKUP(A34,Jobmatch!A:H,7,0) -> Júnior | I34: =F34&H34 -> 796Júnior | J34: =IFERROR(VLOOKUP(B34,'Folha de Pagamento'!B:I,8,0),"") -> 2489.18 | K34: =IFERROR(VLOOKUP(I34,'C-01'!$D:$L,4,0),"") -> 2626.68 | L34: =IFERROR(VLOOKUP(I34,'C-01'!$D:$L,5,0),"") -> 3508.61 | M34: =IFERROR(VLOOKUP(I34,'C-01'!$D:$L,6,0),"") -> 4174.12 | N34: =IFERROR(VLOOKUP(I34,'C-01'!$D:$L,7,0),"") -> 3618.72 | O34: =IFERROR(VLOOKUP(I34,'C-01'!$D:$L,8,0),"") -> 5081.15 | P34: =IFERROR(VLOOKUP(I34,'C-01'!$D:$L,9,0),"") -> 5977.75 | Q34: =IFS('Painel Geral'!$B$5="Mediana",IFERROR(IF(OR(J34="",N34=0,N34=""),"",($J34/$N34)),""),'Painel Geral'!$B$5="Menor Salário",IFERROR(IF(OR(J34="",N34=0,N34=""),"",($J34/$K34)),""),'Painel Geral'!$B$5="1º Quartil",IFERROR(IF(OR(J34="",N34=0,N34=""),"",($J34/$L34)),""),'Painel Geral'!$B$5="Média",IFERROR(IF(OR(J34="",N34=0,N34=""),"",($J34/$M34)),""),'Painel Geral'!$B$5="3º Quartil",IFERROR(IF(OR(J34="",N34=0,N34=""),"",($J34/$O34)),""),'Painel Geral'!$B$5="Maior Salário",IFERROR(IF(OR(J34="",N34=0,N34=""),"",($J34/$P34)),"")) -> 0.68786201 | R34: =IFS(OR(K34="",K34=0,J34="", J34=0),"",Q34<=80%,"Muito Defasado",Q34<=90%,"Defasado",Q34<=100%,"Na Média",Q34<=110%,"Competitivo",Q34<=120%,"Muito Competitivo",Q34>120%,"Agressivo") -> Muito Defasado | S34: =IFERROR(VLOOKUP($I34,'C-02'!$D:$L,4,0),"") -> 0 | T34: =IFERROR(VLOOKUP($I34,'C-02'!$D:$L,5,FALSE),"") -> 0 | U34: =IFERROR(VLOOKUP($I34,'C-02'!$D:$L,6,FALSE),"") -> 0 | V34: =IFERROR(VLOOKUP($I34,'C-02'!$D:$L,7,FALSE),"") -> 0 | W34: =IFERROR(VLOOKUP($I34,'C-02'!$D:$L,8,FALSE),"") -> 0 | X34: =IFERROR(VLOOKUP($I34,'C-02'!$D:$L,9,FALSE),"") -> 0 | Y34: =IFS('Painel Geral'!$B$5="Mediana",IFERROR(IF(OR(J34="",V34=0,V34=""),"",($J34/$V34)),""),'Painel Geral'!$B$5="Menor Salário",IFERROR(IF(OR(J34="",V34=0,V34=""),"",($J34/$S34)),""),'Painel Geral'!$B$5="1º Quartil",IFERROR(IF(OR(J34="",V34=0,V34=""),"",($J34/$T34)),""),'Painel Geral'!$B$5="Média",IFERROR(IF(OR(J34="",V34=0,V34=""),"",($J34/$U34)),""),'Painel Geral'!$B$5="3º Quartil",IFERROR(IF(OR(J34="",V34=0,V34=""),"",($J34/$W34)),""),'Painel Geral'!$B$5="Maior Salário",IFERROR(IF(OR(J34="",V34=0,V34=""),"",($J34/$X34)),"")) | Z34: =IFS(OR(S34="",S34=0,J34="", J34=0),"",Y34<=80%,"Muito Defasado",Y34<=90%,"Defasado",Y34<=100%,"Na Média",Y34<=110%,"Competitivo",Y34<=120%,"Muito Competitivo",Y34>120%,"Agressivo")
A35: 4 | B35: 49 | C35: =VLOOKUP(A35,Jobmatch!A:E,2,0) -> Analista de Requisitos | D35: =VLOOKUP(B35,'Folha de Pagamento'!B:G,6,0) -> DEV | E35: =VLOOKUP(A35,Jobmatch!A:E,4,0) -> Operacional | F35: =VLOOKUP(A35,Jobmatch!A:F,5,0) -> 796 | G35: =VLOOKUP(A35,Jobmatch!A:G,6,0) -> Analista de Requisitos | H35: =VLOOKUP(A35,Jobmatch!A:H,7,0) -> Júnior | I35: =F35&H35 -> 796Júnior | J35: =IFERROR(VLOOKUP(B35,'Folha de Pagamento'!B:I,8,0),"") -> 3229.2 | K35: =IFERROR(VLOOKUP(I35,'C-01'!$D:$L,4,0),"") -> 2626.68 | L35: =IFERROR(VLOOKUP(I35,'C-01'!$D:$L,5,0),"") -> 3508.61 | M35: =IFERROR(VLOOKUP(I35,'C-01'!$D:$L,6,0),"") -> 4174.12 | N35: =IFERROR(VLOOKUP(I35,'C-01'!$D:$L,7,0),"") -> 3618.72 | O35: =IFERROR(VLOOKUP(I35,'C-01'!$D:$L,8,0),"") -> 5081.15 | P35: =IFERROR(VLOOKUP(I35,'C-01'!$D:$L,9,0),"") -> 5977.75 | Q35: =IFS('Painel Geral'!$B$5="Mediana",IFERROR(IF(OR(J35="",N35=0,N35=""),"",($J35/$N35)),""),'Painel Geral'!$B$5="Menor Salário",IFERROR(IF(OR(J35="",N35=0,N35=""),"",($J35/$K35)),""),'Painel Geral'!$B$5="1º Quartil",IFERROR(IF(OR(J35="",N35=0,N35=""),"",($J35/$L35)),""),'Painel Geral'!$B$5="Média",IFERROR(IF(OR(J35="",N35=0,N35=""),"",($J35/$M35)),""),'Painel Geral'!$B$5="3º Quartil",IFERROR(IF(OR(J35="",N35=0,N35=""),"",($J35/$O35)),""),'Painel Geral'!$B$5="Maior Salário",IFERROR(IF(OR(J35="",N35=0,N35=""),"",($J35/$P35)),"")) -> 0.89235973 | R35: =IFS(OR(K35="",K35=0,J35="", J35=0),"",Q35<=80%,"Muito Defasado",Q35<=90%,"Defasado",Q35<=100%,"Na Média",Q35<=110%,"Competitivo",Q35<=120%,"Muito Competitivo",Q35>120%,"Agressivo") -> Defasado | S35: =IFERROR(VLOOKUP($I35,'C-02'!$D:$L,4,0),"") -> 0 | T35: =IFERROR(VLOOKUP($I35,'C-02'!$D:$L,5,FALSE),"") -> 0 | U35: =IFERROR(VLOOKUP($I35,'C-02'!$D:$L,6,FALSE),"") -> 0 | V35: =IFERROR(VLOOKUP($I35,'C-02'!$D:$L,7,FALSE),"") -> 0 | W35: =IFERROR(VLOOKUP($I35,'C-02'!$D:$L,8,FALSE),"") -> 0 | X35: =IFERROR(VLOOKUP($I35,'C-02'!$D:$L,9,FALSE),"") -> 0 | Y35: =IFS('Painel Geral'!$B$5="Mediana",IFERROR(IF(OR(J35="",V35=0,V35=""),"",($J35/$V35)),""),'Painel Geral'!$B$5="Menor Salário",IFERROR(IF(OR(J35="",V35=0,V35=""),"",($J35/$S35)),""),'Painel Geral'!$B$5="1º Quartil",IFERROR(IF(OR(J35="",V35=0,V35=""),"",($J35/$T35)),""),'Painel Geral'!$B$5="Média",IFERROR(IF(OR(J35="",V35=0,V35=""),"",($J35/$U35)),""),'Painel Geral'!$B$5="3º Quartil",IFERROR(IF(OR(J35="",V35=0,V35=""),"",($J35/$W35)),""),'Painel Geral'!$B$5="Maior Salário",IFERROR(IF(OR(J35="",V35=0,V35=""),"",($J35/$X35)),"")) | Z35: =IFS(OR(S35="",S35=0,J35="", J35=0),"",Y35<=80%,"Muito Defasado",Y35<=90%,"Defasado",Y35<=100%,"Na Média",Y35<=110%,"Competitivo",Y35<=120%,"Muito Competitivo",Y35>120%,"Agressivo")
A36: 5 | B36: 3 | C36: =VLOOKUP(A36,Jobmatch!A:E,2,0) -> Lider | D36: =VLOOKUP(B36,'Folha de Pagamento'!B:G,6,0) -> DEV | E36: =VLOOKUP(A36,Jobmatch!A:E,4,0) -> Estratégico | F36: =VLOOKUP(A36,Jobmatch!A:F,5,0) -> 1016 | G36: =VLOOKUP(A36,Jobmatch!A:G,6,0) -> Líder Técnico | H36: =VLOOKUP(A36,Jobmatch!A:H,7,0) -> Indiferente | I36: =F36&H36 -> 1016Indiferente | J36: =IFERROR(VLOOKUP(B36,'Folha de Pagamento'!B:I,8,0),"") -> 8611.2 | K36: =IFERROR(VLOOKUP(I36,'C-01'!$D:$L,4,0),"") -> 5639.53 | L36: =IFERROR(VLOOKUP(I36,'C-01'!$D:$L,5,0),"") -> 7452.03 | M36: =IFERROR(VLOOKUP(I36,'C-01'!$D:$L,6,0),"") -> 8919.44 | N36: =IFERROR(VLOOKUP(I36,'C-01'!$D:$L,7,0),"") -> 8929.22 | O36: =IFERROR(VLOOKUP(I36,'C-01'!$D:$L,8,0),"") -> 10057.47 | P36: =IFERROR(VLOOKUP(I36,'C-01'!$D:$L,9,0),"") -> 12817.68 | Q36: =IFS('Painel Geral'!$B$5="Mediana",IFERROR(IF(OR(J36="",N36=0,N36=""),"",($J36/$N36)),""),'Painel Geral'!$B$5="Menor Salário",IFERROR(IF(OR(J36="",N36=0,N36=""),"",($J36/$K36)),""),'Painel Geral'!$B$5="1º Quartil",IFERROR(IF(OR(J36="",N36=0,N36=""),"",($J36/$L36)),""),'Painel Geral'!$B$5="Média",IFERROR(IF(OR(J36="",N36=0,N36=""),"",($J36/$M36)),""),'Painel Geral'!$B$5="3º Quartil",IFERROR(IF(OR(J36="",N36=0,N36=""),"",($J36/$O36)),""),'Painel Geral'!$B$5="Maior Salário",IFERROR(IF(OR(J36="",N36=0,N36=""),"",($J36/$P36)),"")) -> 0.96438435 | R36: =IFS(OR(K36="",K36=0,J36="", J36=0),"",Q36<=80%,"Muito Defasado",Q36<=90%,"Defasado",Q36<=100%,"Na Média",Q36<=110%,"Competitivo",Q36<=120%,"Muito Competitivo",Q36>120%,"Agressivo") -> Na Média | S36: =IFERROR(VLOOKUP($I36,'C-02'!$D:$L,4,0),"") -> 5288.93 | T36: =IFERROR(VLOOKUP($I36,'C-02'!$D:$L,5,FALSE),"") -> 7107.92 | U36: =IFERROR(VLOOKUP($I36,'C-02'!$D:$L,6,FALSE),"") -> 8904.46 | V36: =IFERROR(VLOOKUP($I36,'C-02'!$D:$L,7,FALSE),"") -> 9047.66 | W36: =IFERROR(VLOOKUP($I36,'C-02'!$D:$L,8,FALSE),"") -> 10074.15 | X36: =IFERROR(VLOOKUP($I36,'C-02'!$D:$L,9,FALSE),"") -> 12817.68 | Y36: =IFS('Painel Geral'!$B$5="Mediana",IFERROR(IF(OR(J36="",V36=0,V36=""),"",($J36/$V36)),""),'Painel Geral'!$B$5="Menor Salário",IFERROR(IF(OR(J36="",V36=0,V36=""),"",($J36/$S36)),""),'Painel Geral'!$B$5="1º Quartil",IFERROR(IF(OR(J36="",V36=0,V36=""),"",($J36/$T36)),""),'Painel Geral'!$B$5="Média",IFERROR(IF(OR(J36="",V36=0,V36=""),"",($J36/$U36)),""),'Painel Geral'!$B$5="3º Quartil",IFERROR(IF(OR(J36="",V36=0,V36=""),"",($J36/$W36)),""),'Painel Geral'!$B$5="Maior Salário",IFERROR(IF(OR(J36="",V36=0,V36=""),"",($J36/$X36)),"")) -> 0.9517599 | Z36: =IFS(OR(S36="",S36=0,J36="", J36=0),"",Y36<=80%,"Muito Defasado",Y36<=90%,"Defasado",Y36<=100%,"Na Média",Y36<=110%,"Competitivo",Y36<=120%,"Muito Competitivo",Y36>120%,"Agressivo") -> Na Média
